S,algo,outer_iter,wall_time_sec,decision,rho,lambda_linf,alpha,tau,tau_k,inner_lb,inner_ub,best_dual_lb,primal_dual_cert_gap,candidate_gap_raw,raw_cert_rel_gap,cert_rel_gap_target,inner_rnc_iters,inner_eval_calls,num_rnc_samples,num_rnc_kept_cuts,eps_in_t,inner_closure_status,inner_achieved_gap,inner_effective_eps,primal_obj,last_candidate_obj,feas_gap_l1,candidate_is_feasible,z,stop_reached,p2_online_audit_count,p2_audited_ub,p2_certified_lb,p2_certified_gap,p2_certified_rel_gap,solver_calls_total,solver_calls_lp,solver_calls_milp,solver_time_sec
120,P2_Sun_Alg32,1,9.107285000034608,CONTINUE,0.01,0.0,1.2149601051315249e-05,1.0,1.0,-71922.6271086383,-71922.61581690505,-71922.6271086383,inf,-581.9887082667556,inf,0.0005,13,13,13,13,0.01,NUMERICAL_CLOSURE_LIMIT,0.011291733258985914,0.011291733258985914,-72504.61581690506,-72504.61581690506,58200.0,0,"(2, 0, 6, 0, 0, 1, 0, 0, 0)",0,1,-24364.987499672287,-71922.6271086383,47557.63960896602,1.9518844247141796,1574,0,1574,0.8030006885528564
120,P2_Sun_Alg32,2,10.494152100058272,CONTINUE,0.7171067811865475,0.002393471407109104,1.1259662120804895e-05,1.0,0.5,-35034.325726882096,-35034.304576931936,-35034.325726882096,inf,-22582.73772964679,inf,0.0005,14,14,14,14,0.01,NUMERICAL_CLOSURE_LIMIT,0.021149950160179287,0.021149950160179287,-57617.063456528886,-57617.063456528886,31400.0,0,"(2, 0, 6, 0, 0, 1, 0, 0, 0)",0,1,-24364.987499672287,-35034.325726882096,10669.33822720981,0.4378963144287808,3269,0,3269,3.4449996948242188
120,P2_Sun_Alg32,3,16.44851200003177,CONTINUE,1.0706601717798212,0.004611624844907668,3.485688559531437e-05,1.0,0.3333333333333333,-29772.208565168086,-29772.182473319463,-29772.208565168086,inf,-7262.065809820506,inf,0.0005,18,18,18,18,0.01,NUMERICAL_CLOSURE_LIMIT,0.026091848623764236,0.026091848623764236,-37034.27437498859,-37034.27437498859,6762.0,0,"(4, 1, 3, 0, 0, 0, 0, 0, 0)",0,2,-26188.36464897643,-29772.208565168086,3583.8439161916576,0.13684870988428566,5448,0,5448,10.952999353408813
120,P2_Sun_Alg32,4,25.99199160002172,CONTINUE,1.3063624321753369,0.007382747249735161,5.0392444497330925e-05,1.0,0.25,-28602.97879700316,-28602.949407883756,-28602.97879700316,inf,-4598.5221313389775,inf,0.0005,36,36,36,36,0.01,NUMERICAL_CLOSURE_LIMIT,0.0293891194050957,0.0293891194050957,-33201.50092834214,-33201.50092834214,3508.0,0,"(4, 1, 3, 0, 0, 0, 0, 0, 0)",0,2,-26188.36464897643,-28602.97879700316,2414.6141480267324,0.0922017919175838,9805,0,9805,33.833003997802734
120,P2_Sun_Alg32,5,40.95320460002404,CONTINUE,1.4831391274719739,0.00977638836335838,8.86098723291413e-05,1.0,0.2,-28179.678137670933,-28179.646274777184,-28179.678137670933,inf,-2374.8660329966006,inf,0.0005,42,42,42,42,0.01,NUMERICAL_CLOSURE_LIMIT,0.031862893749348586,0.031862893749348586,-30554.544170667534,-30554.544170667534,1596.0,0,"(4, 1, 3, 0, 0, 0, 0, 0, 0)",0,2,-26188.36464897643,-28179.678137670933,1991.3134886945045,0.07603809994956424,14888,0,14888,69.34600138664246
120,P2_Sun_Alg32,6,65.54348790005315,CONTINUE,1.6245604837092833,0.013985357298992591,0.0001192825204430748,1.0,0.16666666666666666,-27994.903785321447,-27994.86994270695,-27994.903785321447,inf,-1609.334283399152,inf,0.0005,50,50,50,50,0.01,NUMERICAL_CLOSURE_LIMIT,0.03384261449537007,0.03384261449537007,-29604.2380687206,-29604.2380687206,988.0,0,"(4, 1, 3, 0, 0, 0, 0, 0, 0)",0,2,-26188.36464897643,-27994.903785321447,1806.539136345018,0.06898251038426817,20939,0,20939,121.8370132446289
120,P2_Sun_Alg32,7,93.80890149995685,CONTINUE,1.7424116139070411,0.015797791869078915,0.00013904370881654654,1.0,0.14285714285714285,-27892.95392093533,-27892.91842822909,-27892.95392093533,inf,-1268.0100205934323,inf,0.0005,52,52,52,52,0.01,NUMERICAL_CLOSURE_LIMIT,0.03549270623989287,0.03549270623989287,-29160.963941528764,-29160.963941528764,726.5,0,"(4, 1, 3, 0, 0, 0, 0, 0, 0)",0,2,-26188.36464897643,-27892.95392093533,1704.5892719589028,0.06508956533967945,27232,0,27232,179.61800241470337
120,P2_Sun_Alg32,8,121.48473400005605,CONTINUE,1.843426868362262,0.01622352780995601,0.00013311498139806992,1.0,0.125,-27822.437347074007,-27822.40043964705,-27822.437347074007,inf,-1226.187928095842,inf,0.0005,50,50,50,50,0.01,NUMERICAL_CLOSURE_LIMIT,0.0369074269583507,0.0369074269583507,-29048.62527516985,-29048.62527516985,664.0,0,"(4, 1, 3, 0, 0, 0, 0, 0, 0)",0,2,-26188.36464897643,-27822.437347074007,1634.0726980975778,0.06239689724808553,33283,0,33283,236.66600561141968
120,P2_Sun_Alg32,9,152.99369889998343,CONTINUE,1.9318152160105806,0.018952384928616443,0.00012560738630190024,1.0,0.1111111111111111,-27765.201394898282,-27765.163226351673,-27765.201394898282,inf,-1210.3235451479013,inf,0.0005,52,52,52,52,0.01,NUMERICAL_CLOSURE_LIMIT,0.03816854660908575,0.03816854660908575,-28975.524940046183,-28975.524940046183,625.5,0,"(4, 1, 3, 0, 0, 0, 0, 0, 0)",0,2,-26188.36464897643,-27765.201394898282,1576.8367459218534,0.0602113483242446,39576,0,39576,298.6750178337097
120,P2_Sun_Alg32,10,187.39918770000804,CONTINUE,2.010382636142419,0.021527336347805397,0.00012066668620930844,1.0,0.1,-27718.198582870635,-27718.159337065368,-27718.198582870635,inf,-1179.7581008396774,inf,0.0005,52,52,52,52,0.01,NUMERICAL_CLOSURE_LIMIT,0.039245805266546085,0.039245805266546085,-28897.956683710312,-28897.956683710312,586.0,0,"(4, 1, 3, 0, 0, 0, 0, 0, 0)",0,2,-26188.36464897643,-27718.198582870635,1529.833933894206,0.05841655080031886,45869,0,45869,365.1760160923004
120,P2_Sun_Alg32,11,230.13384500006214,CONTINUE,2.0810933142610737,0.021527336347805397,0.00011150465681408933,1.0,0.09090909090909091,-27676.90120020182,-27676.8609639747,-27676.90120020182,inf,-1201.4684906034236,inf,0.0005,54,54,54,54,0.01,NUMERICAL_CLOSURE_LIMIT,0.040236227119748946,0.040236227119748946,-28878.369690805244,-28878.369690805244,576.5,0,"(4, 1, 3, 0, 0, 0, 0, 0, 0)",0,2,-26188.36464897643,-27676.90120020182,1488.536551225392,0.056839614507337,52404,0,52404,441.2520098686218
120,P2_Sun_Alg32,12,277.25947240006644,CONTINUE,2.1453757489143963,0.021527336347805397,0.00010569608089485014,1.0,0.08333333333333333,-27640.280620172387,-27640.2394835576,-27640.280620172387,inf,-1197.842946760924,inf,0.0005,56,56,56,56,0.01,NUMERICAL_CLOSURE_LIMIT,0.04113661478550057,0.04113661478550057,-28838.12356693331,-28838.12356693331,557.5,0,"(4, 1, 3, 0, 0, 0, 0, 0, 0)",0,2,-26188.36464897643,-27640.280620172387,1451.9159711959583,0.05544126144022919,59181,0,59181,523.9780061244965
120,P2_Sun_Alg32,13,328.670189699973,CONTINUE,2.2043013140132754,0.021527336347805397,9.774093319324728e-05,1.0,0.07692307692307693,-27607.34725924974,-27607.305297298,-27607.34725924974,inf,-1228.5879657832666,inf,0.0005,57,57,57,57,0.01,NUMERICAL_CLOSURE_LIMIT,0.04196195173790329,0.04196195173790329,-28835.935225033005,-28835.935225033005,556.5,0,"(4, 1, 3, 0, 0, 0, 0, 0, 0)",0,2,-26188.36464897643,-27607.34725924974,1418.9826102733095,0.054183704453984315,66079,0,66079,612.5950055122375
120,P2_Sun_Alg32,14,387.4068716999609,CONTINUE,2.2586941433353176,0.021527336347805397,9.075943796515817e-05,1.0,0.07142857142857142,-27576.98488837013,-27576.942164569882,-27576.98488837013,inf,-1258.9503366628742,inf,0.0005,58,58,58,58,0.01,NUMERICAL_CLOSURE_LIMIT,0.042723800248495536,0.042723800248495536,-28835.935225033005,-28835.935225033005,556.5,0,"(4, 1, 3, 0, 0, 0, 0, 0, 0)",0,2,-26188.36464897643,-27576.98488837013,1388.620239393702,0.053024320457061305,73098,0,73098,708.3200116157532
120,P2_Sun_Alg32,15,442.17577390000224,CONTINUE,2.309201770562928,0.021527336347805397,8.470880876748097e-05,1.0,0.06666666666666667,-27548.791085637193,-27548.74765440657,-27548.791085637193,inf,-1287.144139395812,inf,0.0005,58,58,58,58,0.01,NUMERICAL_CLOSURE_LIMIT,0.04343123062426457,0.04343123062426457,-28835.935225033005,-28835.935225033005,556.5,0,"(4, 1, 3, 0, 0, 0, 0, 0, 0)",0,2,-26188.36464897643,-27548.791085637193,1360.426436660764,0.051947743010899924,80117,0,80117,800.4620141983032
120,P2_Sun_Alg32,16,502.55940729996655,CONTINUE,2.356342222642031,0.021527336347805397,7.941450821951341e-05,1.0,0.0625,-27522.47703478049,-27522.432943281336,-27522.47703478049,inf,-1313.4581902525133,inf,0.0005,58,58,58,58,0.01,NUMERICAL_CLOSURE_LIMIT,0.04409149915591115,0.04409149915591115,-28835.935225033005,-28835.935225033005,556.5,0,"(4, 1, 3, 0, 0, 0, 0, 0, 0)",0,2,-26188.36464897643,-27522.47703478049,1334.1123858040628,0.050942943696035886,87136,0,87136,897.6880307197571
120,P2_Sun_Alg32,17,569.2691831999691,CONTINUE,2.4005363964661903,0.021527336347805397,7.474306655954203e-05,1.0,0.058823529411764705,-27497.807457389346,-27497.76274688843,-27497.807457389346,inf,-1338.1277676436584,inf,0.0005,59,59,59,59,0.01,NUMERICAL_CLOSURE_LIMIT,0.044710500915243756,0.044710500915243756,-28835.935225033005,-28835.935225033005,556.5,0,"(4, 1, 3, 0, 0, 0, 0, 0, 0)",0,2,-26188.36464897643,-27497.807457389346,1309.4428084129177,0.050000938430651384,94276,0,94276,1001.6260352134705
120,P2_Sun_Alg32,18,625.4843079999555,CONTINUE,2.4421309130065754,0.021527336347805397,7.110173767587204e-05,1.0,0.05555555555555555,-27474.597762912756,-27474.552469821945,-27474.597762912756,inf,-1351.5335684562633,inf,0.0005,59,59,59,59,0.01,NUMERICAL_CLOSURE_LIMIT,0.0452930908104463,0.0452930908104463,-28826.13133136902,-28826.13133136902,552.5,0,"(4, 1, 3, 0, 0, 0, 0, 0, 0)",0,2,-26188.36464897643,-27474.597762912756,1286.2331139363268,0.04911467864361661,101416,0,101416,1095.147050857544
120,P2_Sun_Alg32,19,676.3626332000131,CONTINUE,2.4814146230724945,0.021527336347805397,6.785076823744638e-05,1.0,0.05263157894736842,-27452.90163976811,-27452.855796443484,-27452.90163976811,inf,-1363.3320524677583,inf,0.0005,61,61,61,61,0.01,NUMERICAL_CLOSURE_LIMIT,0.04584332462763996,0.04584332462763996,-28816.23369223587,-28816.23369223587,548.5,0,"(4, 1, 3, 0, 0, 0, 0, 0, 0)",0,2,-26188.36464897643,-27452.90163976811,1264.536990791683,0.04828621442160602,108798,0,108798,1177.9780366420746
120,P2_Sun_Alg32,20,725.1739593000384,CONTINUE,2.5186307694507337,0.021527336347805397,6.505122182028956e-05,1.0,0.05,-27432.51227498529,-27432.465910377257,-27432.51227498529,inf,-1371.206393945682,inf,0.0005,61,61,61,61,0.01,NUMERICAL_CLOSURE_LIMIT,0.046364608031581156,0.046364608031581156,-28803.71866893097,-28803.71866893097,543.5,0,"(4, 1, 3, 0, 0, 0, 0, 0, 0)",0,2,-26188.36464897643,-27432.51227498529,1244.1476260088602,0.04750764863271016,116180,0,116180,1258.1380305290222
120,P2_Sun_Alg32,21,778.9793003000086,CONTINUE,2.553986108510061,0.021527336347805397,6.195354459075195e-05,1.0,0.047619047619047616,-27413.237052354907,-27413.190192532362,-27413.237052354907,inf,-1390.481616576064,inf,0.0005,61,61,61,61,0.01,NUMERICAL_CLOSURE_LIMIT,0.04685982254522969,0.04685982254522969,-28803.71866893097,-28803.71866893097,543.5,0,"(4, 1, 3, 0, 0, 0, 0, 0, 0)",0,2,-26188.36464897643,-27413.237052354907,1224.8724033784783,0.04677162624686274,123562,0,123562,1343.1070306301117
120,P2_Sun_Alg32,22,837.3318937000586,CONTINUE,2.5876578599951348,0.021527336347805397,5.957593573060473e-05,1.0,0.045454545454545456,-27394.972030286666,-27394.92469883075,-27394.972030286666,inf,-1398.477871258241,inf,0.0005,63,63,63,63,0.01,NUMERICAL_CLOSURE_LIMIT,0.04733145591671928,0.04733145591671928,-28793.449901544907,-28793.449901544907,539.5,0,"(4, 1, 3, 0, 0, 0, 0, 0, 0)",0,2,-26188.36464897643,-27394.972030286666,1206.6073813102375,0.046074178265170816,131187,0,131187,1433.3860387802124
120,P2_Sun_Alg32,23,905.9056106000207,CONTINUE,2.619799077321796,0.021527336347805397,5.74113409805178e-05,1.0,0.043478260869565216,-27377.598054003563,-27377.55027235581,-27377.598054003563,inf,-1405.3855844793798,inf,0.0005,65,65,65,65,0.01,NUMERICAL_CLOSURE_LIMIT,0.047781647754163714,0.047781647754163714,-28782.983638482943,-28782.983638482943,535.5,0,"(4, 1, 3, 0, 0, 0, 0, 0, 0)",0,2,-26188.36464897643,-27377.598054003563,1189.2334050271347,0.04541075477477804,139054,0,139054,1534.649032831192
120,P2_Sun_Alg32,24,973.2698775000172,CONTINUE,2.6505428504168633,0.021527336347805397,5.564264881858258e-05,1.0,0.041666666666666664,-27361.199620503587,-27361.151408240483,-27361.199620503587,inf,-1405.9789858979966,inf,0.0005,66,66,66,66,0.01,NUMERICAL_CLOSURE_LIMIT,0.04821226310377824,0.04821226310377824,-28767.178606401583,-28767.178606401583,529.5,0,"(4, 1, 3, 0, 0, 0, 0, 0, 0)",0,2,-26188.36464897643,-27361.199620503587,1172.834971527158,0.044784582284827706,147042,0,147042,1636.6130385398865
120,P2_Sun_Alg32,25,1036.7653150999686,CONTINUE,2.680005632966303,0.021527336347805397,5.341694286583928e-05,1.0,0.04,-27345.54942533851,-27345.500800407277,-27345.54942533851,inf,-1421.6291810630719,inf,0.0005,66,66,66,66,0.01,NUMERICAL_CLOSURE_LIMIT,0.048624931234371616,0.048624931234371616,-28767.178606401583,-28767.178606401583,529.5,0,"(4, 1, 3, 0, 0, 0, 0, 0, 0)",0,2,-26188.36464897643,-27345.54942533851,1157.1847763620826,0.04418698119843505,155030,0,155030,1733.6430497169495
120,P2_Sun_Alg32,26,1099.0853281000163,CONTINUE,2.708289904213765,0.021527336347805397,5.150836110041867e-05,1.0,0.038461538461538464,-27330.54729646173,-27330.49827536906,-27330.54729646173,inf,-1432.5873157947717,inf,0.0005,66,66,66,66,0.01,NUMERICAL_CLOSURE_LIMIT,0.049021092669136124,0.049021092669136124,-28763.1346122565,-28763.1346122565,528.0,0,"(4, 1, 3, 0, 0, 0, 0, 0, 0)",0,2,-26188.36464897643,-27330.54729646173,1142.1826474853005,0.04361412645634376,163018,0,163018,1830.6390483379364
120,P2_Sun_Alg32,27,1162.5422972999513,CONTINUE,2.735486318874786,0.021527336347805397,4.960064402262538e-05,1.0,0.037037037037037035,-27316.141690182485,-27316.092288165593,-27316.141690182485,inf,-1446.992922074016,inf,0.0005,66,66,66,66,0.01,NUMERICAL_CLOSURE_LIMIT,0.04940201689169044,0.04940201689169044,-28763.1346122565,-28763.1346122565,528.0,0,"(4, 1, 3, 0, 0, 0, 0, 0, 0)",0,2,-26188.36464897643,-27316.141690182485,1127.7770412060563,0.04306404986804457,171006,0,171006,1928.142058134079
120,P2_Sun_Alg32,28,1226.94108410005,CONTINUE,2.7616754589187322,0.021527336347805397,4.8011052497728636e-05,1.0,0.03571428571428571,-27302.280880422622,-27302.231111589874,-27302.280880422622,inf,-1455.3379319174273,inf,0.0005,67,67,67,67,0.01,NUMERICAL_CLOSURE_LIMIT,0.0497688327486685,0.0497688327486685,-28757.61881234005,-28757.61881234005,526.0,0,"(4, 1, 3, 0, 0, 0, 0, 0, 0)",0,2,-26188.36464897643,-27302.280880422622,1113.9162314461937,0.042534776278584124,179115,0,179115,2027.0540540218353
120,P2_Sun_Alg32,29,1294.3844502000138,CONTINUE,2.7869292725325376,0.021527336347805397,4.671071351476731e-05,1.0,0.034482758620689655,-27288.963518600187,-27288.913396053762,-27288.963518600187,inf,-1457.5079559484475,inf,0.0005,67,67,67,67,0.01,NUMERICAL_CLOSURE_LIMIT,0.050122546424972825,0.050122546424972825,-28746.471474548634,-28746.471474548634,522.0,0,"(4, 1, 3, 0, 0, 0, 0, 0, 0)",0,2,-26188.36464897643,-27288.963518600187,1100.5988696237582,0.042026254192499765,187224,0,187224,2129.4000475406647
120,P2_Sun_Alg32,30,1363.730600800016,CONTINUE,2.811312264987246,0.021527336347805397,4.5678732634789883e-05,1.0,0.03333333333333333,-27276.198813043866,-27276.14834898318,-27276.198813043866,inf,-1453.3846895783608,inf,0.0005,68,68,68,68,0.01,NUMERICAL_CLOSURE_LIMIT,0.05046406068504439,0.05046406068504439,-28729.583502622227,-28729.583502622227,516.0,0,"(4, 1, 3, 0, 0, 0, 0, 0, 0)",0,2,-26188.36464897643,-27276.198813043866,1087.834164067437,0.04153883522887158,195454,0,195454,2233.797039747238
120,P2_Sun_Alg32,31,1431.359846199979,CONTINUE,2.8348824910267973,0.021527336347805397,4.4637761579859065e-05,1.0,0.03225806451612903,-27264.06818040927,-27264.017386219057,-27264.06818040927,inf,-1451.3989796107162,inf,0.0005,68,68,68,68,0.01,NUMERICAL_CLOSURE_LIMIT,0.05079419021421927,0.05079419021421927,-28715.467160019987,-28715.467160019987,511.0,0,"(4, 1, 3, 0, 0, 0, 0, 0, 0)",0,2,-26188.36464897643,-27264.06818040927,1075.7035314328423,0.041075628274287304,203684,0,203684,2337.3200340270996
120,P2_Sun_Alg32,32,1505.2544493000023,CONTINUE,2.8576923871941053,0.021527336347805397,4.324283153048847e-05,1.0,0.03125,-27252.373651265276,-27252.322537597993,-27252.373651265276,inf,-1463.0935087547114,inf,0.0005,69,69,69,69,0.01,NUMERICAL_CLOSURE_LIMIT,0.05111366728306166,0.05111366728306166,-28715.467160019987,-28715.467160019987,511.0,0,"(4, 1, 3, 0, 0, 0, 0, 0, 0)",0,2,-26188.36464897643,-27252.373651265276,1064.0090022888471,0.04062907388646102,212035,0,212035,2446.6360330581665
120,P2_Sun_Alg32,33,1579.58133299998,CONTINUE,2.879789474106185,0.021527336347805397,4.218007523183891e-05,1.0,0.030303030303030304,-27241.07085361443,-27241.019430454053,-27241.07085361443,inf,-1465.7762934292696,inf,0.0005,69,69,69,69,0.01,NUMERICAL_CLOSURE_LIMIT,0.051423160377453314,0.051423160377453314,-28706.8471470437,-28706.8471470437,508.0,0,"(4, 1, 3, 0, 0, 0, 0, 0, 0)",0,2,-26188.36464897643,-27241.07085361443,1052.7062046380015,0.04019747772525179,220386,0,220386,2557.4280366897583
120,P2_Sun_Alg32,34,1651.3744856000412,CONTINUE,2.9012169523239595,0.021527336347805397,4.142880133504497e-05,1.0,0.029411764705882353,-27230.222395687055,-27230.170672413802,-27230.222395687055,inf,-1459.2759023708095,inf,0.0005,70,70,70,70,0.01,NUMERICAL_CLOSURE_LIMIT,0.05172327325271908,0.05172327325271908,-28689.498298057864,-28689.498298057864,502.0,0,"(4, 1, 3, 0, 0, 0, 0, 0, 0)",0,2,-26188.36464897643,-27230.222395687055,1041.857746710626,0.03978323047946971,228858,0,228858,2666.547055006027
120,P2_Sun_Alg32,35,1726.8500345000066,CONTINUE,2.9220142105941522,0.021527336347805397,4.0245121296900826e-05,1.0,0.02857142857142857,-27219.74656595409,-27219.694551398283,-27219.74656595409,inf,-1469.751732103774,inf,0.0005,71,71,71,71,0.01,NUMERICAL_CLOSURE_LIMIT,0.05201455580754555,0.05201455580754555,-28689.498298057864,-28689.498298057864,502.0,0,"(4, 1, 3, 0, 0, 0, 0, 0, 0)",0,2,-26188.36464897643,-27219.74656595409,1031.3819169776616,0.03938321200281489,237451,0,237451,2780.764043569565
120,P2_Sun_Alg32,36,1798.707248599967,CONTINUE,2.9422172614851965,0.021527336347805397,3.92837100659193e-05,1.0,0.027777777777777776,-27209.577119508966,-27209.524821993196,-27209.577119508966,inf,-1474.0388423505028,inf,0.0005,71,71,71,71,0.01,NUMERICAL_CLOSURE_LIMIT,0.05229751576916897,0.05229751576916897,-28683.61596185947,-28683.61596185947,500.0,0,"(4, 1, 3, 0, 0, 0, 0, 0, 0)",0,2,-26188.36464897643,-27209.577119508966,1021.2124705325368,0.038994892740370136,246044,0,246044,2891.258047103882
