path,bytes,sha256
.gitattributes,177,eb333994caf30310eb1c88d94c01658a5879c519dd5d19bc0edfbe40db7c4586
.gitignore,278,1a133a0220c055ebd193218b0ef93c6b6b0939be44178745cf6a0a55a407b44a
README.md,18019,496bdf551ed0e5266906e44815bfc584f8ccf69b3e9a5ff4dd0bd62cf2b37d9d
README_zh.md,8524,962b93dbf2c9aeb4eaa433f9941b35a8aea6bf6171b8ceda8e1a3869ff12c418
code/run_2d_scaling.py,1073259,a886ab1ed55e2e3faa23b8ed641638a03b844e155631370bad2ef794b9cb1d6e
code/run_3d_difficult.py,1124069,bbe403d08eeef72b482cc39d16b322a6fbcc5965c5cad3bda975ff3b345bdb4c
configs/2d/B0300/gurobi.json,6335,6f0263c1269d0283e3e648d5ef5ac778746847aab12a5c61620ff00c4da2f640
configs/2d/B0300/p1_norho.json,6344,61af94daa8465258a801d582f44822e2f3b5b9cf9917d3ac356ba2071f2b2dc2
configs/2d/B0300/p1p2.json,6333,fb7225d51b4a13e3c82fff88f7cf5d90c3a91b45a7af66ed857db205246f92fe
configs/2d/B0360/gurobi.json,6335,0cde870e9e82f98eb4615d503de01951fc9e5368762ff55c22aa85492e991305
configs/2d/B0360/p1_norho.json,6344,dfa5fe8ca2e2835c4b43db1f23badea7861cd6fd0a39789a1aa622f4268f0732
configs/2d/B0360/p1p2.json,6333,0ff790499dc6dd472e0e3dc81c7e72ca77f045cf3cef0466880db5c0be084db5
configs/2d/B0420/gurobi.json,6335,159c3ee555ec52e112490a48c3dea50ac7e831c0cf810c35be4255946ebd1c00
configs/2d/B0420/p1_norho.json,6344,99438e275534eb587182f512778e8add37c26ffadd08b36f117a9a9f4d8636c7
configs/2d/B0420/p1p2.json,6333,5c45ad33dc35805bccbbe5abee33986b21cceacca3b539d3c944594cc705490f
configs/2d/B0480/gurobi.json,6335,0443b7996e0f1c5166f427296317960ae3099cc4787a55b6849562338ddaf90a
configs/2d/B0480/p1_norho.json,6344,748ecf0d569a80976f8289050d711a4446c841dddb4b012722456e795468cc5f
configs/2d/B0480/p1p2.json,6333,5f83e433e809839d769ce23f9981c1883141d4d9b4456de08e677163fee58356
configs/2d/B0540/gurobi.json,6335,db20d2f2e2d61acdf92e9c9a92537fae7cc12470fa9bbe38ff7431f35889bd83
configs/2d/B0540/p1_norho.json,6344,f22fe04eccd9e2cdb1228db546b19f87d61300e9df0bad6eac82b4c5dc194062
configs/2d/B0540/p1p2.json,6333,fe39fa174dcdf27fc273884bb4d46dc598807be65f4453b1e6aa0dc146e988e2
configs/2d/B0600/gurobi.json,6335,fcf790989465eed93cd4941b0fe099b31e3e181d96ba18c949391a747e0ecaf6
configs/2d/B0600/p1_norho.json,6345,d265a0fe1a0c54abb2f98120fe586469ab4870a29590289c022d2bbaaf06d8cc
configs/2d/B0600/p1p2.json,6334,903f56669a2e701f017f2528f590daa8a7425a401b4c175b0e96427774acb93a
configs/2d/B0660/gurobi.json,6335,3556817974b423dc4b375df217e04a846322d51659519805e8bc00177bd425da
configs/2d/B0660/p1_norho.json,6345,d6da03d8d2a272c268c0f1b1b7976f625792a1ecd0a146ea6d06cd9b9d579c8b
configs/2d/B0660/p1p2.json,6334,8c3333fd4bfcaf5b448c5d27f0048ce5810f4fbc4c202d3b5f8c889e213a6bab
configs/2d/B0720/gurobi.json,6335,96866e54f8a976dd5abee5cdda39b62c8d6403e15c746e46b326944f25bb642a
configs/2d/B0720/p1_norho.json,6345,d64f157db59ddddd9dca9a4060a1f41dd52fc4001dfa0bc613e164f8bdf4928f
configs/2d/B0720/p1p2.json,6334,c057db5d3f4dc341ef1603ce21ee790c7bb22a18200dc8639e71001dc52b677c
configs/2d/B0780/gurobi.json,6335,9cb7c2d9f3a8825016221961dc4f373eda4fdc5a1a99b61f33a8189a5b5c6bea
configs/2d/B0780/p1_norho.json,6345,af4118d1eb7e77ae8d6c86f4436ec85924096639a50038fa9cb3352655f4f145
configs/2d/B0780/p1p2.json,6334,e61194c0e9471f9939ee6d4d3abc8987d5034c7144ac00c4c1e068f78e0e62ff
configs/2d/B0840/gurobi.json,6335,ded7f9f671127b5b5e997c7f93c9b3af9298438923ce597f3dbb2cff29e3a018
configs/2d/B0840/p1_norho.json,6345,bc01218a2507e2b9c893bd22edb6c4785a9ea5ebd0b703c369295124e3c01f90
configs/2d/B0840/p1p2.json,6334,b0773efc7d20da47cd8e95f24df74957205223f3c9f504ca9b9017028464934d
configs/2d/B0900/gurobi.json,6335,804beecae8e68b315089a35e336d480e386ba8885c55d3b19abead12b51dc47b
configs/2d/B0900/p1_norho.json,6345,2d635d45a5503964e118440b608b076bf59f9c9e054372c6202b450ce046f8cf
configs/2d/B0900/p1p2.json,6334,374fc47845f7cd69840b9e707178a0fe055dfa5148080ecc1656eda4a4253cbf
configs/2d/B0960/gurobi.json,6335,8914c2d3b77dc1dc22c3790ec6863c68c0f8fc90518f7de8535f60dcb2f7f279
configs/2d/B0960/p1_norho.json,6345,94ae20a4786655becb2d04a0ab0ac519ebfccf392117bf5c5ab545e78f799ae5
configs/2d/B0960/p1p2.json,6334,627566710a34737ce13d203f757f49224b1ad5e2d175dec8e1c1120f2d74d850
configs/2d/B1020/gurobi.json,6336,3bdbfbacd158ae67a4bbcfbce4052ddd91d0444f75c7f6332e7af48b8fb73adc
configs/2d/B1020/p1_norho.json,6346,bad1a9db2d19d05dab346860936b2033d91b7797817df0846c3386b920f5ce28
configs/2d/B1020/p1p2.json,6335,a256fdfc7a4049f8a1d9ccaf834465b644861e19461a98eda7c1338ad20bd26d
configs/2d/B1080/gurobi.json,6336,a4fe00dc1c01de30310d828ded7c3876bf478d0fc3abec33dcde82637dc0fb96
configs/2d/B1080/p1_norho.json,6346,b60369da96aa0e08d0a5c727c4de8bec68475ea8129a155ed9a1b655b929e7d3
configs/2d/B1080/p1p2.json,6335,9bb19920e7088cf6f5377efa1bac58d54c4e3965d003525021456b706382f4c8
configs/2d/B1140/gurobi.json,6336,01e85369c711a3a7e0d56cff759662084a3d196a9f44505d6f01a84d98a47e89
configs/2d/B1140/p1_norho.json,6346,065c1da1aa3a0faed0381eba5e445b9941965c13181b0813facc0be8ef7f3d7f
configs/2d/B1140/p1p2.json,6335,693b26ef7b8a8ee32558f2195528ca3bfd4946cdf45a6d9bf9dad5918ee84f86
configs/2d/B1200/gurobi.json,6336,5ba3e3d3b8a7323623ba35bf33044eae689bbddc38ac1e83568614aa37b77ee9
configs/2d/B1200/p1_norho.json,6346,08602b0b6d2c2249084224a7d551ab6a302be0a50f0a767ebceaf20140243cae
configs/2d/B1200/p1p2.json,6335,98e787ef75a0326251d67e8b0ce04f0da773705f737b2b78774582fce1a39381
configs/2d/B1260/gurobi.json,6336,e6a20d7aa169674db54eb94acc3c448884e289518e1db194c6109690b7460b18
configs/2d/B1260/p1_norho.json,6346,eca6641f7ce5813544e82a21cb5872e320b8f8385b8aa18f3385156957a951e5
configs/2d/B1260/p1p2.json,6335,647d4bba4bcb42ace12728224d2f30d59f9d9d83df2409f632d997744004d380
configs/2d/B1320/gurobi.json,6336,447b5b1f7b7ac3524a6394c0228cd971a96ce47ac25107f44550eb56f8dc4ac2
configs/2d/B1320/p1_norho.json,6346,8d8191014e0c8e05bde16329ef7dae985b44d5bcb7e2b292b6f5edcf4b61d0e0
configs/2d/B1320/p1p2.json,6335,f36f0dad6240a369526ebdc166574918763110684c6e398223443785490c55e8
configs/2d/B1380/gurobi.json,6336,8df62fc896a470af89edfb735e789a38de9d3635194ea08f59d66a1a551a5ea4
configs/2d/B1380/p1_norho.json,6346,e8f7b68f02c762148c1134e3860b8815a41d4aaa794efbcdccb5fa836b475bd8
configs/2d/B1380/p1p2.json,6335,e3f508061913a81143779e854e3a132d11ee99ba4a89ec607f6c96244b8e88d9
configs/2d/B1440/gurobi.json,6336,7aa2d909af068aa5aac407b6a88f7966e2bf2fb5d30da8639b329cbbd1603d3c
configs/2d/B1440/p1_norho.json,6346,b06f0557c4827901aacde43f9affb5ff86832b7b4777a2f3e15ac5d0c30ed8f5
configs/2d/B1440/p1p2.json,6335,89cfcd0390436f82481e34766bd5851797aedf193d756eca5ea52e589d32bbe5
configs/3d/R01/gurobi.json,5866,7399c5d6080f6ce7bddf31a70107a661ba03b26bd222130686d9bd4785265e82
configs/3d/R01/p1.json,5857,8af22b087b97d6114a7af6a1873c9868d6e0ea3614bcde1dde516477f3eb4ada
configs/3d/R01/p1_norho.json,5875,828e44a23622e3afac090e5fce15ecffad3f83618923c5a3f1eae761726a4d82
configs/3d/R01/p2.json,5854,4e9cf80ec9cf9162435d1512c28899ef444e21efe51f84b3c24201839f197850
configs/3d/R02/gurobi.json,5867,e7711ef9686d72ba5db0c80f7261acd98765b25e8441fdec15d2f10b5b56f628
configs/3d/R02/p1.json,5858,b7a08080f8470f3133d374fdc3adf64f3d6492e6f1a3351d96169ecd9fc0e926
configs/3d/R02/p1_norho.json,5876,20cdc7bd15edcd8a8e220d6daef21d475bac6715e4d4e8e70899b363fc8f1bd3
configs/3d/R02/p2.json,5855,002ed5220c7f131bdaca59dc2b1ec133479539676dbf02eabf98202708f4c8a4
configs/3d/R03/gurobi.json,5867,eb11387ad56f79ed95b117240f359c8e7848929ee2367ce2ec1fea37719d9ffd
configs/3d/R03/p1.json,5858,f457306cbadb56b869cb96850a9eb18c998b87179000a442e35b4d8b563fb624
configs/3d/R03/p1_norho.json,5876,e19c45665bf24705a61eb3542916c0925dbc9ad6eb756beb3ec799bdec41201b
configs/3d/R03/p2.json,5855,540cfe15e8dcba06de0ef48f0121b22a6380f1fde05db57815b6796867ee0d9e
configs/3d/R04/gurobi.json,5867,ade24d91c40ca21031cc3e2a11117b706c33c92fc6a737b5b383582326e02fe6
configs/3d/R04/p1.json,5858,0011d4662adb2c20f6a7d3a158f323c8120c7a7109085edbe7632d8f266c1e75
configs/3d/R04/p1_norho.json,5876,8728404f594c92c7fd6033b2f5d4976420c57ce2c5dc0fd0db6edeb165ee6a38
configs/3d/R04/p2.json,5855,f884dab6ec13a41a64badca7d208c9bfc5737f8777c97effd703a10eb08a30bc
configs/3d/R05/gurobi.json,5867,b2e9a253d9b80cf18570f38cca5a57c132490e94b9d5a3824c27a55dadef98f4
configs/3d/R05/p1.json,5858,e3691cf438cb00bdbf7a19bb4f2fe1419fd1b5952b0dbde34b84ebe9c1a1bc5f
configs/3d/R05/p1_norho.json,5876,ea6433015e95643092399dc48078d7c3960be4f4d1a35d40c8d18a6833578492
configs/3d/R05/p2.json,5855,0671e2f0c8c61f47852653332794d4c0b4c39c744be25360eb5b99361fabf701
configs/3d/R06/gurobi.json,5866,91c449dac699badada507653737e1d0e42ada4ba6ed4edf5e9482bacb5171775
configs/3d/R06/p1.json,5857,df1648fbdfa1dab1f8d88a45c3d861a4e2ba49f6a5586c66b880ceee5287674e
configs/3d/R06/p1_norho.json,5875,17b5f4d1cc9dd0611af9a51369668fedc897d1565fc84a94d425090b78965dca
configs/3d/R06/p2.json,5854,5460ac9d247734e3187ec26ebb9342db97c3eb9ec248083ee02b8be18a9a83d7
configs/3d/R07/gurobi.json,5865,13fde17f4fd40f4b0c818573a0a5b9d9ff6705c204206990d37b5f0a2399bc5e
configs/3d/R07/p1.json,5856,967bcad8c1a35007018191b14a9c5263aafc66bb52786ed6f213222c6dceff3d
configs/3d/R07/p1_norho.json,5874,ff7408e80634bbeae45f1691fb07f7fb71583b7fe686fb452e6236678311cf72
configs/3d/R07/p2.json,5853,60731ebe55fb6fa63c619789b0a520f5039cd4d7919f15f158cc795711b078e3
configs/3d/R08/gurobi.json,5865,8d5dce185671a4ec1d1ce864aa20e5d1370e3acee657fca43e733f1aea2a91cb
configs/3d/R08/p1.json,5856,2b748d09e7c4496730e5d8cd3929826c4a8c87bccb44d96f9cd499397d4caf68
configs/3d/R08/p1_norho.json,5874,805344708b4adee61a784591c16a41e29f7351f40c1e455737f0ba4ece86bfd7
configs/3d/R08/p2.json,5853,bffa0f9a69e2520c330d2e7a7baa6a908c7b4350c894cf5f7d6e70b113e15e42
configs/3d/R09/gurobi.json,5866,d5154d474bbd144a949564349d28fca955e3646a56641604ee3267aa32d96beb
configs/3d/R09/p1.json,5857,a1b637906b26c6b687c6eba1571d47cb03e9e9e7cffd30eb98dfb375053b7fba
configs/3d/R09/p1_norho.json,5875,acc5ff4d9a1de8a4583dda2e429772021f4df49712aa8f6bc558f0ea21d0037f
configs/3d/R09/p2.json,5854,0b403b9a2b724c8371fe808234e444355f748f732b83cf650efaf27dd4c39649
configs/3d/R10/gurobi.json,5866,f3445eaeb3126b326761d6f0f2240e9cb788feb93c96d63b895ba7810cac97b8
configs/3d/R10/p1.json,5857,efd748b0fa6136ac3f8d08b34e6aa09ce102802d4ae4034bcc3452f8c34a2a93
configs/3d/R10/p1_norho.json,5875,ed09904adaee1c9c8fecf248ee2f9be04f5237e8b22b439f915b7be45ee214e5
configs/3d/R10/p2.json,5854,9eeb147653b9a2908425edc9f2b8eeee517851ef4b3b5347307a00b5f0d870c0
configs/3d/R11/gurobi.json,5866,04675348c0fa7752e7855b49fd692166a03a17839c6302f0340242b879307dfb
configs/3d/R11/p1.json,5857,c0206e4cb4733dbb5ec8101e48a1edeef5565a0e93b9cf59e2bbbc92922abb71
configs/3d/R11/p1_norho.json,5875,78a9be5b61bdd3e8404602cfe7e42a1fa1a8956b3a3b382b180778e0e8a467e7
configs/3d/R11/p2.json,5854,91b65827c3d43df7faf737d7077d2bb0acf69dbbc6d88a6364a93f731bdd0507
configs/3d/R12/gurobi.json,5867,3a892e6954174f0b66f905037fe910cfde50cd4a6aa7395700901133be8fd5ad
configs/3d/R12/p1.json,5858,60123fa90ed819e56678fa3288c778a7bf89d53afbf7e1c69862c27b31e7c479
configs/3d/R12/p1_norho.json,5876,2853fb0a2a90be5955f7f1072ad7a48b25fef99a4b6f30705925391ec2ad4151
configs/3d/R12/p2.json,5855,e16f010823968df81b2e06374d6b57c6c9677cbf7c07524d0be6b9b9f4a44cc3
configs/3d/R13/gurobi.json,5867,50a4cdb2f02450a01aab11b94a86fe52a089f1865d33006a07d0b76226de18ab
configs/3d/R13/p1.json,5858,7b896125334e9284d984e94352f90926860baa103a97d7e4359c395df0ab0a35
configs/3d/R13/p1_norho.json,5876,8968c341c72c5abd16cf10ef67adbcb262156d7ed52cba21250b1f5f6dc849d1
configs/3d/R13/p2.json,5855,091121ff9ae7ce0a24112f752906a8d55e34468b4956f75f016d668989b02483
configs/3d/R14/gurobi.json,5866,138d9e73b9a671277d2dd2225ed1834f0829b56f8cecd8305a1079454a3ae3f5
configs/3d/R14/p1.json,5857,35d71a3c184e8e57b6b29f56d0a30bf540a76068732f1225e72a0d92aa621702
configs/3d/R14/p1_norho.json,5875,ef6e57d7f303f4a49fb4b353fd6d160773248b0e9562134f15e93ae04c756b03
configs/3d/R14/p2.json,5854,5e9bb659b40feb906269005623bce9c67d6feddea17f642fb967045597fb616d
configs/3d/R15/gurobi.json,5866,e8e3003ea24f749ee251e8304c3470b8154e04aa13ee6be3608ae73b36ff989a
configs/3d/R15/p1.json,5857,0d76e371b540b7ca9e5b7245c2576bb2149bf2761f88367680e1d2a445c4bdd5
configs/3d/R15/p1_norho.json,5875,604cd77a8a8de1da89786dbe0aeebbb6a4f0379e20538d93fc8fedd5c4185810
configs/3d/R15/p2.json,5854,11de0b99aa42a20a7fc700383171a693a7a4e8aa8bcdd21f83700f5e19d505ad
configs/3d/R16/gurobi.json,5866,0c9fdcc680610aa625700cfdcc9f46bcf64cf798f5d7fe4b65a3e4e0552e9886
configs/3d/R16/p1.json,5857,96ef45479222bb0f32a554d65d730f48979018f70b76f68d7f5342e51aab7a9c
configs/3d/R16/p1_norho.json,5875,13de74d255f453a17493250b1861900f5dbe81d6f399fbaa9bca92361c74bf53
configs/3d/R16/p2.json,5854,9f6c59d4a975a5184bae30c64158d9f5ee1b38ab4c6975a634c21faa92294046
configs/3d/R17/gurobi.json,5867,3237088f77302eed4ec3f3ed19ba9c7683cf88eecb08df7acc67f6728f415a8d
configs/3d/R17/p1.json,5858,eecd662390ec633bcbbc0fea9b6a0bcc3da96fa6a2ba57dad2efbe266cb62c11
configs/3d/R17/p1_norho.json,5876,e331d5014aee250a23217984b44def3dc36246b87ebaa0a717d38d6c9aacad23
configs/3d/R17/p2.json,5855,ab63adbe8828f9a9232f924c3b6fba85449046bb3479f5db8c147a54f51acaf1
configs/3d/R18/gurobi.json,5866,d2a596bfb50120feeed03b3d85b292c15c6505a87e30e953a067ea578e60eaa6
configs/3d/R18/p1.json,5857,e16af6920b41e34bbb993e980188c3536f01b04e1e0aeb3cd0b541a3021cc33c
configs/3d/R18/p1_norho.json,5875,2bf61cab9402b1037246c73b2736c2e8eed889836a345300f27c65ea3c25d69a
configs/3d/R18/p2.json,5854,0ab1331f875e4283fea42ba3272d5b29822219c7bdc1c58bbd2bd1778fa5bd1c
configs/3d/R19/gurobi.json,5867,0ca10cafde499dc993f6900c0a2d58d32df75e0ccaa501babaed6b7d0e0a33ac
configs/3d/R19/p1.json,5858,d35bccdea30ec92e5de174e5829a66d85f5ccd4b1c2f33fbd733aaa40668b8cb
configs/3d/R19/p1_norho.json,5876,980322b2365b0980d672b4cd04bd48b992a5b15ab2e3a35924425a075fc70339
configs/3d/R19/p2.json,5855,9af6ea3afda16dae355711b9cc94bc18210235cfefd23a175141fc426bdfbf6b
configs/3d/R20/gurobi.json,5867,b1c36fbe09a7a0597e9812dc4a69bb0e8adf3ecc6798396167c952a64fdc9405
configs/3d/R20/p1.json,5858,2bfe5e921f04efaaa6f50e1fa38a98bf563cf8e0cd42e04f0aa0ac42a9fd8a66
configs/3d/R20/p1_norho.json,5876,dbcfe65065e79e8f8bf472c123b6acbcbd4b5030d06455d77919d9eb3a9dc127
configs/3d/R20/p2.json,5855,be7a802e4673220b5ab1cb9c22d1b97a7e7f3b3b2d91b2860a8f14605645a993
configs/run_plan.json,1243137,d78debd3180ce534884715099f93b23fc7be5afe12370d3e7253f8c7e994adcb
instances/2d_scaling/B0300.json,569626,b8e9c7a8815d988b0454dd98bb36f3840a1c5306b2337ae3bfdf8db9df64305d
instances/2d_scaling/B0360.json,682879,9e5555a880330c7604d81d110a6241343700e3eade738919b4ba4b50fbe8ea40
instances/2d_scaling/B0420.json,796141,889481aa75ca9aa76bbf33db7bf969b9141de0108101c599495cad01309f9de7
instances/2d_scaling/B0480.json,909399,f0ea1c71ca722144977ebb815fac507d9cc1040ae03d065625ae98d80bb9850c
instances/2d_scaling/B0540.json,1022681,eab204995899e9a6f4804ab13f3e618a17fef27899a648269201260eff046814
instances/2d_scaling/B0600.json,1135950,3f54bf9f2e1afc52998d9022a391ada5363bd9e5d518b524c7328c5aebd5d4c5
instances/2d_scaling/B0660.json,1249246,e6b004d29bffa0c86a85cf93d1e2942926392de32d6574e2017fe78b996b3da1
instances/2d_scaling/B0720.json,1362480,c54f4c41c6f99a16dd7c0f8f39bfa4aabb35dcd110d567a5871d85777f4d341f
instances/2d_scaling/B0780.json,1475753,7db39ded08f2373c294132c6a460d6658aa93839632a680d23b55cb244824c9e
instances/2d_scaling/B0840.json,1588989,8852f0c9a098eed92ac7c3e36b4c2da6be8f4f6310bf7fd5ea19e7c3a269d779
instances/2d_scaling/B0900.json,1702244,1b5815b115e1097a34f1df52baa9dddab5a73655b42f1447fddd3c610ca32a19
instances/2d_scaling/B0960.json,1815526,5078d2a7f67a3dcc40fb322c31628cdb5ce45bdf96a251f6c4d3cccbb86e69ec
instances/2d_scaling/B1020.json,1928789,ace71ca80138315729866eb71bb98aecd93b98bc91add782472cf4a6f3f4da0f
instances/2d_scaling/B1080.json,2042047,fc7ef200b1ac1a50e2deb6f3acd9c558d6b6cd6c1a17fcae025322d37d02f5dc
instances/2d_scaling/B1140.json,2155382,58486b705ea3308965f87456dd4ca113573f4860fa6d6f3ba731b6f336b91fc4
instances/2d_scaling/B1200.json,2268742,24a7b9341f91296c6fd4b5d33de5f3f58ec2ebb500eb6452288735a9d00a801b
instances/2d_scaling/B1260.json,2382062,e5327762b6980d84534d1d4b194f1e2477e7c12e8a94ed76590896e72e59b013
instances/2d_scaling/B1320.json,2495407,013c6053ae6f8dd08dae6373c12f9328ca3af3f4b3fa049e406ce875383374fc
instances/2d_scaling/B1380.json,2608733,180c4806240299d69bb7629c99986029c83fba338ccfd1d730d7690b14d764ff
instances/2d_scaling/B1440.json,2722048,05d0e0689e86549a7f604c74ba97058867740152ac7563c05e306c3fc33ab5e8
instances/3d_difficult/R01.json,213170,502c953de6b8bcae6caf20f97c3bbeeba48a5aff4143eb3e7a7aaacb32367a7d
instances/3d_difficult/R02.json,213861,712b096be437d2eaa2bf3d543c3adf548452290cf3f89dcf45063ed11e2fd50a
instances/3d_difficult/R03.json,214295,f88104604978a353308c8a3b8b72b9dd9e0c7a6484aa70ce676daae1ddeda109
instances/3d_difficult/R04.json,213374,412eadb899dacc49629c4da1a12b784c2051eb47e612c7fb8f7d62303548d551
instances/3d_difficult/R05.json,214194,e798fca385c3127501fb4acfdec69b7af1127d01c95ccdb09b9a18edda74dd50
instances/3d_difficult/R06.json,213457,3351a2b9ad6ab8cd88538fe8c712163d2a9775d9f360b71129ba977df42ea9c4
instances/3d_difficult/R07.json,213844,da458cdf5436a60f8a67a41c301a99166f79fdaba87a509a08dcdda57bad5ddc
instances/3d_difficult/R08.json,213190,ce30ed193f20978862e7d6d99d90eaa8f99816fe3070d893068575ae36d9b51f
instances/3d_difficult/R09.json,213258,565cc6eb7d7d0dd3ec3fcf4493f85ad3bb71cb7e48b28f53eddb142c35de34dd
instances/3d_difficult/R10.json,213780,0d9ad62503b195c24bb9114a96fb6c8d9ef3255e4d7c9e775d884e704cf31dea
instances/3d_difficult/R11.json,213154,a63f4d4ca6f19c467802d4c5d71d858956212582fce082578b86bdff9615bb04
instances/3d_difficult/R12.json,212994,781b35bf6f477060ad284d667fc75b8e1bb50f74ad43532af3c3701bcd9e44b4
instances/3d_difficult/R13.json,213391,26cebe1d4a3d6bcc9b02eceb0380fcd8f89b5c4636adb23964bf8e39fbad276f
instances/3d_difficult/R14.json,213295,b0f1d0c58d542fb8e7e70fe497896cea762f77b51f8d0bcde526f800d97664ba
instances/3d_difficult/R15.json,213508,5a9a81a4c2880bdcbd707352d4172baa78c0d613b008c1a35531821abe2d9322
instances/3d_difficult/R16.json,213568,ecd38c4e80ee6150886d553c68958c419c2f106bd3f7e5a539fa862ec6b874aa
instances/3d_difficult/R17.json,213927,6cd938072a88fd2ca46072d4c3a958c0e2b11c0adac046cb6055f97894ade8e6
instances/3d_difficult/R18.json,213447,6f5a66519d6d5692ca73c654492715350232a2105cfb5b57803ecb79432bfd5b
instances/3d_difficult/R19.json,213157,f6bed7c096e0ff6a16bcab36ed7b93e42e0093016e1c94170b761e0c8a125759
instances/3d_difficult/R20.json,213180,b2e5f7b3eb4b44b7f0f01b8bcf6ddf2e731613929b26368321223e9651cad196
instances/instance_index.csv,19233,fef6a5d2046fe6ef05538820b7fc71477f513bfbff60eb349f628faa077d8969
provenance/CHANGELOG_zh.md,5807,d08db49975a16d06d661d9cd9724840617409e5ff1693a1c8756ec4ec0d10bf9
provenance/RELEASE_AUDIT_zh.md,21685,768ec095d79fc6a59c40b87e3cdff8cae5ee9dcd41c7e685d07f56352cdb5d5e
provenance/config_change_audit.csv,23478,67e73c1d1514ddcd8cae29fde29203f258c1c3acd472378da50fe00903180db4
provenance/deep_input_audit.json,372565,f81e2597eefab10f156e2336ea1fe8c443a14d78da3a4e6bd74c79475ccc3dcd
provenance/entrypoint_argument_audit.csv,21933,2f4add83826353874f8729a04d4c19ea3b9a0c9dcb26a3a324bba698ad169c76
provenance/file_sources.csv,255626,7e65d2932ede7c1427dfbec0dc0e0db03fb3f382bdbcddb783755f250a6bce0d
provenance/git_scope_test.json,522,3320d11f7ecc6fd712ce52526dba10512897e5674f46330cae51c8e6a1989572
provenance/historical_stage3_audit.json,585,8a98ab758f4dcf3fd91409ce3ab6e5335c226271823921709924e0c6ad065b98
provenance/input_archive_audit.json,3003,222d9e6d8bf18b8a053415512ef594d7cb066efe587827c26af6e1d71a8d1b7c
provenance/input_inventory.csv,2907748,70ac9e7c6f9f5d20f73dc333eec13ccc6891b1c9185182e273a01f4b35ce1646
provenance/instance_run_bindings.csv,66501,933897e791ee42be49a2f85b526f580e55e30071a6bb3f32d43009c13101fc12
provenance/json_format_audit.csv,16536,0af887d70e0c192897ac2e147921f99ef8c91a4f297e454f719d6649884264ec
provenance/latest_result_audit.csv,45692,52fa652724fb6f1fa3916f65307b4ebd717f0152ab44834f371baea1a7464b44
provenance/missing_dependency_test.txt,248,aafa4e680ace1a4f92ca75e2a307e497cd372b309302bc4c600d41b8e22b815f
provenance/native_log_audit.csv,22574,bb44f53d5a74d340d992db2b6347ff02a1f2f54ead9780139e13be5904947d66
provenance/native_node_count_audit.csv,1546,b837dfea3e59f2e5d7c3a44a1261d03c738e9f2bc0ef9b93fa6853a46aaad2ab
provenance/numerical_equivalence_tests.json,12400,f1b33b2f61bb5cb9bbedff9eaa64e178b1dae272248ea77276ef9b57a443f376
provenance/old_vs_latest_instance_audit.csv,6261,73cc292855a79eaec3381548e28bdcad4c675e7a5deef32d85ad685ce9b865c3
provenance/old_vs_latest_results.csv,85324,a6c2fe93d46a026d287d75ed5b71dc1d08fa2d9c05f784c6331640a285f7e62b
provenance/old_vs_latest_summary_hashes.csv,24167,1b4f625e45df9feebff436f9d19e8deda9cb8b12d114a98535f6c603d9b87c6c
provenance/privacy_scope_audit.json,501,4f0ab1d2d57aadd8b8a3a30378de7c410aaced9ee785deeb968233e7b42877db
provenance/public_redactions.csv,15555,9b0a86461727298e396ac3c62710b67609839cd27c24f944ee566fe16e0c898b
provenance/result_field_provenance.csv,272929,ea8f53a056aef98f31694abd2868505085440d2731539d76a1450d10d5242e51
provenance/screening_config_audit.csv,113967,5c2f6a31f2e730c21077cc1a29cf1073891c95c6f56e12a11f866bf7b440187e
provenance/screening_record_audit.csv,136347,e4dd2859722a7b6b4db60e53a8f99335c09324e2e4bfdb5cca74779416b79217
provenance/source_code_audit.csv,1253,1ace7002fd0794c37604e547781b500cdfef3d7652b6e4307f8a80f32278a8ff
provenance/stage2_duplicate_archive_audit.csv,328143,b4844e872cdaea530cbf0fab3cfac266d7ec2d35196ea5fc084c0cdc88bb3e67
provenance/test_results.json,2242,782e8a41b959c88623b11f37f5c5e613cc2f644154aef67417471b1b3a207b68
provenance/three_dimensional_merge_audit.csv,2921,1ddb503e16d66234ccea1683f7bcbc344874d6d17a77d4318a46c1fa533f1248
provenance/three_dimensional_original_path_audit.csv,20795,795f06c4719493b135487be478b3ad17d2157dc5a85e6df2cfa7e5eb4e476fa0
provenance/two_dimensional_float_differences.csv,4895784,747f555e3d44c66dd8901861e3e47a148c1b111d494df72fc40960467a5d8a97
provenance/two_dimensional_prefix_audit.csv,393,7aae2a7c3013930a08836ee062143905eca14399ec56b9cde090c54c1722944b
provenance/unit_tests.txt,1549,437e3504487130f5ffc47ed9272b36ff6d7fcc37ad6c623a35736f54c7a18c82
requirements.txt,279,0216f2054cd8600f7b7330eb252fb64a42d3aef892a791497b59b5a004622621
results/difficult_instance_results.csv,43227,4505ad4504d7186ca8336e63dd0666c8bb730a4cf584be07af240c54e8dd2ca3
results/local_side_scaling_results.csv,43992,f4877d490255fa98f5fab6d183a7d56b0362e41407b6536ee1dbe8e10f798077
results/source_summaries/2d/B0300/Gurobi.csv,2950,de2cd59319abf543438e1109bbd9f8cd83feecf778ec75c3e9221823a4589ffe
results/source_summaries/2d/B0300/RD_ALM.csv,4194,06bdcb997f5a58e1c462caa882746d4e38c7c3acfea2650c97cf224be8168af7
results/source_summaries/2d/B0300/SCP_ALM.csv,3976,f1ddfeb228acfec4907cc9916545d4156ce9e2d59617acbfecdc12f4055610df
results/source_summaries/2d/B0300/SCP_LR.csv,3457,82dcaeb1bf8fd424e1a34731a7f4d0d41e671f4b03e852bbe40736d84ec21bb0
results/source_summaries/2d/B0300/gurobi_extensive.log,25400,fab4d3f115a6acdba2350218c86afca3d08c3188d6e5809ee080845ffd387a8e
results/source_summaries/2d/B0300/p1_incumbent_audit.csv,2246,30cdaac8aa3cbdaca321560255642c92fe45a596c1c4863865dd284bc02941f4
results/source_summaries/2d/B0300/p1_norho_incumbent_audit.csv,2242,d9e7731a807700ab339905b4e0ef9878aeeff85ca0a9f03426ae7952f35467e4
results/source_summaries/2d/B0300/p1_norho_log.csv,35169,7a5973a79777b8a4099fc2f9edb4942267dc9eab06075cd727153be00ad09863
results/source_summaries/2d/B0300/p1_postrun_lb_filter.csv,589,be9546282cadb1d43cb7ecaed6dd97b05addc52bc645b504923b60160d0a5cd3
results/source_summaries/2d/B0300/p1_postrun_lb_filter.json,708,4319a2b6737d4ce0904b4c42e316a5719504bc0ceeea967c9e28b0dadbde0ffa
results/source_summaries/2d/B0300/p1prime_log.csv,11149,59781fbc59ae04329b260dc539d0dcfcb80b3b04a1ab4bafbcbcacdd8358db3b
results/source_summaries/2d/B0300/p2_fixed_z_audit.csv,1295,0c5a4cb20504defb7c89c221ea3d8a8036cf854520847e817a79aefbfcade21f
results/source_summaries/2d/B0300/p2_theory_log.csv,6355,d625a4b3c308b5956fc2b960b5a5fb790d4be148fce4ea96996aa2c87a838b0b
results/source_summaries/2d/B0360/Gurobi.csv,2952,b04766d0ea4deba4053b2eba55fda489b0b57c9ec020bfe2edba16764b9f2824
results/source_summaries/2d/B0360/RD_ALM.csv,4211,7de347fbde6e2662b127cebe470bfa13ce1ceaa7454773c0a07e0adfc68de122
results/source_summaries/2d/B0360/SCP_ALM.csv,3978,683134c1e8dbcc8a5577c6e45826876ebb42a82033923833c0eaade593c96af3
results/source_summaries/2d/B0360/SCP_LR.csv,3465,235836c1b523bc8345008ce58d75606e0bf59c3585443f0a7ed853759c02feec
results/source_summaries/2d/B0360/gurobi_extensive.log,30038,e7b581f96e15c10ce0d1cad0c7c4f86e45def6568b7d7375be03e98db5bd87c8
results/source_summaries/2d/B0360/p1_incumbent_audit.csv,2249,8f165de7b5ea71a375f6165a07136a2e6d11ead888c2a603d557c4ed29b77655
results/source_summaries/2d/B0360/p1_norho_incumbent_audit.csv,2241,56345d5718ef8d8fbd80ca08183ec5eecdaffb98128768494e7eac2f43243058
results/source_summaries/2d/B0360/p1_norho_log.csv,28661,98d8043f74069ce86a6a428e0d837644545aa0b137f0fbb02156bf5491c39473
results/source_summaries/2d/B0360/p1_postrun_lb_filter.csv,591,9d4e287d6cc09768a3288eaf13ce93913109df285336ca7cae84db69d063e594
results/source_summaries/2d/B0360/p1_postrun_lb_filter.json,710,7608609e3f4f1134b6e9ed2c0530964fb1c6f0e2809623343dc9336c71405546
results/source_summaries/2d/B0360/p1prime_log.csv,11164,09e0e6ae7987ef6487586af13592723b3fa7ec038084a22e47e9158fe887fab2
results/source_summaries/2d/B0360/p2_fixed_z_audit.csv,1296,88c1a444213875c34026ad3095e5442f65a56ad71bac6ed1f8bf65a82119eae5
results/source_summaries/2d/B0360/p2_theory_log.csv,6372,a7364d6ce65d7f35f7c586c4d7029d851fab06184c429fdf1d98ffee2c8224e2
results/source_summaries/2d/B0420/Gurobi.csv,2956,f96191a1c6b9c12e6382d22a1e62c88411e58b98c9cfd011ef574e1ae8f6a8ca
results/source_summaries/2d/B0420/RD_ALM.csv,4202,0e3f3056c7bbb2e5e8cc12d0260f26d3f56ab4ad30cc545898e86dc556e6d8d3
results/source_summaries/2d/B0420/SCP_ALM.csv,3889,f89e535823d26e12b5025dbd7112faf83fdd49b993cb4dc3c13c0b54f4bb146c
results/source_summaries/2d/B0420/SCP_LR.csv,3465,73bbfc8f5e6605386f30ce9b306ac29a270abdd3d68f470e4a38429ac636d4c8
results/source_summaries/2d/B0420/gurobi_extensive.log,31060,9fcaeef0166e87315851298f2f80c81930b7ab7d1bec97479dbaf9363b82637f
results/source_summaries/2d/B0420/p1_incumbent_audit.csv,2595,376959a37798e57b4f03fef3d4a28c418f52246338bed4a596e6e7185bab9db4
results/source_summaries/2d/B0420/p1_norho_incumbent_audit.csv,2242,1917cb8b9496ca49bde2682bfbab6fc4b577389262e77cba51ff64ffe5a9688a
results/source_summaries/2d/B0420/p1_norho_log.csv,23887,b88f1f1f90fdb6f1bdf815fab7920b3701d64a9367677d1b9eb92b88d920a63e
results/source_summaries/2d/B0420/p1_postrun_lb_filter.csv,593,0d8188b6ab07c3c84b767bdc52a436b152e7f8357e66af5ac573de5452cb5255
results/source_summaries/2d/B0420/p1_postrun_lb_filter.json,712,02e38fe7396ba4948b02b7c328189ef6bf52a643a0b62b7aaa52f61fc1826214
results/source_summaries/2d/B0420/p1prime_log.csv,38623,46392c0d56b648f9485e97e446091f70eea5fcb7b31e36686626464f476b6b10
results/source_summaries/2d/B0420/p2_fixed_z_audit.csv,1302,37de3b03fc3156cdfc3578f109b4b1fe51bdfda8e36622b18a486081125a56d2
results/source_summaries/2d/B0420/p2_theory_log.csv,6475,a56b56e6715e8416664061577b3ec073df131884100bc48e529a0cf066e9ea4a
results/source_summaries/2d/B0480/Gurobi.csv,2955,1a74049d1aea52a5d9c2f2eb19e30952ed6e5b194f69a78e69a2f651e2e97901
results/source_summaries/2d/B0480/RD_ALM.csv,4218,8f6c7688648cc104d6fc9eecc41b8246c193e0807ddb31db7697a2a16d304876
results/source_summaries/2d/B0480/SCP_ALM.csv,3974,3895ea54722f44eb7c2c7e764eee983447b0c6fe715f3a23413ee9e0413aab96
results/source_summaries/2d/B0480/SCP_LR.csv,3463,3fb62a0e740b897915480d934a75ea97765663b091d5eb4dd07f6d50e62dfb09
results/source_summaries/2d/B0480/gurobi_extensive.log,32039,f2c8464d7751e7d85147e605755b9758314a2e6fa74296adff5a4b07457f455b
results/source_summaries/2d/B0480/p1_incumbent_audit.csv,2600,6679ea2122b06103bd496cca0225a329a67981ee198a100b748c40927b626d73
results/source_summaries/2d/B0480/p1_norho_incumbent_audit.csv,2249,7dfa6335720ce790c9dc23e4c6323b96a6dc55696ebd9e3a47a130cbe4679487
results/source_summaries/2d/B0480/p1_norho_log.csv,21476,7bdc094f40d63ffb46add5f6bd79d4afac0bdc46917bbe2329097777da22e092
results/source_summaries/2d/B0480/p1_postrun_lb_filter.csv,591,000d09bf763f9585e2fe521551b7355e59d010a9eea02ab039379d22fade9875
results/source_summaries/2d/B0480/p1_postrun_lb_filter.json,710,62b0a8da9b84d47c24be3064c3802354012381d7469d01453eee8fea2455d658
results/source_summaries/2d/B0480/p1prime_log.csv,14753,d1f566059d3f5fcba8e0f9c7d3fea9cc010e5561e54c3769b063824719129875
results/source_summaries/2d/B0480/p2_fixed_z_audit.csv,1305,a86790c13338c9900c8f1b0d8861d6e07eb63baf9baaf9cbbc6e5d8532c8076d
results/source_summaries/2d/B0480/p2_theory_log.csv,5985,22b10e6a9038bd2d5933d656fd46d213328936935d71507c28eeb0312ac76899
results/source_summaries/2d/B0540/Gurobi.csv,2954,0e7cbf5fdd14163dcbe2b8a34daeddf0eb0762e83cf96946461b4a5a40671db7
results/source_summaries/2d/B0540/RD_ALM.csv,4213,eb1ef6bab2f80c95d3e63bdac35799b816cefdce0ad159f4ec9febbf046a6005
results/source_summaries/2d/B0540/SCP_ALM.csv,3976,bf98a88e8f6cdf68b0913fb1aff6a86ca14f6f9169ec7778bd9a4d3cc0186d50
results/source_summaries/2d/B0540/SCP_LR.csv,3452,11be14736a9fda6042592712a8c8b148775d464a2b952d77771e6100b6905c80
results/source_summaries/2d/B0540/gurobi_extensive.log,30905,54fcbf6bd64c97a15ce593637ea9ea22c97547b4ba3b18299d4d951057342749
results/source_summaries/2d/B0540/p1_incumbent_audit.csv,2595,926c25a68ec256789f482faa6dd6770615b9bf8fc8ae799260d1f9874eae1efc
results/source_summaries/2d/B0540/p1_norho_incumbent_audit.csv,2249,8d93c806154a146da640b3996950a7c017d6b1744b601adb139dee4ab4f271d3
results/source_summaries/2d/B0540/p1_norho_log.csv,26243,936af84e988928d610c3c08b96266df91d021fec502fb3a0cb9c82f6192099b6
results/source_summaries/2d/B0540/p1_postrun_lb_filter.csv,595,a90e3dbd024dce89898ec773765faf3a431cb2e4590720566d1bb74e9d9ce03f
results/source_summaries/2d/B0540/p1_postrun_lb_filter.json,714,3e5bff58129df37e2f2153061f86d8dc9d7f6d5bbf813f9b24ddad5c1d11023c
results/source_summaries/2d/B0540/p1prime_log.csv,14665,5da8891cce4ba3cfa78013bdbbefa6879730c593e4a79baa1f42e8e91b65c211
results/source_summaries/2d/B0540/p2_fixed_z_audit.csv,1301,97ad8e36d46e21a25ba47b19e39d3739ad5624fca29ccf9f086f64afb0e1cc14
results/source_summaries/2d/B0540/p2_theory_log.csv,5982,aa96ca1bae118aad47777ab7660b3694ffdc673696047a7c31aee1afb926b33d
results/source_summaries/2d/B0600/Gurobi.csv,2958,48d06fc1024ea4f83e0933e7f9b9013cb3d7931365caf3cca118d4c65fe38389
results/source_summaries/2d/B0600/RD_ALM.csv,4215,9aa1d6af3808a71de8be2285f6dbbe9eeebf34fbaa660d1d22e7aeb736ea1d48
results/source_summaries/2d/B0600/SCP_ALM.csv,3975,f68d3f89bb3cbcbf66d3db162dbf3e735eaf5705ab9d13830f25e44850eb0559
results/source_summaries/2d/B0600/SCP_LR.csv,3464,18a81a7ca77524de868673e2bea8fd6ac5891d17048770aec329400a030328b0
results/source_summaries/2d/B0600/gurobi_extensive.log,39325,ca761aaeddb3b39265b18f5ed452bfd4e38a270d3b66c56de5292a8a6fee0949
results/source_summaries/2d/B0600/p1_incumbent_audit.csv,2600,6562bc05eba6c0d84f6a29e18a3366ff31765e566d8d89d878f868cb06649ad4
results/source_summaries/2d/B0600/p1_norho_incumbent_audit.csv,2252,59dfecedcc32c26c80a736b745d24355f4d5d66714de34876902c85d39c7d5b3
results/source_summaries/2d/B0600/p1_norho_log.csv,21497,d91cb458a7b714cfad00a31878253d4bda0aab08c5dd30671c630cf1bd03737d
results/source_summaries/2d/B0600/p1_postrun_lb_filter.csv,591,3428bab5bd10aca7c15adfc768adb292111472165a155a5ebeed2c3124c55f04
results/source_summaries/2d/B0600/p1_postrun_lb_filter.json,710,82380201170fe862e4297200d9a20cd356487d3fd13c95020af2bcf5ac4bea25
results/source_summaries/2d/B0600/p1prime_log.csv,14717,6957a841a189687be5c5c8383db50bcb77a103ee001f22cca0dd66961c3e03db
results/source_summaries/2d/B0600/p2_fixed_z_audit.csv,1305,f03c80ddd33f53b64cdb4324bd4ccb27c872b2194984109eaaebbc36af5365c6
results/source_summaries/2d/B0600/p2_theory_log.csv,7005,d8dd5aa040a6da144c9cfed832245b898cc90691c158a9713816f72bac2cdae5
results/source_summaries/2d/B0660/Gurobi.csv,2956,f0bfcf41e7322055123bdd058ceb9234478797e2ceb01279b35e280f87e5d1ea
results/source_summaries/2d/B0660/RD_ALM.csv,4209,f7c4d1b05db597d390433c5f007f3ee439016af05425c1fb427bab0283c7f9ae
results/source_summaries/2d/B0660/SCP_ALM.csv,3976,c9897392598792392f2a11aa9fc90a19ca2dbda6e3f61d48b77c75ef985371d7
results/source_summaries/2d/B0660/SCP_LR.csv,3446,6e159a8e387bda5ec1f640990b0619681a32257ec9f31fac671a194648bc1735
results/source_summaries/2d/B0660/gurobi_extensive.log,37031,037df11e1b2196b73939579fd194ff8726b4e765293c19018389a5f068407156
results/source_summaries/2d/B0660/p1_incumbent_audit.csv,2593,d95bf0a1550d7e9aa91eaa39a5060124205b81a457a6ad59205154215a482d6e
results/source_summaries/2d/B0660/p1_norho_incumbent_audit.csv,2245,5fdaa9bb67a85a553752b3c246ec2cceb2220dfc68278fd34fe4c15b7a65b2b8
results/source_summaries/2d/B0660/p1_norho_log.csv,20645,99e49ae714d7d45e4c730359d377f2b98b198db236eb63ab886da93e7ea6535b
results/source_summaries/2d/B0660/p1_postrun_lb_filter.csv,595,2d62747e21aabb86a6770388f13b09f21d9fea7d87dc84cee38da5db18c74531
results/source_summaries/2d/B0660/p1_postrun_lb_filter.json,714,ac1dba0e31b6259cfac9055141ff2a5e04439e207b66828f8d861ab6f951dfb0
results/source_summaries/2d/B0660/p1prime_log.csv,14750,61cb0d667fc16f7f62d80908a88b56fffa5a923df1ed62a5f5dcf71fa7802135
results/source_summaries/2d/B0660/p2_fixed_z_audit.csv,1300,a0ecda7c24aece4c2d9087d3d9d22c8b23940177079fc623a04c5d4c6656f25a
results/source_summaries/2d/B0660/p2_theory_log.csv,6473,a542ad97ad8597835cb90b77db9516843ef5efffdfe10947bf4852f5a36baba3
results/source_summaries/2d/B0720/Gurobi.csv,2937,a43cabb848df0c78396e8c3f0fdda3687e7abf917683aa3d9683a4e5ee899fd1
results/source_summaries/2d/B0720/RD_ALM.csv,4208,fc7ef978a76c4b138210289a25c8a724c594c295761f029e1a156aea0e880303
results/source_summaries/2d/B0720/SCP_ALM.csv,3874,b596ff211b8ece59090e28790c6c9bcdae536c34a01effaa4ba5e40ff578f2d9
results/source_summaries/2d/B0720/SCP_LR.csv,3459,d9a79927bba8a3ba5b3561889f5738e25dbaabc5a9f3372f7334f18764678a1c
results/source_summaries/2d/B0720/gurobi_extensive.log,36763,59a746d57ec89a82f908d07b5cffb816a8f88f946c666bf9e2b9c8dc25cbd93f
results/source_summaries/2d/B0720/p1_incumbent_audit.csv,2600,22a807a43dc9408b4f9c4dc19bb56e849adbda5e6ac7111fa87a0a32a73f3fa7
results/source_summaries/2d/B0720/p1_norho_incumbent_audit.csv,2256,67981e1ab766e34c1e9b7a91b8ac77582a09fd9e3d6a38a1719ffd50ed6b524e
results/source_summaries/2d/B0720/p1_norho_log.csv,19046,7224ab7b6c3dcab55762ecbe15076b2105e6fec0626dcacc4dfce8e0a54bec5f
results/source_summaries/2d/B0720/p1_postrun_lb_filter.csv,593,c63ebae4a0173cf84d568e524b9a1a9d7391738fc53229f0d23fa0160e0c35cb
results/source_summaries/2d/B0720/p1_postrun_lb_filter.json,712,e9766676ac97850a8c39b83f54982be60be47f6fb89c8a4c97db5c4dd95d7fe8
results/source_summaries/2d/B0720/p1prime_log.csv,17841,45059ac2167e8dad4dc03768856b9506f7fa270f7cd70a24f4ae6fa217601d84
results/source_summaries/2d/B0720/p2_fixed_z_audit.csv,1300,ca2767fda6c31ad2c80104832f1ab081ae5c02ff98aec7d7b82e5e09530f711d
results/source_summaries/2d/B0720/p2_theory_log.csv,5968,6c2e4bf3a4484365b74d5b9366f707da097db16ba9bf081aa14acf95b397b33f
results/source_summaries/2d/B0780/Gurobi.csv,2956,6ea4df4ef3907e668778c5dd3f0454025c999fb6df577e5613b3cb0894e6a775
results/source_summaries/2d/B0780/RD_ALM.csv,4198,dee887d77e4519a444452de927231beff49b11ee060b6348317d9fd82d3a868f
results/source_summaries/2d/B0780/SCP_ALM.csv,3872,90793a95485264976c3a009b8ce4c158d57c6b33dbc1d7a1e9a3aed9e1be5ea9
results/source_summaries/2d/B0780/SCP_LR.csv,3465,342d1537b500f16adc78bcc860a0bc44eb43696e8460d9f118655c7cdc8f91ed
results/source_summaries/2d/B0780/gurobi_extensive.log,37993,5645eaac7fc5a760f9843c92769bc16b5fba6063060afbbc69f0682ecf8693c9
results/source_summaries/2d/B0780/p1_incumbent_audit.csv,2598,fc1f913bcb1e0e667fc0136f8b5f8815bf985f1dc271cf80acf28b54c5a6ee78
results/source_summaries/2d/B0780/p1_norho_incumbent_audit.csv,2253,8023e06e317bb950cea6bc1793d32dfc94ce955eccb983ec2fa136284c85efef
results/source_summaries/2d/B0780/p1_norho_log.csv,18316,e421c4aa0f3d5145d54b64486f85c9f13cd43754d78c29842d8616cc32f5b612
results/source_summaries/2d/B0780/p1_postrun_lb_filter.csv,593,f7aa0f291b0ae2609aa8e3545182c33ff817b8e38851d4281bb07fe118d8ae0e
results/source_summaries/2d/B0780/p1_postrun_lb_filter.json,712,0b0cc164b75b5f4f3962f7e2e554e06824896b5fb7621150999c8461b468a0e2
results/source_summaries/2d/B0780/p1prime_log.csv,17768,e9502e50f13e9e87d401b58db3c28ede8995cac94664a62a08b05c2a6868c65a
results/source_summaries/2d/B0780/p2_fixed_z_audit.csv,1299,83cf17e3643945b3c734c250d0188dcfd19c50b070a9057239d1b7f17b87f085
results/source_summaries/2d/B0780/p2_theory_log.csv,5471,7fd8279d31d76ecd8778987e25513a3fe5abb136008b7a2b353500f9afba7542
results/source_summaries/2d/B0840/Gurobi.csv,2954,c1cf2ea0a7c739af9dbcb2e9b671209813bb29e1a6ef1c2b7bd01b58c2b03436
results/source_summaries/2d/B0840/RD_ALM.csv,4196,02470eb04d3d529500b3029427e5662258742023e2e6d79cd93611e0231e063f
results/source_summaries/2d/B0840/SCP_ALM.csv,3976,bece886395a15b396c9114924482051df48fc6a547c8942ed9f35ba33854c824
results/source_summaries/2d/B0840/SCP_LR.csv,3447,1e9b35c42fb7fca1c60c812663651216a3b7c9422714ea08b8d10df85f5d11bf
results/source_summaries/2d/B0840/gurobi_extensive.log,32919,4156c9cb3ff328684f3dd401f540a3c7518895b810d0d37a60e18ba1b0b68fab
results/source_summaries/2d/B0840/p1_incumbent_audit.csv,2590,0d27c34aab4a27f6cc6eaffa69d770653841a8213d4029c660be40deb45e6397
results/source_summaries/2d/B0840/p1_norho_incumbent_audit.csv,2253,a3f8990a067c36e9c546dd6e26d56df651a9a6ccd56db12449ad966b30adaab1
results/source_summaries/2d/B0840/p1_norho_log.csv,16742,b040d86c07b7b24e38d3aafb5c1bc6d8aea220950fd9c61d59d855047e65fe92
results/source_summaries/2d/B0840/p1_postrun_lb_filter.csv,593,bff5d5e93cf530a44dc805d037f35459564400423566e68ee0ed30a1c062d5e7
results/source_summaries/2d/B0840/p1_postrun_lb_filter.json,712,0ccdba70b9bd342546a0755bcc0a4ccd3808fb889eca20aea140e9b3711d897c
results/source_summaries/2d/B0840/p1prime_log.csv,14711,ca13f0f248f0e24b27e2f32178d363846d63cd2b51ee021ceba181b6165fc36c
results/source_summaries/2d/B0840/p2_fixed_z_audit.csv,1296,aa2681d59e8b2b5f787850bd29039646c27fc37e86fcc6aa794fbf2e4148204e
results/source_summaries/2d/B0840/p2_theory_log.csv,5475,4f1c09760ea35b99e5ed6daa4c98c9413eb0d84ee04aca392d9e22125f2ef669
results/source_summaries/2d/B0900/Gurobi.csv,2954,5a12a090b8c2e3e3eafc870fe787165e2ac59e7255f0448ace4a54ec339e6971
results/source_summaries/2d/B0900/RD_ALM.csv,4195,09bf1d05dd36ecc29d57190879e509594868ec5e4255eecb37ff1a8378fcda78
results/source_summaries/2d/B0900/SCP_ALM.csv,3978,bcce4d8d97a152d1c801489e0fc27c7cb0e18285b82073499bf61a809baa0e7d
results/source_summaries/2d/B0900/SCP_LR.csv,3449,ba163227a31c1181171fadbfb89bede06014e1be2543dff8972bcca8b67d0be2
results/source_summaries/2d/B0900/gurobi_extensive.log,44554,47f8609ffd64738de03cae66a619106e4bcfe03cd9e0e1426fffd5b4df66a96c
results/source_summaries/2d/B0900/p1_incumbent_audit.csv,2596,ccde7fd626badf1f69f43750884732247e03d7a8154914dc311f46cf61efa4c8
results/source_summaries/2d/B0900/p1_norho_incumbent_audit.csv,2254,641eb59184be4908c6f7e8f47eab667837594860f7f9679c2ee6c83a77697ad7
results/source_summaries/2d/B0900/p1_norho_log.csv,20812,8c90320d52e4db28ae994e591ff848a7a6fb5bb84c09f6e603efbb54fe9a8362
results/source_summaries/2d/B0900/p1_postrun_lb_filter.csv,591,92fc3747dab5d12bc321fa19b29613945366874d3236cfad25ff8c863bc96222
results/source_summaries/2d/B0900/p1_postrun_lb_filter.json,710,645183061db8bf2a622c71e4a6e7d826da1afff43a21d93a21ba3e833ed88647
results/source_summaries/2d/B0900/p1prime_log.csv,16446,699aed91a73c3399222e1424b45cde354c037fde02c4f0d02764f7eb87043b64
results/source_summaries/2d/B0900/p2_fixed_z_audit.csv,1301,126a2419f1fcade20031958661440e56c6e761a1ab8dbed16691b82f59b727d1
results/source_summaries/2d/B0900/p2_theory_log.csv,6486,aff401bdb8d841a5b1e13d9d367cfc8f99603c5429abad245129a2a11cac4ac8
results/source_summaries/2d/B0960/Gurobi.csv,2955,048a17af7b709151f79d6114e03444ccf3b776af7b4be830c2e8cb540b98d913
results/source_summaries/2d/B0960/RD_ALM.csv,4214,7a7a564b92dda2610de93a7c1a88facfd22cc349afd2239f9f05b96f952886b3
results/source_summaries/2d/B0960/SCP_ALM.csv,3876,aea293b381529f8062976e388555d7c68121601c8b5ebb3daa20a8646c720f51
results/source_summaries/2d/B0960/SCP_LR.csv,3445,9d0416dfdc262f0e100e86f2f51d03d70500d1dd219f43242c8b9dc02eb76f06
results/source_summaries/2d/B0960/gurobi_extensive.log,41998,add277f27197d2e31dee4970929e7a570b9dfd6d30992408dbd20bc36c6439dd
results/source_summaries/2d/B0960/p1_incumbent_audit.csv,2264,983b483ecc09482abeb19d17185cde6ee9eddb2a55b0ab0a2e4dec75df6bac6a
results/source_summaries/2d/B0960/p1_norho_incumbent_audit.csv,2247,9352a997a478afdbf87672c85768821f25c7f144e0cf4ab376b4f8c9e7d9cfec
results/source_summaries/2d/B0960/p1_norho_log.csv,20709,26814953027751058794cdb5f4ae7add156e556426e379c74a7753b6f307eb20
results/source_summaries/2d/B0960/p1_postrun_lb_filter.csv,595,f344c460960fee73e1f1928d6941b3a2eebcd7c4fa9e504db69c85f0d6157377
results/source_summaries/2d/B0960/p1_postrun_lb_filter.json,714,86e54d4b6f6819b34749b1e4b5c4b0ae229d4c4d5f7d468121bbaedfb1d41d5a
results/source_summaries/2d/B0960/p1prime_log.csv,17953,659b4d3c1a206beaf7d96d88137b55ea6940033f5fc907d65ec1f5821d4ec510
results/source_summaries/2d/B0960/p2_fixed_z_audit.csv,1301,5e210c81449deac403b8da9ea2f814c732ddd71de2d34fc92a60b6f337be1ec9
results/source_summaries/2d/B0960/p2_theory_log.csv,6505,693010c880ed2193a0016f0b2520b9b6e7eb39b26d434e229938dabb0ffe8bea
results/source_summaries/2d/B1020/Gurobi.csv,2954,d2e6a5e1a0314b105a92c59ffca67b432172f4f68fbd233c3b2dc75423ee026b
results/source_summaries/2d/B1020/RD_ALM.csv,4213,704fefd53082b4188e722870e724788b9474c447b3b4754fbe63955142ef5b2d
results/source_summaries/2d/B1020/SCP_ALM.csv,3896,8c0be83aa8d95205c84149e088a70065ada459d5e6c6d7017417741d58269261
results/source_summaries/2d/B1020/SCP_LR.csv,3467,8a24fb2790614f1f593e1884ba546de3dab17a88c531bee1ae5eee53060f499a
results/source_summaries/2d/B1020/gurobi_extensive.log,41767,29e8028b7ba66382b2e0e987a401a819337c015b9d5cea3144bedebd80edb138
results/source_summaries/2d/B1020/p1_incumbent_audit.csv,2595,df1ac438b2e535be4e55895b1fbbd44cfa68cbaba8f0f23befd9c93f0af609c0
results/source_summaries/2d/B1020/p1_norho_incumbent_audit.csv,2257,722f30f21407016aef01425e95b820744de46aeb3a7704034e8f19587ed325dd
results/source_summaries/2d/B1020/p1_norho_log.csv,17613,70b6f25919a00dff36ce79fc08d1d72e969921964c09ac094973939c84d1c571
results/source_summaries/2d/B1020/p1_postrun_lb_filter.csv,595,0714bce3d8f3a89d578ef88cf7ec8968099ed421ed064586781409b07d95184b
results/source_summaries/2d/B1020/p1_postrun_lb_filter.json,714,c0eeef8624108da6eb015018fb4fed5986552585f3215ca942ddf13d266a8c87
results/source_summaries/2d/B1020/p1prime_log.csv,16974,dd9706333f62c8eeccecba24861ad82ac9fd1711320003d596230a65b29150fb
results/source_summaries/2d/B1020/p2_fixed_z_audit.csv,1304,d2d280a541542764fb3d52aa05167c16a7935c81beec421ff5d93d06e1dfb34a
results/source_summaries/2d/B1020/p2_theory_log.csv,6518,4efc6ef7a96ee1293e12e2f1bd904260c7e211d4e1831e74504a75e5a3353815
results/source_summaries/2d/B1080/Gurobi.csv,2955,83d52821aef21421898fd0e6d22ed12918931b80ed7b2db46e38726cd1f325d1
results/source_summaries/2d/B1080/RD_ALM.csv,4215,08821367fc05efd1618a4961fa5ce8d24460553a2587161d8494944b653cee1b
results/source_summaries/2d/B1080/SCP_ALM.csv,3892,4986badb6f67e9dbe417f05638140ff5c1b8d7374c7376f441dc76dca298c4ee
results/source_summaries/2d/B1080/SCP_LR.csv,3471,3f615911b348779871bddaaed39de18437fc0b2391b5cb8eb4fa59415d637dc8
results/source_summaries/2d/B1080/gurobi_extensive.log,42321,f931f6379b6aefafe99eeac1d694d05fd71cc67e59919a5b196269f60220fe25
results/source_summaries/2d/B1080/p1_incumbent_audit.csv,2588,c60720c58011595ef4b5f6d46515285bb26703dc277e87f43ea38ee705fa4ed8
results/source_summaries/2d/B1080/p1_norho_incumbent_audit.csv,2243,29cb0392fc7b22e4b38ef95b0bebbdc661602f4dd248e66f01f3b1a612ccccdd
results/source_summaries/2d/B1080/p1_norho_log.csv,21523,8e710ec7f580fb78dfeb5bb52a81a037b0567fc58e94668d3cc9209f67959f69
results/source_summaries/2d/B1080/p1_postrun_lb_filter.csv,595,bafee3eb10b60ec2a1e7f0886110e05bbde70af53f916afe700a54d3fafd6650
results/source_summaries/2d/B1080/p1_postrun_lb_filter.json,714,3262a3f6ce9fff831ddc6f9ec87fed9c9667137467e9042953bee7ce371fdba4
results/source_summaries/2d/B1080/p1prime_log.csv,16159,e10995352e3c4a513b7ae9d58b91d55193f79fbfb8bd61ecc92409fe3db01f57
results/source_summaries/2d/B1080/p2_fixed_z_audit.csv,1295,0b7a1b19cfd93d2ced2a4322bd644dcec965fb9eee81d2ae285b5210c90f60f9
results/source_summaries/2d/B1080/p2_theory_log.csv,6505,43bae2fa5fd1a208f80a707cae9a0d4be1d23ba829132dce64b9960a8c3664bb
results/source_summaries/2d/B1140/Gurobi.csv,2953,f79021519074bcfc469c8382efe593ce628b5c576935b4bc665c5dfdd1ec5817
results/source_summaries/2d/B1140/RD_ALM.csv,4200,6fcd04716865fddd40891e3ce0c756a23b6675641302b148d35feeed3b47967e
results/source_summaries/2d/B1140/SCP_ALM.csv,3891,bb54bc24c340e17f51880d45623a315ff28927451a17160f4e8eff87964b2ac6
results/source_summaries/2d/B1140/SCP_LR.csv,3445,5092616c4e1ddd1575443ee41c4baef01499f8f16709f9167e910125c7ebcf44
results/source_summaries/2d/B1140/gurobi_extensive.log,49084,93b4a51fad221fc44d7dd31d19da8e352e1368aff27797e6f7dc506f90412ff9
results/source_summaries/2d/B1140/p1_incumbent_audit.csv,2580,3853e557a080a5ac6ecb1d2917b0583ad4aeb2155414305e155d1cf846c634fa
results/source_summaries/2d/B1140/p1_norho_incumbent_audit.csv,2240,f44bd34e3070ed4c0de8f107b1d1e63dcdb2b744d39f12cdab63f9154981ef03
results/source_summaries/2d/B1140/p1_norho_log.csv,20718,2d2321a19395d70eefab942159e7f70a4334aedc8d7516c5dadae66c72ca2bf5
results/source_summaries/2d/B1140/p1_postrun_lb_filter.csv,593,0a53f4e61ba82680006702eb090849d1e89dceb47639bb8b7df9e159c0444c75
results/source_summaries/2d/B1140/p1_postrun_lb_filter.json,712,c0f71bf4b6a2c9ba7a4e96102de21bd608ec2ed537934f531f90200ef9984f51
results/source_summaries/2d/B1140/p1prime_log.csv,16120,633441af5dc26ecf0bc4b22f83c7d1049f908a1229ccaf063d33747e5abff2f6
results/source_summaries/2d/B1140/p2_fixed_z_audit.csv,1293,4e9aa2dadcc65bd016d1eae086bab36446a39cb89f94a71fb17a970e4092a20f
results/source_summaries/2d/B1140/p2_theory_log.csv,6499,4e92e052e1b46e3921de80e77ab325688ecc6a12fc795bf5693ba9460afbb639
results/source_summaries/2d/B1200/Gurobi.csv,2956,e04e233c39a45aedf95e5c4c83c18f8fdce2df1e2482b9adf6e40bbdbe73b691
results/source_summaries/2d/B1200/RD_ALM.csv,4215,43389c14cded78882f01a0dc86c866dd37440697968d50c8e63e2b58efbf706f
results/source_summaries/2d/B1200/SCP_ALM.csv,3982,0907203bba99c26097637865a9e93ad3f171a9dab698819f2e7232c3d555ff58
results/source_summaries/2d/B1200/SCP_LR.csv,3464,8a776bf17aa48b5b9c96657b7fda5b2f695c61a94a6ec1ac8dc4a4faff7c8592
results/source_summaries/2d/B1200/gurobi_extensive.log,51432,1b6790d79562574fdfbcc8e5193cd02be5edabfb739c77a054f7319463e5fea1
results/source_summaries/2d/B1200/p1_incumbent_audit.csv,2589,3410784d8e088e84f5ad23b7727e93a3f5cab45f0addd592660a918f689d26a8
results/source_summaries/2d/B1200/p1_norho_incumbent_audit.csv,2244,d4336fc97c690a7ba5b7c12d5df48db8b4664e11f2fdf356936e05a96f061ac2
results/source_summaries/2d/B1200/p1_norho_log.csv,23140,f1d219aa8d3e94664dd2c8dc6c3eea9cd22931b9b9c1a7c61e7a9504abbd2be4
results/source_summaries/2d/B1200/p1_postrun_lb_filter.csv,591,b39ae675e7fb841d1715ea7ff4f1ce18cbc1ceaefceb4aee893a6168979d8a91
results/source_summaries/2d/B1200/p1_postrun_lb_filter.json,710,5148b0ae976ef19891dfeb798b0ac8a331e4f05b7cc67749f1bb4f11e3b49ce1
results/source_summaries/2d/B1200/p1prime_log.csv,18088,e01460bb89faa08c3061fdbc45896c36b8376667de8b1b7704a3c342af0c51f9
results/source_summaries/2d/B1200/p2_fixed_z_audit.csv,1291,b8bdf70e6c5eb2f88e832921156b10a6b3a744165c74d358cfbe914c55cbe34a
results/source_summaries/2d/B1200/p2_theory_log.csv,7004,a2714410712a9ee4804de2383159cbfba194b5b0200b21f6897452bc5243a96d
results/source_summaries/2d/B1260/Gurobi.csv,2953,ef4f7ac43ff561130d26ee7385d23c83f356ca8a89bb71aa39db7224821bd71f
results/source_summaries/2d/B1260/RD_ALM.csv,4215,4d07bbf1c75f2d0d50bb94283848dfb0a214ea0402463057eef14dfc693a2ec4
results/source_summaries/2d/B1260/SCP_ALM.csv,3894,635a07ada36281c7b0c7d6da0cd9fa1dd6570b40838f85607414099beabbe887
results/source_summaries/2d/B1260/SCP_LR.csv,3450,6a87ca7275ba26883d979563ed877fc827e5dd4bfe0ab4b7b8393d31469ed355
results/source_summaries/2d/B1260/gurobi_extensive.log,52627,4b8365dd197da5503eb7a5dd09a20dc32d63ffb9824c1c5e39e09b2a20569151
results/source_summaries/2d/B1260/p1_incumbent_audit.csv,2593,438dbe8c4c50b28bd9d59bb0f62346c89f5e3911b1108cdad0d7f285b3974ef3
results/source_summaries/2d/B1260/p1_norho_incumbent_audit.csv,2251,c1809884653c5566fdc71f3556830682f7e148f1a1725f0093a8e2696bb7b422
results/source_summaries/2d/B1260/p1_norho_log.csv,16669,085edb97f37925991de4b4a142394a2c4134a4963de687179180a55c4ddc6639
results/source_summaries/2d/B1260/p1_postrun_lb_filter.csv,595,d011ffff025db3884477142e9cec1c18986f42d73d2a8d3f577b72a224a2620a
results/source_summaries/2d/B1260/p1_postrun_lb_filter.json,714,aca0341ce20917fbf72f365e64cd867add366c33a75f8fe3df09ad63b61ad0c8
results/source_summaries/2d/B1260/p1prime_log.csv,17019,47d9a687d9ed2b5f74821b156de5a05e382a7f95f0bc98467c9dfd3ab7e8660c
results/source_summaries/2d/B1260/p2_fixed_z_audit.csv,1295,152e2496f5ba3a98b4afb07724e908051db043ac7f3da3ac65902ed2c0515271
results/source_summaries/2d/B1260/p2_theory_log.csv,7018,664825d8fe44f1bbd9fefa1b55b517d159867292bcf7f20f37268ee2d657c06f
results/source_summaries/2d/B1320/Gurobi.csv,2953,917e624ed22ecdd257d5e83435baeecc9ef29baa397fbfa989c7defbe68c1480
results/source_summaries/2d/B1320/RD_ALM.csv,4213,2acaff424278111bc4d755317504bb73d44c5d8e1d1b4aa3b2e576775865a3b5
results/source_summaries/2d/B1320/SCP_ALM.csv,3890,29da61feb8176f79d78d6bb58eac055e9fe55b37f233107fcd73a9b16a13236d
results/source_summaries/2d/B1320/SCP_LR.csv,3469,2d3d52e35143e598be4cead849f4a559413dd126e00748465e380bfc8554854d
results/source_summaries/2d/B1320/gurobi_extensive.log,47148,cb5266be014f560ff2a3cf914570c0bd372e483dd0e24bf7238b659b3caa3fa8
results/source_summaries/2d/B1320/p1_incumbent_audit.csv,2588,674ccebbf38ec3f89b5775895336eb04f5650e902f933bd8cea9372542e99d19
results/source_summaries/2d/B1320/p1_norho_incumbent_audit.csv,2246,f2a25b9770343faebac19145895650a1c58c939de4ec4bb5ed23e761a734065f
results/source_summaries/2d/B1320/p1_norho_log.csv,15800,4df9ca7d74a5487c867206136febdabe2e6604501d24b277a92fa1cc9082ac8d
results/source_summaries/2d/B1320/p1_postrun_lb_filter.csv,593,ce08d0110539c68c14107b5c698da3b147a373db74a8cbaa42b1e3c99d99ad06
results/source_summaries/2d/B1320/p1_postrun_lb_filter.json,712,086ae481ccf84a24a41efeb571b223805fa9cbed8ea7c9b01f5411fd8702c1a2
results/source_summaries/2d/B1320/p1prime_log.csv,16120,10d28efdf56743825be12366044094bed034eaac8042601b7ff4395a4b58f3b4
results/source_summaries/2d/B1320/p2_fixed_z_audit.csv,1294,725378cb266d6265f6e9f9e6c53aea97541ae6baec06b4f8134dbdc972e59f83
results/source_summaries/2d/B1320/p2_theory_log.csv,7014,54ad9c1c141e1d4d89168801b91488a32ce5b4329c08b369266cfdfa9ff25975
results/source_summaries/2d/B1380/Gurobi.csv,2955,ef27f8b75a6c4b93ce42fb5610494d386d0bdddbf73f3b45abf0fbd18d9f7369
results/source_summaries/2d/B1380/RD_ALM.csv,4245,40df9cef084ce3371af38535b8ff840b6bdd1489d50d65794488410e1cfe25b3
results/source_summaries/2d/B1380/SCP_ALM.csv,3888,8c88d41cc7c61e523e62722d393d848a65d4300c65894fcd25c3121f96c937a0
results/source_summaries/2d/B1380/SCP_LR.csv,3461,d769985261e44d424a7c1a73798d112413ab9c996fde2259d2e139b90a3b0afd
results/source_summaries/2d/B1380/gurobi_extensive.log,47771,3e0e9c0a19f984241877a2132d4b1959f144d6682580a1e0232ed35b0cf74c85
results/source_summaries/2d/B1380/p1_incumbent_audit.csv,2577,3fe4909eeb2f2319c342791a17508d110a614030baa0390f9a7cbae4692807c8
results/source_summaries/2d/B1380/p1_norho_incumbent_audit.csv,2237,6b064bbdd2177d2330193225842194448bde7be457444751504920d2c99b4f36
results/source_summaries/2d/B1380/p1_norho_log.csv,14930,17a8b4e4919c362d058ae70c92254e60197de1983e28eb0bf79e0397f1c3dc59
results/source_summaries/2d/B1380/p1_postrun_lb_filter.csv,591,e960e77051f84a7df723680236eb4fbda378bbb6c2ed4f9a094c3cf2952a38ca
results/source_summaries/2d/B1380/p1_postrun_lb_filter.json,710,ff25d553228b990f144783c16a0256691f22f4f256bf8028e4460eff9f1579e6
results/source_summaries/2d/B1380/p1prime_log.csv,15260,1ad5eeeeb641241cb9f9fc7b2ec3687d7d7f29e89c76d9644da24763f58fc516
results/source_summaries/2d/B1380/p2_fixed_z_audit.csv,1294,a1b095b735cae20a0370070e6178c0d97c34e8b36f1488aab960239843550613
results/source_summaries/2d/B1380/p2_theory_log.csv,7181,6855e36d71804267af898c666e4d18643339ae622e797e88a0c87badcdfd317e
results/source_summaries/2d/B1440/Gurobi.csv,2958,7abbedb5560591d59b933266b3f4f7c65446f382bd9c9a133163b789f352cca3
results/source_summaries/2d/B1440/RD_ALM.csv,4246,a65cfb72f208b01fe99e545835fadad1ea4a891d6fa8790e1ff5746a2049bef4
results/source_summaries/2d/B1440/SCP_ALM.csv,3899,ecd7cbf63ea012bf53212920e0e8cfa97aed6f4ace233b95f61207b5f0fc2e40
results/source_summaries/2d/B1440/SCP_LR.csv,3454,3097a1b408ae482ee9b3789875599dd0d63ab39b81725aae3daf310cc62afe9b
results/source_summaries/2d/B1440/gurobi_extensive.log,46234,7b26a461cb42c43e07cfe7b697f960704fe2789126b0ffba64152d9144475195
results/source_summaries/2d/B1440/p1_incumbent_audit.csv,2590,8ef5e573469c007ee57e92669446872764f7d5a93202079421da3052c87ae605
results/source_summaries/2d/B1440/p1_norho_incumbent_audit.csv,2240,4772237e061230208af60a03c3fc28eb2de98962f11bc081a32c02c4da292bb5
results/source_summaries/2d/B1440/p1_norho_log.csv,13363,d1748c8c6fb08c415bc1ecda6ce0cbdefa1d350e0149973201db90d0eaca9a2f
results/source_summaries/2d/B1440/p1_postrun_lb_filter.csv,595,282b4ba0387e23848f2f3f6c9cf1e79a9a1ad8902750cd7e605ba5bb7420932f
results/source_summaries/2d/B1440/p1_postrun_lb_filter.json,714,778c7423341591585c2695f6e15133f593cedf841fd73e99ec4eb9dbb29a0e94
results/source_summaries/2d/B1440/p1prime_log.csv,15284,e2367ee5b5db670ddde6b5c6c95a0116f99b753c5e7d5b911c228e6725a1e80a
results/source_summaries/2d/B1440/p2_fixed_z_audit.csv,1299,b2d30968518c99b62ac8b095b18be06d3b68e5c15cadef158c933c3cc982aa19
results/source_summaries/2d/B1440/p2_theory_log.csv,7159,f19bef686d0ed0d94b031f59b2db7df9fc8433ed93ae9a7d436e3be1c9be2701
results/source_summaries/3d/R01/Gurobi.csv,3454,dde43f803c912df190b2aba5becced769a5d477c3f207143f5a69245ad15dbc3
results/source_summaries/3d/R01/RD_ALM.csv,4521,7f319ed3b6aa1c3f47c600c9e07a4834d7de3bfafb07f1e38eba7b5246bab83c
results/source_summaries/3d/R01/SCP_ALM.csv,3957,59f9a95e2097f4011a227ec26eb4dc7ab4320d1b39a4cd68092e4ab99024902e
results/source_summaries/3d/R01/SCP_LR.csv,3896,f8bd35edc267bb7215c3081e926fd7ff55d1f39132d54816fc882bcca62a694b
results/source_summaries/3d/R01/gurobi_extensive.log,35969,0bd3cbcc8cca79a3fcf4180a966f1f22fa12cc946ecd09196378ea537d303ab6
results/source_summaries/3d/R01/p1_incumbent_audit.csv,4700,4fd5f898dd851286c648595c5dec0e881503eebc5166eeca025ed0086aa8f115
results/source_summaries/3d/R01/p1_norho_incumbent_audit.csv,3960,2368131d26c883e557580eb62113fdac9cd23d46abcddd19abdaa4f4f94ea146
results/source_summaries/3d/R01/p1_norho_log.csv,247535,6b7e963417f41d85fdb53bec2414479a39c5513c8a298f3799868c62496d72f5
results/source_summaries/3d/R01/p1prime_log.csv,57176,16c354266d2cb3e73e5443f6f487054ce8f070b135b881395b6bd42632e49b35
results/source_summaries/3d/R01/p2_fixed_z_audit.csv,1632,84cda4eaaf253ee8d36830fc3b1dddde256ac04f286e322c46509492a12dfc39
results/source_summaries/3d/R01/p2_theory_log.csv,18389,b724ef3c968c036c0081c10a00bb8d525fb6237f602e59f8ec9c1f96fad00fef
results/source_summaries/3d/R02/Gurobi.csv,3390,56a51557a4775dc1905bec563af90f14d9b4996c499d31cdbabf972cba5124ba
results/source_summaries/3d/R02/RD_ALM.csv,4519,e57de8af121fb8e4f1ebd1296eede59fd56f7185e33a7416c2403900be8dfcd8
results/source_summaries/3d/R02/SCP_ALM.csv,4010,4c84d615c3e8060a00dc99d64790882cdb16b118aa6ee46c79c692e8b439745a
results/source_summaries/3d/R02/SCP_LR.csv,3883,53f32c5d6a1ea0d2aa790a5f0fec1e313502b44dcb72127bd711fbae47e1cce4
results/source_summaries/3d/R02/gurobi_extensive.log,35041,6d29a0661fb66ac9f64ad3f075307093591d096d5fb8c7b6c9f456a5d2405aeb
results/source_summaries/3d/R02/p1_incumbent_audit.csv,2809,4d3693aaea9ee0170fe8f67390878cbbad03e83ea392515250e82c42608e8351
results/source_summaries/3d/R02/p1_norho_incumbent_audit.csv,5067,2f75348600cb7cd2af535b5fad6daa2b7beeeed08c75b5c11f6a5bb0d193148a
results/source_summaries/3d/R02/p1_norho_log.csv,119697,3d1f6efc76d0b392802d11fbf2493c62114e3eb69d713c18ae554ffe4685ebb1
results/source_summaries/3d/R02/p1prime_log.csv,12268,a57d4dfe7301f9938b88f854748c253eca47e9944e0c2e8b1c57eece87f90d0b
results/source_summaries/3d/R02/p2_fixed_z_audit.csv,1234,74dfde9ccc9753491eeddbd270479e1e734ab6e503265f8aadc1ccb98c2bcd7d
results/source_summaries/3d/R02/p2_theory_log.csv,14395,5060acb5d092ae1b2ca97664bf944987d5db6c8048b2c1eec3843e51bb2064e6
results/source_summaries/3d/R03/Gurobi.csv,3446,1bde7b3ef94ce88b58225e6e1c42a39d15d5667fae848694b333ae0ae0413c47
results/source_summaries/3d/R03/RD_ALM.csv,4514,b3de58b0e13519d053d719a6be95c445bdd501faa36d6493bcd53a7e91ed691d
results/source_summaries/3d/R03/SCP_ALM.csv,3991,c615c3c99d2ddab4e72c4742932fd190cd3bcde413cba91da27bdf955ecaccc6
results/source_summaries/3d/R03/SCP_LR.csv,3886,f7e56e587db2a200293af73d84978ef33f764747244488338c3ac78ef03e58b0
results/source_summaries/3d/R03/gurobi_extensive.log,35805,306a8f13a95832987816534cf77a4085949aa4a7bfc27847aaedff36c595e798
results/source_summaries/3d/R03/p1_incumbent_audit.csv,3541,048d05c7808e2601a9a84584b83860cf51d1f2beb3dd015997955f91d32a4844
results/source_summaries/3d/R03/p1_norho_incumbent_audit.csv,3905,6260f35cb286831cac1fb91437dd5d180616e84fac1bec2b810c3b254910b88e
results/source_summaries/3d/R03/p1_norho_log.csv,127472,45b09aeca8a401a2f2f79440dfafee9c3bf444583e832c71c3427c986dea23c0
results/source_summaries/3d/R03/p1prime_log.csv,18341,1244a13869e8e38f84744a9e8dc698a8f09afeb09d9c081340932a321edc8027
results/source_summaries/3d/R03/p2_fixed_z_audit.csv,1228,6c39fce9341528c04f8d0b054ca644b3ecd5f55e596591736241398b6656b1c5
results/source_summaries/3d/R03/p2_theory_log.csv,13396,e8b36ef6a6dc96664c4c015892dd54cade2396122262913176ec0cc9eddbb801
results/source_summaries/3d/R04/Gurobi.csv,3409,39e7f6f14afbfd26944ea07b366d0b29a482bf4e2cc792486acc4a6f8d5f9998
results/source_summaries/3d/R04/RD_ALM.csv,4524,741a9d7ca01028dfbb1fbdcb632510151a1af784ff60c88f5e19f27816ba39a2
results/source_summaries/3d/R04/SCP_ALM.csv,4025,20e8f97f9954ebf053e995e1f0e3351deac665e378ce6764386571befdea6fca
results/source_summaries/3d/R04/SCP_LR.csv,3899,403e927e630a595361b1fbd3d0ddabb59207db56d32a8995c0fae1ec45c7a2ae
results/source_summaries/3d/R04/gurobi_extensive.log,38682,2fb490abc4145d4f5fed4e0183019e04644099d85d6351e4b2d3d14e5b0d1c97
results/source_summaries/3d/R04/p1_incumbent_audit.csv,3532,7b1dc8c5ac4cde89f5e51bc8fa8b2125925b86caa352481b03a3ec5cbd7ca186
results/source_summaries/3d/R04/p1_norho_incumbent_audit.csv,4267,519958b0f79fd6db62b198f351fed7d5ba02778cb3e50f2fb3e8e94140d09085
results/source_summaries/3d/R04/p1_norho_log.csv,115068,ecc2403a2bd864cc9ec7affd16cd1d3bd74be0db402a95f28ccf35f1a4f202e5
results/source_summaries/3d/R04/p1prime_log.csv,41555,293339611cce8e9451a0b247d74b24dad423001ff8c4a3bf7163e49ad4783b4e
results/source_summaries/3d/R04/p2_fixed_z_audit.csv,1633,af0a5cc6ccb65c9648fb3a98d597a6267e14f10aa6c6041b45eca14705885603
results/source_summaries/3d/R04/p2_theory_log.csv,18929,22afea764603e6b37ef179783da8bdcc10e60fc46ebdf86b44fbfd43008df120
results/source_summaries/3d/R05/Gurobi.csv,3409,f98320b5c67db3c996f76f9e9e804acaaba3d927d84a37423ebfdc8aa4d9bffa
results/source_summaries/3d/R05/RD_ALM.csv,4524,adcb8567f9b26055dfd3ab769de0bb908b521a8ed89966578d4caff46aff614d
results/source_summaries/3d/R05/SCP_ALM.csv,4020,fbe9e5c62caf961b3b21659a87cf78117bddf715ac1f73e41865e06bd9840346
results/source_summaries/3d/R05/SCP_LR.csv,3902,47c6fca3661c7e36db5f69db3e3d8fd3c7dc1b0956022bd88dd6e641b7928464
results/source_summaries/3d/R05/gurobi_extensive.log,38164,e92ad3f1e3cf099c51d54fc841e54c6ebb9fee2deec888cfd38301339f53dff0
results/source_summaries/3d/R05/p1_incumbent_audit.csv,2853,6dff20d7e73464e6a0c80d259c2a73e3ecafc7c202997cf17e1e3741a8b14939
results/source_summaries/3d/R05/p1_norho_incumbent_audit.csv,4306,c2cc1eefd5f8c1d4eba7efa4f5e57a59c5b0b0d2b157f6ceb5bca07d5921c8e7
results/source_summaries/3d/R05/p1_norho_log.csv,119550,0729a0e270691812138eaffad4b2c76da5af68f230c0bbb3b59c16bcf360711f
results/source_summaries/3d/R05/p1prime_log.csv,17429,31d0405f90141952c273b169936a1f955855bac432ae27945f2f239e224ce466
results/source_summaries/3d/R05/p2_fixed_z_audit.csv,1236,7c2dda49c2a445985d8b1fc8059ad8b6745a11ec836021cb07fb7a8c75760e0a
results/source_summaries/3d/R05/p2_theory_log.csv,16935,1b716cea77fbae97bbf7ba7e339626424ca04a2c9efabb55ba824c6edc07c143
results/source_summaries/3d/R06/Gurobi.csv,3410,ac70f1bb6cb8716c2f8ee00397536b88cbc16ce9d57a32216b2168c5cc51badc
results/source_summaries/3d/R06/RD_ALM.csv,4521,0c20c22fc012f2fe06bc4f867dd87ed3cfb61723507d2ed56b1c6cd76e2fdfef
results/source_summaries/3d/R06/SCP_ALM.csv,3987,ae2b7e65b44532989230e7f5d4b63f0ab96953cee0ccb8e1f099239829eb4c38
results/source_summaries/3d/R06/SCP_LR.csv,3892,e4e9fe1ee6bb5bb1aee2c8c3db67ed55db241489001dc9b39b9e41941430160f
results/source_summaries/3d/R06/gurobi_extensive.log,35708,8f814623fdd67ee44ac9ca19a7ff6f2637d1b35a44a0c475e667304767672a5c
results/source_summaries/3d/R06/p1_incumbent_audit.csv,3567,231dfea866066ca873ac1a7e3ab4000079c3e43405810d1e1c347723380c6446
results/source_summaries/3d/R06/p1_norho_incumbent_audit.csv,3552,44d7d9ddb830a558dd716683a97ede58f2a95f438290ae29b50ae50ed30b68bf
results/source_summaries/3d/R06/p1_norho_log.csv,206665,f9ceb64e5ded3e56520140ae90c58019750965c959ccbdbf588c855016c3dbe0
results/source_summaries/3d/R06/p1prime_log.csv,24421,05be8de06fad82464c547bca4a2a4a3940193c113086a95c2d324a1f23d038d5
results/source_summaries/3d/R06/p2_fixed_z_audit.csv,1640,aa3d6d9292104618ff3fed5f59abbeb9fa67524f4c467716ac28364e104999d0
results/source_summaries/3d/R06/p2_theory_log.csv,15945,dbf880433bf33ffedb42badc0f720bd6533de1f54673568d17a7f836b437acee
results/source_summaries/3d/R07/Gurobi.csv,3415,a953d8531c19be77eb48ad579e0679d27067f5d6af169661028eb5115d627baa
results/source_summaries/3d/R07/RD_ALM.csv,4509,22eea32796b21654df06bf859442f00411879e59020f2c3b3fe12cac21888a71
results/source_summaries/3d/R07/SCP_ALM.csv,3913,e5c2e1b27700cc2518f6cf0c49f26bb0db9ebf81929c646baf94caa461b76cf5
results/source_summaries/3d/R07/SCP_LR.csv,3903,2e2a16492c268b47fd0ac64cff049d179b544819f15acdb317ec3e8804cd57cf
results/source_summaries/3d/R07/gurobi_extensive.log,37995,8dce35c2a0f0b3aea3a4dd6303045cc407a620b0da15631de92a5b7fe3d8086d
results/source_summaries/3d/R07/p1_incumbent_audit.csv,3957,e7aa105c577571dfca02d17a58d5478b8822ef4288233191904f83374f99fd26
results/source_summaries/3d/R07/p1_norho_incumbent_audit.csv,4025,22fbe0851bb454af60f340107a714544765b182d5e0e8fc560a42c2b12de900c
results/source_summaries/3d/R07/p1_norho_log.csv,89101,adbdecb0e6bc5a5f43e6d2feee4f9113be86d5d8866b55c9a53c6c8d19688773
results/source_summaries/3d/R07/p1prime_log.csv,18106,2f4dd64b912fc5e53b6cdd16ca33c9ef228d3b6c86072db6cad55da6d389eec9
results/source_summaries/3d/R07/p2_fixed_z_audit.csv,1634,1b283b1334c6471983e50c522192867835197f23b0caaf515e7f427b3c542ed6
results/source_summaries/3d/R07/p2_theory_log.csv,18438,cf23c9aa6c0edb72df79b41d37c010dd6b7077f85292d511468df6dca42c9fd1
results/source_summaries/3d/R08/Gurobi.csv,3484,5590f2d25cd37e80b54ff53adeb095e96af4437ea90016fe72a64f8c852267c3
results/source_summaries/3d/R08/RD_ALM.csv,4509,32eea6207dc5a85195cec7fe830504005cabe32cb36993538023f3a3adf3e1df
results/source_summaries/3d/R08/SCP_ALM.csv,4040,a3f82799103ce28a7a795104319670f58de44af66a28fd241d15bdc5c29e74b6
results/source_summaries/3d/R08/SCP_LR.csv,3939,59fb1f803fcf3b77e6c10e7abae40a7fdf7cebe63091247f5c04240c5fdab238
results/source_summaries/3d/R08/gurobi_extensive.log,35304,bf58a3cace5cfc30cc88cb49ecc87054a8efff77e4c991aee544a8b7e8c6834d
results/source_summaries/3d/R08/p1_incumbent_audit.csv,3456,8e7bc535d3556c5bc7f06b573430b903229d55d500eda5b489115670114f960d
results/source_summaries/3d/R08/p1_norho_incumbent_audit.csv,3962,492e84856cb24fd43b4376694475b96f49369e14d96abd6db2dab60ba494f12e
results/source_summaries/3d/R08/p1_norho_log.csv,138384,33a7a0fe2d2d494384be9c6496c2208939502dde8409fef33063d73a401d2b64
results/source_summaries/3d/R08/p1prime_log.csv,16462,e5870d099682436201a5dd28e6fba475acee137b9c4857cbc572ceb5b4d134a5
results/source_summaries/3d/R08/p2_fixed_z_audit.csv,1230,2bf373b05ed683da062a93da9b45a17607a23323329b69ba988699447e073e6b
results/source_summaries/3d/R08/p2_theory_log.csv,16388,33bce0f956be2973c031038c5c1382e880a49f2054d19dda09c560068b19542e
results/source_summaries/3d/R09/Gurobi.csv,3451,f04cc158b2baff913ce57364773ef8eb3ff81f66d6b7993a6bebf87895a93361
results/source_summaries/3d/R09/RD_ALM.csv,4511,f48bb8aa12a7db1b3b0efc8d37a8645bd2ce7b26f9232365945aed894398e158
results/source_summaries/3d/R09/SCP_ALM.csv,3903,4ff39ed1fcb038b52d774ab039df06b3e0ceddb6957b9a3ec6c51bc81b42db44
results/source_summaries/3d/R09/SCP_LR.csv,3895,1978b97d3a88e2d7e49eff9f647e4c40b32eb434540b3eb352804517b73af691
results/source_summaries/3d/R09/gurobi_extensive.log,34900,6aff6e850710e9d5254e7aaf96426e4ea9fa04dff87a00091b0662d91cb44c46
results/source_summaries/3d/R09/p1_incumbent_audit.csv,4735,cb8a280c7b43d764a9db62c2a40eacd50a0d9828890eedbf085a31b592900e0f
results/source_summaries/3d/R09/p1_norho_incumbent_audit.csv,4781,187a2ade177f3fa614fc85a0969e45d5cf9ec7d2a4c8620d8deaea7074ca6626
results/source_summaries/3d/R09/p1_norho_log.csv,171638,052a67e7efe8955becd03002b0c65f7caf298c1a245e15487b2165cc615ae900
results/source_summaries/3d/R09/p1prime_log.csv,23117,d06e9ddcf0e2c005357caf51ae2d18dabfc6ae8a9317617795c4d82ec0999474
results/source_summaries/3d/R09/p2_fixed_z_audit.csv,1635,58cbbeedf600a3d2cde861547aa09c9426d3c0c3ebe8848b0c79fa3184f34b37
results/source_summaries/3d/R09/p2_theory_log.csv,13915,084b1bb9d242f886b7f8833925883fb8ead9959adc6ff675bb63cfc4ab8bfa02
results/source_summaries/3d/R10/Gurobi.csv,3415,13d2773533d8635fd1826ccbcd5ffd4d46904e23b49c73136e37436a5cf0fbd6
results/source_summaries/3d/R10/RD_ALM.csv,4519,96af0b08fe9160f9e8194d188a6f2aa33a1d073b45e12955f399e5c3a05ffdec
results/source_summaries/3d/R10/SCP_ALM.csv,3985,88beac00aab4a6eccec7cc9bf41fad036aab90fb2e62e18d270bdd44020bc381
results/source_summaries/3d/R10/SCP_LR.csv,3903,a8eb031e8d68029f81fce2ab0352ce312b09d48828ab37e77b92ebcf2a851e94
results/source_summaries/3d/R10/gurobi_extensive.log,35976,073c7541b7ac9a917323f9bccb7fc1f3d957f256003969ef0aa1e8ddbc1d5e47
results/source_summaries/3d/R10/p1_incumbent_audit.csv,3191,4ebff2cc4d9b9a76c84a3786022aa907feb5aaa2c9c10f1dc13b2a543a98828d
results/source_summaries/3d/R10/p1_norho_incumbent_audit.csv,3200,de2a4a6af8b84689e1e5f84a18c3b355a6a503f7e9605ab05b3ef86c1b0e3bef
results/source_summaries/3d/R10/p1_norho_log.csv,155416,33b88cc8074859063b54e0b207125c7f1d71d231f13c1e4838ada3e1ef0f9cf2
results/source_summaries/3d/R10/p1prime_log.csv,41243,26a1ccbecf5736e618fee2aa116d38547b2d72a3fefc9ab7b23537bb6be6299a
results/source_summaries/3d/R10/p2_fixed_z_audit.csv,1227,30c640d7c56c88c583899a9066b36db57f04fd0ff825351f7ea40a26afccd27d
results/source_summaries/3d/R10/p2_theory_log.csv,18417,8269f6281ad452e4eb00b37787955cada1652713bc91ebbe80db7b3a6b46945e
results/source_summaries/3d/R11/Gurobi.csv,3398,aa06cabb32c6edac3bce7c8541f8b6c6bbc3286d063c76467af863f9692ce806
results/source_summaries/3d/R11/RD_ALM.csv,4519,6f4055ee7bc1a20d8e3e61465e3701b195e7725bea3a81055270ebe515ddb6e8
results/source_summaries/3d/R11/SCP_ALM.csv,4000,4f74e7ff664b7c406153121952bcedd9e25487adf91b90f76716ee5d5fadad30
results/source_summaries/3d/R11/SCP_LR.csv,3891,e2d8c1cd494057591d39faea14451df4013f737dc0638cc31e97576ea12a7106
results/source_summaries/3d/R11/gurobi_extensive.log,36698,7401d5470808497d2f7b1907f6b987c5259e7f20852ec0bea2a140692d8a8ead
results/source_summaries/3d/R11/p1_incumbent_audit.csv,3145,4b15ee656a581892895a8b7ae10f9a15a18f41f0aa4c23db0cb2459300d2ac5c
results/source_summaries/3d/R11/p1_norho_incumbent_audit.csv,3205,cabf7ba49ed57e9d78e6eb4eca8d10128fc0365c75cfa203bacef7ca8e77f7bd
results/source_summaries/3d/R11/p1_norho_log.csv,225437,cd9256f6e7e79dc528754d3dad0b677b3f1abf4edbe6287d476328163684e6e9
results/source_summaries/3d/R11/p1prime_log.csv,18379,7ac9622eb432abe11fd019ec449aa083cc2a7642a8a1a1ef494cbc26e11addf0
results/source_summaries/3d/R11/p2_fixed_z_audit.csv,1631,4c71b13d270b6d1c2e57a04586361df529a3c99a73a14d5a6aa8977ce1a0247c
results/source_summaries/3d/R11/p2_theory_log.csv,17413,f649cdae0c957178c053ab39617adb266b4096a59a5879ec4b8f3e760890d2f7
results/source_summaries/3d/R12/Gurobi.csv,3404,84b8cca081d9c8cef46987b579e72a1ccd8515d6f6f6b8802f8887260c7edd63
results/source_summaries/3d/R12/RD_ALM.csv,4502,35e4f09dd881aa34c47c622baeace80aaca066e2c91eb29ce7732f48c7f10626
results/source_summaries/3d/R12/SCP_ALM.csv,3899,e30f5a8a82bc190889a5e43a30e5ca2bcecb3a754d232acea16caaa9691fc1a8
results/source_summaries/3d/R12/SCP_LR.csv,3883,51e872596c5b8d046ec182565de8a84d5209741d8915b9ddb85f57e08c41ada3
results/source_summaries/3d/R12/gurobi_extensive.log,36135,fb59c86d1af8e4cd9089599dc84f8c58f37395047444db9a4534d744068e483a
results/source_summaries/3d/R12/p1_final_stop_audit.csv,1056,b974a1b0eb5d39d2a6c1bbc6e587ccd1070f3cd98635414461d4fabc5acf1b11
results/source_summaries/3d/R12/p1_incumbent_audit.csv,2043,e534ba40198dc993345713b063af48d07737f61e384ef33be3f7959ce4934899
results/source_summaries/3d/R12/p1_norho_incumbent_audit.csv,3206,e46c2e11e178fcb39b7639c083956f059fb308c71d12539631c55a83f5c32205
results/source_summaries/3d/R12/p1_norho_log.csv,217307,118bc4c3d8d5ee19c4a941334f0bb15fe59330ad88eeb705d07ca241306ac694
results/source_summaries/3d/R12/p1prime_log.csv,10456,73d92198d5c2043f88ec7b6cdef777c57708cb7b40ca664341a851ef75c1d15b
results/source_summaries/3d/R12/p2_fixed_z_audit.csv,1630,b7b8126e00802a18a01aeefb5291a6765cc908e6164218b3d2551e1f0016e991
results/source_summaries/3d/R12/p2_theory_log.csv,12432,b57a25dd489f1f76175e15935a49fe28d9f35ca9b8cd7cd3f88152eaf8828de4
results/source_summaries/3d/R13/Gurobi.csv,3453,ac7a12d32c7dc18f1be1120b20a3f78e335137abcff853a0af9c026609be09dd
results/source_summaries/3d/R13/RD_ALM.csv,4523,3163203c96a7761070b9628b83b8d79a906120e23dbed5194e9e65b1df281e44
results/source_summaries/3d/R13/SCP_ALM.csv,3973,4ec9355a7b440731f3d4a501f31489fda0b7067ede54f290c0cb1cbd4a961d71
results/source_summaries/3d/R13/SCP_LR.csv,3896,3ca21c4a93cbecfb5c05311f45691ed24a0e1b6e749c53c4612b2ef5e34f2b08
results/source_summaries/3d/R13/gurobi_extensive.log,35932,954f6e3a3b6c5540ed2762243101727c06aacaa6623f6d8901c6f33367334422
results/source_summaries/3d/R13/p1_incumbent_audit.csv,4335,b379fd8f0bd98a12114a764d63d6e63ad3010d227b03fdfdb98d3b4a52f81e9d
results/source_summaries/3d/R13/p1_norho_incumbent_audit.csv,3604,9fb1caa0a0e1293849da02057bb7d28b70c81c7d925be404c95e2bfb964b8236
results/source_summaries/3d/R13/p1_norho_log.csv,220459,f4a17c4da5650d5d4ff859236516a11c7df154b339cf5dba449317da4c684882
results/source_summaries/3d/R13/p1prime_log.csv,43333,0e8dbfc2369bbd0619cd7520ff2ca27beb7c2a8cdc68d944dae680677ba28241
results/source_summaries/3d/R13/p2_fixed_z_audit.csv,1636,b63164d9455a620b3e89788a8ae2d26176ed8e01ffab4b2ecfa7315160af2670
results/source_summaries/3d/R13/p2_theory_log.csv,13397,b275e477bcd0ce992f8c68c04dc046430a427bd272bc54a268252b380f7fd3ce
results/source_summaries/3d/R14/Gurobi.csv,3451,ccf040a547ec30b73d74bc81928d6a671a457f268d36dd016f6e24ae1ad3d6b7
results/source_summaries/3d/R14/RD_ALM.csv,4518,e37509fa73b87cd29e7470a824542ee9c456c8c88988b80525b6ba318cec484f
results/source_summaries/3d/R14/SCP_ALM.csv,3914,77cc593ae2e42172ebb5aad0ff1da5b23950c32bbf127eff78fdbd19e4fd8826
results/source_summaries/3d/R14/SCP_LR.csv,3889,79f891b4f23d9ae6122cf77c47f4f8c00e5fa661e79add8ef34de951191d118c
results/source_summaries/3d/R14/gurobi_extensive.log,36076,24231bea9417efeee916c8b65a8a0219416265837e6a96e9dbe23e0736fe5a35
results/source_summaries/3d/R14/p1_incumbent_audit.csv,3910,9d1aa391c454045329e702c09f1a067e0d1a9f17fb0ba84b593d01893049cfc8
results/source_summaries/3d/R14/p1_norho_incumbent_audit.csv,3962,30a518d41d4e8e9dfc69186c971b281abc150276194db9746ff00b2c78c50364
results/source_summaries/3d/R14/p1_norho_log.csv,104463,03d83019f52de9a85cb473ddbfb58ac33ac46d191d736faf7926ff6ee375b83f
results/source_summaries/3d/R14/p1prime_log.csv,34477,01d74c22b23273beccfcf835b1db8155810b65db946642a362fc16b9156e3fda
results/source_summaries/3d/R14/p2_fixed_z_audit.csv,1631,2a9324265fab1374ae3ff0c5e8d05820148615dc033d36611ec87fda2c3c82f1
results/source_summaries/3d/R14/p2_theory_log.csv,13901,5015049f9cfa58dd192b3b92061476fed90a80f1881104b1b8eec154c0f0fb1c
results/source_summaries/3d/R15/Gurobi.csv,3450,a2c52a60b6a21f8ffad55f5d000e88a4305d2d10e9cbc436e3262570c7eed53f
results/source_summaries/3d/R15/RD_ALM.csv,4522,e2c2b7bd1b99c059301a0d1e109b65715e068e3aa3d7e5faef50277b0236c391
results/source_summaries/3d/R15/SCP_ALM.csv,3917,3de727cee3291455641597bbdce1158e01fa223378e24296c0424bd3d43d20b8
results/source_summaries/3d/R15/SCP_LR.csv,3884,82e72ed953b92035dc06acb4b65534280d0ed2750902788717c27a432dedf434
results/source_summaries/3d/R15/gurobi_extensive.log,37284,616f0f09893c87c9d934ad60bd6591cdd665530fdfabd588d05db6200f4a4361
results/source_summaries/3d/R15/p1_incumbent_audit.csv,3951,6c9bd5e121d31ab337eeccbaa6faa139aa6fd703784189edb58ab00ba4f8b3dd
results/source_summaries/3d/R15/p1_norho_incumbent_audit.csv,3206,9d0b274a37c3dd5a8569ec76c140f8e26897e3722d53ab15ef3876b69133707e
results/source_summaries/3d/R15/p1_norho_log.csv,256873,a5764705e5152b3c79b67fe02e0d4251f8b3136e47676a7e3439778eee20536b
results/source_summaries/3d/R15/p1prime_log.csv,30823,a9a53be734694a7ed5b8f312f2eafe02a6b3e4c2400f469d676e1a25c4818666
results/source_summaries/3d/R15/p2_fixed_z_audit.csv,1627,ab234e7c3bc285eecc7e5cf6496c049ad1310ecb555949a208ecfe614cc6f9b3
results/source_summaries/3d/R15/p2_theory_log.csv,16871,39ce031eadc9c006b1e4cc00b94d750cbf3916feb38a62495109e6cb03eb4395
results/source_summaries/3d/R16/Gurobi.csv,3442,70a9977615aec99db151d91b452270dced0fbb92ff8d13906755f725847e1762
results/source_summaries/3d/R16/RD_ALM.csv,4518,056ab86387aa625e573837578cb56250fb647b2815c5ac56e0484f18574fb6e9
results/source_summaries/3d/R16/SCP_ALM.csv,3994,b589d2595b28e46a5f90a2aed324d1433a85b5796a0c57ed2be7bd889be8fc27
results/source_summaries/3d/R16/SCP_LR.csv,3890,d3701936655c10251c16f8bc3707ddf86da93d7dea31aa5e9c34245af112c729
results/source_summaries/3d/R16/gurobi_extensive.log,34925,e17e607c34fc9f2713c1bb9638aaba755a7e5539ecf74176ac54c4c29aba2782
results/source_summaries/3d/R16/p1_incumbent_audit.csv,3567,e19b38ae3502f5c2a9d4a38bba64511dd7629440237b04335d80dee0c88e79f9
results/source_summaries/3d/R16/p1_norho_incumbent_audit.csv,3249,17b64d88716991d76dd71141ae70f45a1b1a9b509a5a58309440546e1bb09332
results/source_summaries/3d/R16/p1_norho_log.csv,156147,ff86c4fc2a7054860d5bbbe0d95ec573d0abc02fa50c218ddcc820524c1af0df
results/source_summaries/3d/R16/p1prime_log.csv,22630,22ebe732f3e8baefe52e331e7befa81809807e12e49a2884aeeb9f7fea333bc8
results/source_summaries/3d/R16/p2_fixed_z_audit.csv,825,8ecbc12b37f2b89e6167a578bb7354c90b8e3d2ac5c65a93683edb68a1bc0739
results/source_summaries/3d/R16/p2_theory_log.csv,13410,5c5371ab8bebd96c69f366fad97e2bfba4bc1f75cddecca21c112462279b3895
results/source_summaries/3d/R17/Gurobi.csv,3396,fcb71d3a4b0bb675efdb8334c3719bdf266b47f42a1f22557c4f502e3616670b
results/source_summaries/3d/R17/RD_ALM.csv,4521,6282fad1fdf8ba80aeda553ca501aa7ff418aff1f423f3fa57064fe397335a64
results/source_summaries/3d/R17/SCP_ALM.csv,4015,69b431968d92ade3a3ab6c74750b993bd5a8040137c118f55ab3514cdab6f5aa
results/source_summaries/3d/R17/SCP_LR.csv,3897,cad18c18ca83dca13cdeaabd3acb0a76fe630b3cb5aea49d99ddd103381e00a7
results/source_summaries/3d/R17/gurobi_extensive.log,34266,d81803a5aa95c41dce23d70261ed9b73f316c4029d55238af940c7828c5883e0
results/source_summaries/3d/R17/p1_incumbent_audit.csv,4661,62b6475ce00901fa6a1e09aa759ab18c813d1078127507fb8b435c68bf24f1dd
results/source_summaries/3d/R17/p1_norho_incumbent_audit.csv,2453,657494e4f334a09399162bf112dafe1234c7be81b809da7ac45ae39a6eea03e0
results/source_summaries/3d/R17/p1_norho_log.csv,217742,e1a292701ae3c275c810f0b3020037f63e9a2fa9fdffff8d2340e781c82a92d3
results/source_summaries/3d/R17/p1prime_log.csv,33106,776788d87286c8a6b392545b60d21daff13dc6a8efeaa18dc280a5e34d00db8e
results/source_summaries/3d/R17/p2_fixed_z_audit.csv,2040,46c13160c3926e3a3ad694cbb7b5fe82272a619d6eb3215ee440437ea2986430
results/source_summaries/3d/R17/p2_theory_log.csv,11901,fd9700ee5ffb3d9e7035228fd8007a4bf916118b17e0ea8695ca04399900a9d0
results/source_summaries/3d/R18/Gurobi.csv,3452,fdae7d291bc7de9df3d76b0e35358a7b288b9447e46f2e0c0b33ee9d287c8970
results/source_summaries/3d/R18/RD_ALM.csv,4521,1205ea94a14bb1691a7c7409b5cef3b2861f8e72d2f44f6b764aff3d7ce4047b
results/source_summaries/3d/R18/SCP_ALM.csv,4014,949f793ab6283299ee19ac382b321bbf883df44bc03d59cb843c6fdfe98b2dd4
results/source_summaries/3d/R18/SCP_LR.csv,3890,f60441aab25660d6d98ed8a1e9a6de9ea8e608e3d6b4f731b0f30635a1546caf
results/source_summaries/3d/R18/gurobi_extensive.log,39003,4a21055b8706e7b1769e08d84adbbd9ad5a7256636521f282d00457654420aad
results/source_summaries/3d/R18/p1_incumbent_audit.csv,3169,5a63b1fdff9ff36ea30ff06bb1c88f09c749618c29c686ecf0ac8ab1f66f5d8a
results/source_summaries/3d/R18/p1_norho_incumbent_audit.csv,3984,413f0a4df39ba5950f74910953bece59ed0055b372225ba3e8c1b31ca7b36963
results/source_summaries/3d/R18/p1_norho_log.csv,160190,78d59d89ada65e2aad491755568873ab86885752305cb99d75da988d4b042efc
results/source_summaries/3d/R18/p1prime_log.csv,26155,a7933138199dbab904c98ab08ec6e7bbdbca81fac679aaa4d851111a0c7cb407
results/source_summaries/3d/R18/p2_fixed_z_audit.csv,1223,3fd37d888c1e329d9758a16ce6c5aedabd82b2954ef971acaa723ca1a209a633
results/source_summaries/3d/R18/p2_theory_log.csv,13393,3bc90234093f9c3d5f3105f101368eaa21596e2df5243cecd87f975f623617ba
results/source_summaries/3d/R19/Gurobi.csv,3417,832c21defd95eec420ec536f26bcab81ccf0c0edfe2e6a3878179b7d58dfdeeb
results/source_summaries/3d/R19/RD_ALM.csv,4507,ab5abfcfb7491c0eeab85991dce9a2dfa0229cf9fbaa313ebf75f726e53115ca
results/source_summaries/3d/R19/SCP_ALM.csv,4020,f3f987f0fb74983a5955c0400cb5a47e04efb533e5fcd9c0ed7ac376c8843132
results/source_summaries/3d/R19/SCP_LR.csv,3910,4fe92cb44dbac7aa0969a7cd02a34b9f120d537bf4282fe1cba02401dfa2ac3f
results/source_summaries/3d/R19/gurobi_extensive.log,35892,3ed2b7f91a118f5800dd3c53cd37dd739e87d4a78b1a10aba4549b6578b36db1
results/source_summaries/3d/R19/p1_incumbent_audit.csv,3602,5755fb8507ba729f7bd288acc44f7a54378d27a0fea9cfa01fe4b46468b4434e
results/source_summaries/3d/R19/p1_norho_incumbent_audit.csv,2445,822a4b8902237861c5f14c04369eeef3bc32f1b0de7903a559a231d6218f46fa
results/source_summaries/3d/R19/p1_norho_log.csv,363567,27062849fcfa85b44af1cfa85abc799ee49857bc0672f87f532c2c2804a6b7a0
results/source_summaries/3d/R19/p1prime_log.csv,20129,f840a2c31eefaca59a96499562d09f5e509e9f0bfc2af9f19925fc1788c59abc
results/source_summaries/3d/R19/p2_fixed_z_audit.csv,1631,8eff037efec2c650fe1cda0d34430a5e34acfcde3fdaae45f932a4e18ed92e24
results/source_summaries/3d/R19/p2_theory_log.csv,12933,2a27df44499744d9e4ad4694873dcad0eec852fc1d311b7bff5a43133705fb7a
results/source_summaries/3d/R20/Gurobi.csv,3411,d1ea6e773d062c443a5cfbe19241edc31dece2bfe8c0cbda9f36aa3962b2df27
results/source_summaries/3d/R20/RD_ALM.csv,4518,53d32d461fec1d270338ca2a4c36bea693c2f4db04d827e12bff0f08a43f0f35
results/source_summaries/3d/R20/SCP_ALM.csv,3931,d0c374a9136561b1a9b780659800e5423aa5a1faf0df1261146a7f44320b78fc
results/source_summaries/3d/R20/SCP_LR.csv,3900,7d0457e048b6b30593d57ae120759a1043a495c044895693d46688d268e1157b
results/source_summaries/3d/R20/gurobi_extensive.log,37722,f03c7a43736d6164a8b52065bd454660010d7997b64063cf98cc6629acdb1f99
results/source_summaries/3d/R20/p1_incumbent_audit.csv,5073,a32c4015ed8a6ba2664f1957d074c458ec53ffffa06906cbaf3605779e8e254d
results/source_summaries/3d/R20/p1_norho_incumbent_audit.csv,2876,df7a06b172590e51d6ee106656312ab1045ac5248c4970a481fcddc3abfe065f
results/source_summaries/3d/R20/p1_norho_log.csv,331773,fd57ab7b038609985956fb0b640f4561f1c667c40a84a8c8496ad250d753d365
results/source_summaries/3d/R20/p1prime_log.csv,39471,a059a43693bbbdfb9089151785dd6ea3ed31d9d4ae2486a8df6402f4b20a4e15
results/source_summaries/3d/R20/p2_fixed_z_audit.csv,1224,7c83932719d1ac8fd219121a8454b4c84fd86424f830eb99bd3587ed883dc059
results/source_summaries/3d/R20/p2_theory_log.csv,14889,d1d1e26f8afec7e540f1bc3cb92ded8fda1bf92cdecb913025acf669274cbf08
screening/archived_candidate_run_configs.json,3298591,f6a7bb0d90dd91fc2d971662ad1a44732ff58df56b5f3ae984a32cc0fcf7a004
screening/candidate_registry.csv,6602,27e67a9aa556dc194e9e217396a0dbc78127cda0614153de78d0fba10ecd3cb5
screening/identity_audit_stage1_to_stage2.csv,28424,f91c27551bd2e586b2693c38148b42edf4ed5c9fb0b6882479976fa62e2d0012
screening/screening_config_public.json,41109,70a51bfe73d7a2405d1c76ff6525ba47f130675ac684d63536cfd5b416a4c308
screening/selected_instances.csv,11598,85d9bb4a978bba80f361393f4aa9997660d9d9efeb676abf08d58a7f5441951f
screening/stage1_60s_ranking.csv,186794,4c88b586d2171d0d247c0c121c470e1a00a972d26ec4a561b97aa3d45cc515ef
screening/stage2_300s_ranking.csv,28431,02d1866d57f8acf2340824af182fa3ee65c5ddc282dc7dc2627d1d05ae084e49
screening/three_dimensional_candidate_map.csv,75764,fd95d60cbbce489a7b3bc24837bbd3c852b711297f23d4261f0ea3f8dde1588b
scripts/audit_common.py,15356,b2acfa62fca3e58b05093551f012431c9e868af493730c25dc3ed57b1619044e
scripts/run_2d_scaling.ps1,913,03a414bc8cdf6d5a7d375732adc57f576e23ae40dab8a2fae515177990ca252a
scripts/run_3d_difficult.ps1,913,4385721e1589629eba3cd28b6784f3907115d5a702ba99289e831aa43164f1a9
scripts/run_experiments.py,5647,875f9c5985eb75646d59a60021aa81a7b668ca19351fca273ecdae35ea75b85a
scripts/test_repository.py,5718,3a14b607b4a1cfbd9c5bc93c670060dcef955096c71f884db69e0176d4875666
scripts/verify_repository.py,9825,deb2960ee5e913a367c0235f9218a4981edc657c672a6d738bca234711a280ca
