t,seq,context,candidate_z,audit_z_full,audit_phys,internal_obj,status,is_optimal,has_incumbent,verify_obj,verify_residual_l1,verify_mip_gap,improved_audited_ub,audited_global_ub_after,certified_global_lb_after,strict_cert_gap_after
0,1,initial_constructed_feasible_0:init_sunint,"tail_cont_enabled=1 tail_active_dims=(1,) tail_delta=0.1 tail_start=(6, 6, 6) returned_y=(4, 0, 3) returned_b=(0, 0, 0) returned_u=(0, 0, 0) returned_zcap=(4, 0, 3) max_tail_u=0","(4, 0, 3, 0, 0, 0, 0, 0, 0)","(4, 0, 3, 0, 0, 0, 0, 0, 0)",-23669.06341455781,OPTIMAL,1,1,-23669.063414557815,0.0,0.0,1,-23669.063414557815,-inf,inf
0,2,initial_constructed_feasible_1:zero_anchor,"tail_cont_enabled=1 tail_active_dims=(1,) tail_delta=0.1 tail_start=(6, 6, 6) returned_y=(0, 0, 0) returned_b=(0, 0, 0) returned_u=(0, 0, 0) returned_zcap=(0, 0, 0) max_tail_u=0","(0, 0, 0, 0, 0, 0, 0, 0, 0)","(0, 0, 0, 0, 0, 0, 0, 0, 0)",0.0,OPTIMAL,1,1,0.0,0.0,0.0,0,-23669.063414557815,-inf,inf
5,3,repaired_probe:active_2_tail_repaired,"tail_cont_enabled=1 tail_active_dims=(1,) tail_delta=0.1 tail_start=(6, 6, 6) returned_y=(6, 1, 1) returned_b=(1, 0, 0) returned_u=(0, 0, 0) returned_zcap=(6, 1, 1) max_tail_u=0","(6, 1, 1, 1, 0, 0, 0, 0, 0)","(6, 1, 1, 1, 0, 0, 0, 0, 0)",-24429.05352976086,OPTIMAL,1,1,-24430.973866705135,0.0,0.0,1,-24430.973866705135,-69869.77798978808,45438.80412308295
5,4,inner_best_ub_z,"tail_cont_enabled=1 tail_active_dims=(1,) tail_delta=0.1 tail_start=(6, 6, 6) returned_y=(0, 1, 6) returned_b=(0, 0, 1) returned_u=(0, 0, 0) returned_zcap=(0, 1, 6) max_tail_u=0","(0, 1, 6, 0, 0, 1, 0, 0, 0)","(0, 1, 6, 0, 0, 1, 0, 0, 0)",-48031.189566702844,OPTIMAL,1,1,-20815.703861128473,0.0,0.0,0,-24430.973866705135,-69869.77798978808,45438.80412308295
10,5,repaired_probe:best_tail_repaired,"tail_cont_enabled=1 tail_active_dims=(1,) tail_delta=0.1 tail_start=(6, 6, 6) returned_y=(5, 0, 3) returned_b=(0, 0, 0) returned_u=(0, 0, 0) returned_zcap=(5, 0, 3) max_tail_u=0","(5, 0, 3, 0, 0, 0, 0, 0, 0)","(5, 0, 3, 0, 0, 0, 0, 0, 0)",-25965.932865161198,OPTIMAL,1,1,-25965.932865161194,0.0,0.0,1,-25965.932865161194,-59410.2734484587,33444.340583297504
10,6,current_z0,"tail_cont_enabled=1 tail_active_dims=(1,) tail_delta=0.1 tail_start=(6, 6, 6) returned_y=(6, 0, 2) returned_b=(1, 0, 0) returned_u=(0, 0, 0) returned_zcap=(6, 0, 2) max_tail_u=0","(6, 0, 2, 1, 0, 0, 0, 0, 0)","(6, 0, 2, 1, 0, 0, 0, 0, 0)",nan,OPTIMAL,1,1,-25123.770141886387,0.0,0.0,0,-25965.932865161194,-59410.2734484587,33444.340583297504
15,7,current_z0,"tail_cont_enabled=1 tail_active_dims=(1,) tail_delta=0.1 tail_start=(6, 6, 6) returned_y=(0, 6, 1) returned_b=(0, 1, 0) returned_u=(0, 0, 0) returned_zcap=(0, 6, 1) max_tail_u=0","(0, 6, 1, 0, 1, 0, 0, 0, 0)","(0, 6, 1, 0, 1, 0, 0, 0, 0)",nan,OPTIMAL,1,1,-22912.398331060147,0.0,0.0,0,-25965.932865161194,-59410.2734484587,33444.340583297504
65,8,history_pool_1,"tail_cont_enabled=1 tail_active_dims=(1,) tail_delta=0.1 tail_start=(6, 6, 6) returned_y=(1, 6, 0) returned_b=(0, 1, 0) returned_u=(0, 0.0833333, 0) returned_zcap=(1, 6.08333, 0) max_tail_u=0.0833333","(1, 6, 0, 0, 1, 0, 0, 0, 0)","(1, 6, 0, 0, 1, 0, 0, 0, 0)",nan,OPTIMAL,1,1,-24263.370182825936,0.0,0.0,0,-25965.932865161194,-59410.2734484587,33444.340583297504
165,9,current_z0,"tail_cont_enabled=1 tail_active_dims=(1,) tail_delta=0.1 tail_start=(6, 6, 6) returned_y=(0, 0, 6) returned_b=(0, 0, 1) returned_u=(0, 0, 0) returned_zcap=(0, 0, 6) max_tail_u=0","(0, 0, 6, 0, 0, 1, 0, 0, 0)","(0, 0, 6, 0, 0, 1, 0, 0, 0)",nan,OPTIMAL,1,1,-16618.41156046865,0.0,0.0,0,-25965.932865161194,-59410.2734484587,33444.340583297504
