S,algo,t,wall_time_sec,init_time_sec,outer_iter_time_sec,inner_time_sec,eps_in_t,eta_t_star,eta_out,eta_in,eta_sep,eta_cap,eta_bracket,inner_lb,inner_ub,global_lb,global_ub,outer_gap,objective_cert_gap,best_ub_primal_obj,best_ub_primal_residual,returned_primal_obj,returned_primal_residual,lambda_inf,lambda_out_inf,lambda_in_inf,rho,theta,alpha_eff,phase_label,phase_reason,center_inf,center_step,anchor_mix,directional_beta,dual_inc_eta,sep_anchor_reason,alpha_signal,best_feas_eta,best_feas_residual,close_signal_streak,close_lock_counter,close_bc_count,close_case_c_count,close_reset_count,close_feas_lock_count,close_shadow_active,close_repaired_gap,close_repaired_residual,close_repaired_tag,inner_rnc_iters,inner_eval_calls,num_rnc_samples,num_rnc_kept_cuts,num_master_cuts,cut_added,outer_gap_certified,final_solution_found,stop_reason,sep_ok,case_label,sep_cut,out_cut,mispricing_streak,in_update_reason,add_geo,add_sup,add_rep,cap_promoted,z_best_ub,returned_z
120,P1_prime,1,14.321357500040904,5.734805400017649,8.586388499941677,4.3175657000392675,0.01,0.0,0.0,-65643.31631307292,0.0,0.0,-23428.26778232749,-65643.31631307292,-65643.30600615553,-65643.31631307292,-23428.26778232749,42215.04853074544,42215.048530745415,-66168.90600615552,52560.0,nan,nan,0.0,0.0,0.0,0.01,0.01,0.0,HEADING_IN,WARMUP,0.0,0.0,0.8,0.0,-65643.31631307292,BOOT_NONE,0.0,-65643.31631307292,52560.0,0,0,0,0,0,0,0,inf,inf,NA,1,2,2,2,2,5,0,0,CONTINUE,0,A,1,1,0,BOOT_VALID_FROM_CUT,2,2,0,0,"tail_cont_enabled=1 tail_active_dims=(1,) tail_delta=0.1 tail_start=(6, 6, 6) returned_y=(0, 4, 4) returned_b=(0, 0, 0) returned_u=(0, 0, 0) returned_zcap=(0, 4, 4) max_tail_u=0",NA
120,P1_prime,2,23.652747299987823,5.734805400017649,9.330966799985617,2.8509644999867305,0.01,7637.03873093779,7637.03873093779,-65643.31631307292,-14347.067782265425,0.0,-23428.26778232749,-28781.789377375375,-28781.77810074164,-28781.789377375375,-23428.26778232749,5353.521595047885,5353.521595047867,-39514.89386492717,10886.0,nan,nan,0.4879779425034681,0.6971113464335259,0.0,0.4979779425034681,0.7071113464335259,0.3,HEADING_IN,WARMUP,0.06676666039357351,0.06676666039357351,0.8,0.0,-28781.789377375375,STRUCTURAL,1.0000000000000004,-28781.789377375375,10886.0,0,0,0,0,0,0,0,inf,inf,NA,7,8,8,8,4,7,0,0,CONTINUE,0,A,1,1,0,KEEP_STRUCTURAL_IN_ON_CUT,2,2,2,0,"tail_cont_enabled=1 tail_active_dims=(1,) tail_delta=0.1 tail_start=(6, 6, 6) returned_y=(2, 5, 1) returned_b=(0, 0, 0) returned_u=(0, 0, 0) returned_zcap=(2, 5, 1) max_tail_u=0",NA
120,P1_prime,3,41.78157049999572,5.734805400017649,18.128406599978916,9.262063500005752,0.01,-15188.482259890801,-15188.482259890801,-26698.166184057918,-30324.93247584544,0.0,-23486.602948644642,-26698.166184057918,-26698.152717348206,-26698.166184057918,-23486.602948644642,3211.563235413276,3269.89840173041,-29056.772955056025,1716.0,nan,nan,0.7786278763331554,1.1123255376187935,0.7786278763331554,0.7886278763331555,1.1223255376187935,0.3,HEADING_IN,WARMUP,0.19920870528286994,0.13244204488929642,0.8,0.0,-26698.166184057918,STRUCTURAL,0.7524254647000629,-26698.166184057918,1716.0,0,0,0,0,0,0,0,inf,inf,NA,22,25,25,25,8,6,0,0,CONTINUE,1,B,0,1,0,ACCEPT_SEP,2,2,1,0,"tail_cont_enabled=1 tail_active_dims=(1,) tail_delta=0.1 tail_start=(6, 6, 6) returned_y=(2, 5, 1) returned_b=(0, 0, 0) returned_u=(0, 0, 0) returned_zcap=(2, 5, 1) max_tail_u=0",NA
120,P1_prime,4,68.26338170003146,5.734805400017649,26.481369800050743,17.467822800041176,0.01,-22578.787509482954,-22578.787509482954,-26698.166184057918,-23814.60111185544,0.0,-23486.602948644642,-25355.766557368424,-25355.739085057285,-25355.766557368424,-23486.602948644642,1869.163608723782,1927.4987750409164,-27230.069126426963,623.0,nan,nan,1.5513557906099493,1.8825248967285755,0.7786278763331554,1.5613557906099493,1.8925248967285755,0.3,HEADING_IN,WARMUP,0.3963159327521343,0.19710722746926435,0.8,0.0,-25355.766557368424,STRUCTURAL,0.5579110997564397,-25355.766557368424,623.0,0,0,0,0,0,0,0,inf,inf,NA,26,30,30,30,11,6,0,0,CONTINUE,0,A,1,1,0,KEEP_STRUCTURAL_IN_ON_CUT,2,2,1,0,"tail_cont_enabled=1 tail_active_dims=(1,) tail_delta=0.1 tail_start=(6, 6, 6) returned_y=(2, 5, 1) returned_b=(0, 0, 0) returned_u=(0, 0, 0) returned_zcap=(2, 5, 1) max_tail_u=0",NA
120,P1_prime,5,185.61917179997545,5.734805400017649,117.35515860002488,91.2814271999523,0.01,-23060.670728440702,-23060.670728440702,-26698.166184057918,-24151.91936512587,0.0,-23486.602948644642,-24445.329241550964,-24445.277486997897,-24445.329241550964,-23486.602948644642,958.7262929063218,968.7572332311065,-25389.75519060383,198.0,nan,nan,2.5724470134538597,3.3412266436484472,0.7786278763331554,2.5824470134538595,3.351226643648447,0.3,HEADING_IN,WARMUP,0.6908990379599466,0.2945831052078123,0.8,0.0,-24445.329241550964,STRUCTURAL,0.6441069561160194,-24445.329241550964,198.0,0,0,0,0,0,0,0,inf,inf,NA,58,62,62,62,14,6,0,0,CONTINUE,0,A,1,1,0,KEEP_STRUCTURAL_IN_ON_CUT,2,2,1,0,"tail_cont_enabled=1 tail_active_dims=(1,) tail_delta=0.1 tail_start=(6, 6, 6) returned_y=(2, 6, 0) returned_b=(0, 1, 0) returned_u=(0, 0.1, 0) returned_zcap=(2, 6.1, 0) max_tail_u=0.1",NA
120,P1_prime,6,269.34510479995515,5.734805400017649,83.72550269996282,79.69632200000342,0.01,-23368.03969962232,-23368.03969962232,-24041.830139488608,-24367.077644953,0.0,-23486.602949885655,-24041.830139488608,-24041.74969811931,-24041.830139488608,-23486.602949885655,555.2271896029524,565.25813116875,-24814.21268488972,113.0,nan,nan,3.8038278671601256,5.100342148943113,3.8038278671601256,3.813827867160126,5.110342148943113,0.3,HEADING_IN,WARMUP,1.2491992872712563,0.5666693159222808,0.8,0.0,-24041.830139488608,STRUCTURAL,0.6486461176492435,-24041.830139488608,113.0,0,0,0,0,0,0,0,inf,inf,NA,51,55,55,55,17,6,0,0,CONTINUE,1,B,0,1,0,ACCEPT_SEP,2,2,1,0,"tail_cont_enabled=1 tail_active_dims=(1,) tail_delta=0.1 tail_start=(6, 6, 6) returned_y=(2, 6, 0) returned_b=(0, 1, 0) returned_u=(0, 0.1, 0) returned_zcap=(2, 6.1, 0) max_tail_u=0.1",NA
120,P1_prime,7,383.24462789995596,5.734805400017649,113.89902979996987,107.78684760001488,0.01,-23636.52609257522,-23636.52609257522,-24041.830139488608,-23758.117306649234,0.0,-23486.602949885655,-23900.463389517194,-23900.360927460846,-23900.463389517194,-23486.602949885655,413.8604396315386,423.89138119733616,-24248.116488466625,40.0,nan,nan,4.785350194750745,5.20600262086101,3.8038278671601256,4.795350194750744,5.21600262086101,0.3,HEADING_IN,WARMUP,1.8455644103360744,0.6523367808849394,0.8,0.0,-23900.463389517194,STRUCTURAL,0.1956072958584123,-23900.463389517194,40.0,0,0,0,0,0,0,0,inf,inf,NA,56,60,60,60,20,7,0,0,CONTINUE,0,A,1,1,0,KEEP_STRUCTURAL_IN_ON_CUT,2,3,1,0,"tail_cont_enabled=1 tail_active_dims=(1,) tail_delta=0.1 tail_start=(6, 6, 6) returned_y=(2, 6, 0) returned_b=(0, 1, 0) returned_u=(0, 0.1, 0) returned_zcap=(2, 6.1, 0) max_tail_u=0.1",NA
120,P1_prime,8,510.4875253000064,5.734805400017649,127.24230220005848,119.7544879000634,0.01,-23509.151960659707,-23509.151960659707,-24041.830139488608,-23668.955414308377,0.0,-23486.602970004787,-23725.103692478206,-23722.012221637706,-23725.103692478206,-23486.602970004787,238.50072247341814,248.53168415834807,-24178.527500345415,30.0,nan,nan,7.603587978458245,9.232056597586011,3.8038278671601256,7.613587978458245,9.24205659758601,0.3,HEADING_IN,WARMUP,2.6790671342938737,0.923734314990559,0.8,0.0,-23725.103692478206,STRUCTURAL,0.588967780621442,-23725.103692478206,30.0,0,0,0,0,0,0,0,inf,inf,NA,57,61,61,61,22,8,0,0,CONTINUE,0,A,1,1,0,KEEP_STRUCTURAL_IN_ON_CUT,2,3,2,0,"tail_cont_enabled=1 tail_active_dims=(1,) tail_delta=0.1 tail_start=(6, 6, 6) returned_y=(2, 6, 0) returned_b=(0, 1, 0) returned_u=(0, 0.1, 0) returned_zcap=(2, 6.1, 0) max_tail_u=0.1",NA
120,P1_prime,9,557.1368044000119,5.734805400017649,46.648219900089316,40.765553200035356,0.01,-23525.476820970915,-23525.476820970915,-23887.564977601178,-23964.377141710953,0.0,-23486.62742829103,-23887.564977601178,-23887.458742597955,-23725.103692478206,-23486.62742829103,238.47626418717482,248.53168415834807,-24221.19616604888,36.0,nan,nan,4.865130385522505,10.879177989575991,4.865130385522505,4.875130385522506,10.889177989575991,0.85,CORE,FORCE_CORE,3.8899202655447302,1.2872964224568282,0.6,0.12,-23725.103692478206,STRUCTURAL,0.6550180830712224,-23725.103692478206,30.0,0,0,0,0,0,0,0,inf,inf,NA,37,41,41,41,25,4,0,0,CONTINUE,1,C,0,0,1,MISPRICING_SEP,0,2,1,0,"tail_cont_enabled=1 tail_active_dims=(1,) tail_delta=0.1 tail_start=(6, 6, 6) returned_y=(2, 6, 0) returned_b=(0, 1, 0) returned_u=(0, 0.1, 0) returned_zcap=(2, 6.1, 0) max_tail_u=0.1",NA
120,P1_prime,10,710.9659807999851,5.734805400017649,153.82866250001825,119.75182490004227,0.01,-23063.530136488556,-23063.530136488556,-23887.564977601178,-23144.57289709729,0.0,-23486.62742829103,-24248.276330374938,-24247.859434841084,-23725.103692478206,-23486.62742829103,238.47626418717482,248.51626434801437,-24796.7484056175,429.0,nan,nan,17.233888473768115,18.57828939761479,4.865130385522505,17.243888473768113,18.58828939761479,0.12249999999999998,CORE,FORCE_CORE,5.495916726901402,1.6754467853211965,0.6,0.13799999999999998,-23725.103692478206,MISPRICING_INCUMBENT_RESET,-0.9651569764873116,-23725.103692478206,30.0,0,0,0,0,0,0,0,inf,inf,NA,55,59,59,59,28,7,0,0,CONTINUE,0,A,1,1,0,KEEP_STRUCTURAL_IN_ON_CUT,2,2,2,0,"tail_cont_enabled=1 tail_active_dims=(1,) tail_delta=0.1 tail_start=(6, 6, 6) returned_y=(3, 2, 2) returned_b=(0, 0, 0) returned_u=(0, 0, 0) returned_zcap=(3, 2, 2) max_tail_u=0",NA
120,P1_prime,11,842.8246496999636,5.734805400017649,131.85799709998537,119.75347350002266,0.01,-23301.992444332074,-23301.992444332074,-23887.564977601178,-23565.50008430317,0.0,-23486.62742829103,-23771.43198406639,-23768.85932795322,-23725.103692478206,-23486.62742829103,238.47626418717482,248.51626434801437,-24133.15109937419,112.0,nan,nan,10.22146335360697,14.603917600221529,4.865130385522505,10.23146335360697,14.613917600221528,0.44999999999999996,CORE,FORCE_CORE,6.412363644267195,0.995599367913699,0.6,0.156,-23725.103692478206,STRUCTURAL,-0.8703340986472426,-23725.103692478206,30.0,0,0,0,0,0,0,0,inf,inf,NA,56,60,60,60,30,8,0,0,CONTINUE,0,A,1,1,0,KEEP_STRUCTURAL_IN_ON_CUT,2,3,2,0,"tail_cont_enabled=1 tail_active_dims=(1,) tail_delta=0.1 tail_start=(6, 6, 6) returned_y=(3, 2, 2) returned_b=(0, 0, 0) returned_u=(0, 0, 0) returned_zcap=(3, 2, 2) max_tail_u=0",NA
120,P1_prime,12,968.687111999956,5.734805400017649,125.8618589999387,119.75268889998551,0.01,-23418.36699366369,-23418.36699366369,-23887.564977601178,-23676.42588482931,0.0,-23486.62742829103,-23679.26022617403,-23679.06420649035,-23679.26022617403,-23486.62742829103,192.6327978829977,202.67279804383725,-24201.45953517406,35.0,nan,nan,8.374775512150283,12.66434177802868,4.865130385522505,8.384775512150284,12.67434177802868,0.55,CORE,FORCE_CORE,7.012122369196752,1.068078525938453,0.6,0.174,-23679.26022617403,STRUCTURAL,0.2598380479275565,-23725.103692478206,30.0,0,0,0,0,0,0,0,inf,inf,NA,56,60,60,60,32,8,0,0,CONTINUE,0,A,1,1,0,KEEP_STRUCTURAL_IN_ON_CUT,2,3,2,0,"tail_cont_enabled=1 tail_active_dims=(1,) tail_delta=0.1 tail_start=(6, 6, 6) returned_y=(2, 6, 0) returned_b=(0, 1, 0) returned_u=(0, 0.1, 0) returned_zcap=(2, 6.1, 0) max_tail_u=0.1",NA
120,P1_prime,13,1090.7496391999302,5.734805400017649,122.06206099991687,117.67682010005228,0.01,-23489.84437890881,-23489.84437890881,-23747.717431374233,-23748.362768058847,0.0,-23486.62742829103,-23747.717431374233,-23747.553322807158,-23679.26022617403,-23486.62742829103,192.6327978829977,202.67279804383725,-24178.527500345415,30.0,nan,nan,7.1779029589696695,11.473052023942975,7.1779029589696695,7.187902958969671,11.483052023942975,0.6499999999999999,CORE,FORCE_CORE,7.548876985849871,1.5600300894913488,0.6,0.12,-23679.26022617403,STRUCTURAL,0.40444655793487705,-23725.103692478206,30.0,0,0,0,0,0,0,0,inf,inf,NA,55,59,59,59,34,2,0,0,CONTINUE,1,C,0,0,1,MISPRICING_SEP,0,1,1,0,"tail_cont_enabled=1 tail_active_dims=(1,) tail_delta=0.1 tail_start=(6, 6, 6) returned_y=(2, 6, 0) returned_b=(0, 1, 0) returned_u=(0, 0.1, 0) returned_zcap=(2, 6.1, 0) max_tail_u=0.1",NA
120,P1_prime,14,1167.222188099986,5.734805400017649,76.47184600005858,67.95057139999699,0.01,-23234.604910420003,-23234.604910420003,-23747.717431374233,-23289.075186599875,0.0,-23486.62742829103,-23954.978343324772,-23954.613209020812,-23679.26022617403,-23486.62742829103,192.6327978829977,202.67279804383725,-24366.074660536076,650.0,nan,nan,14.826390377898303,15.727043165424378,7.1779029589696695,14.836390377898303,15.737043165424378,0.12249999999999998,CORE,FORCE_CORE,8.387422105077288,1.7015786892911131,0.6,0.13799999999999998,-23679.26022617403,MISPRICING_INCUMBENT_RESET,-0.6160519740773547,-23725.103692478206,30.0,0,0,0,0,0,0,0,inf,inf,NA,43,47,47,47,35,6,0,0,CONTINUE,0,A,1,1,0,KEEP_STRUCTURAL_IN_ON_CUT,2,2,1,0,"tail_cont_enabled=1 tail_active_dims=(1,) tail_delta=0.1 tail_start=(6, 6, 6) returned_y=(3, 2, 2) returned_b=(0, 0, 0) returned_u=(0, 0, 0) returned_zcap=(3, 2, 2) max_tail_u=0",NA
120,P1_prime,15,1319.892355100019,5.734805400017649,152.66974450007547,119.7543056999566,0.01,-23426.30510045621,-23426.30510045621,-23747.717431374233,-23570.94064936932,0.0,-23486.62742829103,-23644.096079501236,-23612.426325103443,-23644.096079501236,-23486.62742829103,157.46865121020528,167.50865137104483,-24115.690678681367,51.75,nan,nan,10.12267833052119,12.532039998154252,7.1779029589696695,10.132678330521191,12.542039998154252,0.44999999999999996,CORE,MAIN,8.946963220765205,1.9928534890261977,0.6,0.156,-23644.096079501236,STRUCTURAL,-0.19621835032662344,-23644.096079501236,51.75,0,0,0,0,0,0,0,inf,inf,NA,55,59,59,59,35,8,0,0,CONTINUE,0,A,1,1,0,KEEP_STRUCTURAL_IN_ON_CUT,2,3,2,0,"tail_cont_enabled=1 tail_active_dims=(1,) tail_delta=0.1 tail_start=(6, 6, 6) returned_y=(2, 6, 0) returned_b=(0, 1, 0) returned_u=(0, 0.1, 0) returned_zcap=(2, 6.1, 0) max_tail_u=0.1",NA
120,P1_prime,16,1447.9518633999396,5.734805400017649,128.05867269996088,119.7529663000023,0.01,-23509.218294251736,-23509.218294251736,-23747.717431374233,-23640.39281966911,0.0,-23486.62742829103,-23649.761716525125,-23649.4863787613,-23644.096079501236,-23486.62742829103,157.46865121020528,167.50865137104483,-24199.089728141516,43.5,nan,nan,8.96541567313641,11.150153434895762,7.1779029589696695,8.97541567313641,11.160153434895761,0.55,CORE,MAIN,9.085995461190326,1.6468672206905035,0.6,0.12,-23644.096079501236,STRUCTURAL,-0.021734539405856606,-23649.761716525125,43.5,0,0,0,0,0,0,0,inf,inf,NA,55,59,59,59,38,8,0,0,CONTINUE,0,A,1,1,0,KEEP_STRUCTURAL_IN_ON_CUT,2,3,2,0,"tail_cont_enabled=1 tail_active_dims=(1,) tail_delta=0.1 tail_start=(6, 6, 6) returned_y=(2, 6, 0) returned_b=(0, 1, 0) returned_u=(0, 0.1, 0) returned_zcap=(2, 6.1, 0) max_tail_u=0.1",NA
120,P1_prime,17,1556.7517529999604,5.734805400017649,108.79912959993817,104.27729370002635,0.01,-23605.99733604484,-23605.99733604484,-23747.717431374233,-23698.115398008944,0.0,-23486.62742829103,-23719.934352767297,-23719.755625206803,-23644.096079501236,-23486.62742829103,157.46865121020528,167.50865137104483,-24178.527500345415,30.0,nan,nan,7.641197918976252,8.501602844702763,7.1779029589696695,7.651197918976253,8.511602844702763,0.6499999999999999,CORE,MAIN,9.009706583717668,1.17566524261047,0.6,0.13799999999999998,-23644.096079501236,STRUCTURAL,0.09469999046795174,-23719.934352767297,30.0,0,0,0,0,0,0,0,inf,inf,NA,51,55,55,55,40,3,0,0,CONTINUE,0,A,1,1,0,KEEP_STRUCTURAL_IN_ON_CUT,1,1,1,0,"tail_cont_enabled=1 tail_active_dims=(1,) tail_delta=0.1 tail_start=(6, 6, 6) returned_y=(2, 6, 0) returned_b=(0, 1, 0) returned_u=(0, 0.1, 0) returned_zcap=(2, 6.1, 0) max_tail_u=0.1",NA
120,P1_prime,18,1680.6996786999516,5.734805400017649,123.94748760003131,117.63706890004687,0.01,-23637.014617770415,-23637.014617770415,-23720.096634510308,-23720.04172797328,0.0,-23486.62742829103,-23720.096634510308,-23719.918835283228,-23644.096079501236,-23486.62742829103,157.46865121020528,167.50865137104483,-24178.527500345415,30.0,nan,nan,7.638477751042048,9.02020212725918,7.638477751042048,7.648477751042048,9.03020212725918,0.75,CORE,MAIN,8.900644179229063,0.8958805523303432,0.6,0.156,-23644.096079501236,STRUCTURAL,0.12708645551668896,-23719.934352767297,30.0,0,0,0,0,0,0,0,inf,inf,NA,54,58,58,58,40,5,0,0,CONTINUE,1,B,0,1,0,ACCEPT_SEP,2,2,1,0,"tail_cont_enabled=1 tail_active_dims=(1,) tail_delta=0.1 tail_start=(6, 6, 6) returned_y=(2, 6, 0) returned_b=(0, 1, 0) returned_u=(0, 0.1, 0) returned_zcap=(2, 6.1, 0) max_tail_u=0.1",NA
