family_seed,candidate_index,candidate_seed
1,1,1016164991
1,2,1099128568
1,3,1621709874
1,4,2041105244
1,5,74845286
1,6,309580410
1,7,1767258088
1,8,2037209174
1,9,535214420
1,10,669652943
1,11,1866217507
1,12,909086626
1,13,586626705
1,14,1777477784
1,15,551886180
1,16,878748453
1,17,1382612244
1,18,1180243456
1,19,184123696
1,20,59182744
1,21,1858836761
1,22,1618157078
1,23,1799343697
1,24,1155653964
1,25,1755663523
1,26,708093468
1,27,972122756
1,28,1693137747
1,29,266112162
1,30,651105937
1,31,267191830
1,32,973879301
1,33,2097889540
1,34,287852352
1,35,823155374
1,36,865678546
1,37,1941050025
1,38,436916801
1,39,1078591221
1,40,563313608
2,1,1798679647
2,2,561807779
2,3,234731697
2,4,641004849
2,5,888658062
2,6,1748536462
2,7,969095166
2,8,197387982
2,9,719155818
2,10,1288706065
2,11,1746310707
2,12,1564571816
2,13,2132147591
2,14,403514481
2,15,1890275150
2,16,118426479
2,17,1198780981
2,18,590492220
2,19,432399589
2,20,1411826648
2,21,656492380
2,22,1207456315
2,23,558688960
2,24,322256256
2,25,1608849034
2,26,929067548
2,27,1457523177
2,28,1437305003
2,29,2029896997
2,30,907923171
2,31,471880638
2,32,1359753142
2,33,2007792139
2,34,2077552887
2,35,1863784366
2,36,1466870535
2,37,816411670
2,38,841007924
2,39,85429457
2,40,402121831
3,1,1742692731
3,2,183930185
3,3,385346042
3,4,508546690
3,5,389477914
3,6,1720723810
3,7,1866662801
3,8,1250183451
3,9,84608902
3,10,202139719
3,11,713397379
3,12,930133021
3,13,1334076656
3,14,1028754828
3,15,568628368
3,16,343036706
3,17,1484806552
3,18,1577492419
3,19,70197375
3,20,244108803
3,21,970934606
3,22,840156141
3,23,1906589685
3,24,1109691091
3,25,902188167
3,26,924766631
3,27,1430942358
3,28,1260140335
3,29,371155108
3,30,1584494582
3,31,1625089670
3,32,2053568291
3,33,1688352591
3,34,610317351
3,35,687170219
3,36,1392744521
3,37,1396642889
3,38,1495112467
3,39,1866714245
3,40,628613021
4,1,1560023974
4,2,2025197564
4,3,1892783321
4,4,1098067557
4,5,2019575648
4,6,2096467393
4,7,2083673626
4,8,173594038
4,9,973933017
4,10,1304286716
4,11,608018050
4,12,808498783
4,13,1346405564
4,14,1722069728
4,15,1247479809
4,16,374795630
4,17,1451650247
4,18,1871822497
4,19,471704329
4,20,1168105262
4,21,726285598
4,22,1937492129
4,23,130025050
4,24,1024679389
4,25,1927500810
4,26,924483716
4,27,299455047
4,28,1694250174
4,29,2071155659
4,30,2113452473
4,31,1996857197
4,32,793980093
4,33,1573398771
4,34,2080767491
4,35,1231563123
4,36,1995068975
4,37,1265693069
4,38,381591921
4,39,996549786
4,40,1307498890
5,1,1440510675
5,2,1728730614
5,3,48647418
5,4,1735039633
5,5,1006851807
5,6,1106653214
5,7,1353417274
5,8,613753789
5,9,2103511157
5,10,115815300
5,11,596836679
5,12,823278402
5,13,1226609121
5,14,877189528
5,15,281451238
5,16,97227738
5,17,2180441
5,18,104706386
5,19,319577159
5,20,2145714367
5,21,410131242
5,22,1400951998
5,23,1611168693
5,24,503606822
5,25,606100190
5,26,934042755
5,27,565298527
5,28,2092048919
5,29,381654049
5,30,1927747983
5,31,1713023723
5,32,1812972347
5,33,248528774
5,34,842682599
5,35,1348684712
5,36,1058758870
5,37,1429937342
5,38,1453179316
5,39,1423623577
5,40,130572831
6,1,955728254
6,2,1155699143
6,3,1111885934
6,4,737168579
6,5,2031819254
6,6,792565861
6,7,1412471217
6,8,804225679
6,9,966185142
6,10,2120521968
6,11,400620265
6,12,1358833747
6,13,916926068
6,14,1448099613
6,15,1622851427
6,16,708591124
6,17,1443721275
6,18,1460112058
6,19,970518846
6,20,264081163
6,21,1326097161
6,22,111087679
6,23,1902530057
6,24,1825772013
6,25,1817346418
6,26,19103596
6,27,2086271661
6,28,2101887333
6,29,1258165683
6,30,1775975473
6,31,1648304177
6,32,1686227694
6,33,329807037
6,34,103258501
6,35,569500762
6,36,445472431
6,37,1177541701
6,38,1825072544
6,39,1606396927
6,40,928775535
7,1,2029167940
7,2,1342382291
7,3,1469265225
7,4,1926751965
7,5,1241873584
7,6,1665772334
7,7,1790251936
7,8,483628757
7,9,119253154
7,10,644602188
7,11,612176793
7,12,1875941738
7,13,1959843383
7,14,11307154
7,15,1073283950
7,16,1763574598
7,17,282266798
7,18,1711693563
7,19,255728784
7,20,1004882659
7,21,1753345571
7,22,650757180
7,23,733587778
7,24,597914448
7,25,1545052023
7,26,547328271
7,27,2126996168
7,28,955794088
7,29,1026816910
7,30,1083509134
7,31,1251001413
7,32,1188626511
7,33,1094029748
7,34,2137820579
7,35,1734444720
7,36,1702228508
7,37,1503827930
7,38,1336119720
7,39,732347574
7,40,2123775744
8,1,1545220601
8,2,702167616
8,3,503597500
8,4,2120160876
8,5,378027506
8,6,684426313
8,7,1380032418
8,8,1693395944
8,9,1373808879
8,10,1868088533
8,11,103777466
8,12,839848226
8,13,1231888088
8,14,940344161
8,15,834608148
8,16,800472173
8,17,86214689
8,18,229681099
8,19,1165346121
8,20,1028570480
8,21,2057627919
8,22,518299784
8,23,1822985620
8,24,552215215
8,25,307041362
8,26,396707997
8,27,854285176
8,28,416320948
8,29,1923481260
8,30,1747681612
8,31,1727786563
8,32,908351626
8,33,65241235
8,34,549585099
8,35,956872797
8,36,1268954210
8,37,966147481
8,38,1297664873
8,39,813017037
8,40,1389117034
9,1,905266064
9,2,1868845934
9,3,2063827471
9,4,615935265
9,5,245584350
9,6,1295250788
9,7,1433488763
9,8,1669741727
9,9,1380029761
9,10,1537758556
9,11,1965526453
9,12,1965763839
9,13,1989829891
9,14,1847681291
9,15,1548366090
9,16,1971900292
9,17,28050645
9,18,57096724
9,19,1712926925
9,20,938982929
9,21,1606711276
9,22,1041410011
9,23,1936474743
9,24,139917572
9,25,1446612636
9,26,12081851
9,27,317986815
9,28,1783745952
9,29,628196374
9,30,2111625489
9,31,748477721
9,32,1684936827
9,33,2061899946
9,34,677753333
9,35,2100731750
9,36,1514692595
9,37,2080164268
9,38,642486461
9,39,1101566026
9,40,1590745253
10,1,1667601611
10,2,2052998037
10,3,566977183
10,4,445993290
10,5,1702056617
10,6,1779071843
10,7,1105361715
10,8,320580917
10,9,1788575728
10,10,1101239527
10,11,329308217
10,12,291885126
10,13,882452039
10,14,1479694572
10,15,866858020
10,16,1807639472
10,17,17445413
10,18,913773613
10,19,1125691529
10,20,2054982943
10,21,505385130
10,22,1772388919
10,23,154274979
10,24,726311852
10,25,1607876997
10,26,1236436360
10,27,2015896794
10,28,1617703435
10,29,1963530690
10,30,1776192178
10,31,291610352
10,32,2004543851
10,33,1813750616
10,34,311373735
10,35,2101290457
10,36,1601121310
10,37,674980032
10,38,299254839
10,39,834470986
10,40,1946755679
