candidate_key,previous_stage,current_stage,identity_fields_available,identity_exact_match,previous_signature,current_signature
F008_C039_S813017037,stage1_60s,stage2_300s,1,1,"('e65c1a4e06b8926a8ec76fa2dc0d84694cd24e8709b309161069e9b612317103', 'e65c1a4e06b8926a8ec76fa2dc0d84694cd24e8709b309161069e9b612317103', '12ed24cc8ea69d79de72380b1625062ade4b236acb8240c94c82a1a7bc0d0da6', '')","('e65c1a4e06b8926a8ec76fa2dc0d84694cd24e8709b309161069e9b612317103', 'e65c1a4e06b8926a8ec76fa2dc0d84694cd24e8709b309161069e9b612317103', '12ed24cc8ea69d79de72380b1625062ade4b236acb8240c94c82a1a7bc0d0da6', '')"
F008_C009_S1373808879,stage1_60s,stage2_300s,1,1,"('8b26f69027b9a7bf1a9ac661c03fd7fbe5e39551ac42ea37555e71ab1f9a98a1', '8b26f69027b9a7bf1a9ac661c03fd7fbe5e39551ac42ea37555e71ab1f9a98a1', '39280af30af981c5c4cab0d68da2f36eaaa4c004dee06bc10d9e5a9403a0305e', '')","('8b26f69027b9a7bf1a9ac661c03fd7fbe5e39551ac42ea37555e71ab1f9a98a1', '8b26f69027b9a7bf1a9ac661c03fd7fbe5e39551ac42ea37555e71ab1f9a98a1', '39280af30af981c5c4cab0d68da2f36eaaa4c004dee06bc10d9e5a9403a0305e', '')"
F001_C024_S1155653964,stage1_60s,stage2_300s,1,1,"('0a100f2f2bb94c456ca3e93941f37accd5c3fb4a268aa525e6f1ee3439e7fc0a', '0a100f2f2bb94c456ca3e93941f37accd5c3fb4a268aa525e6f1ee3439e7fc0a', '99585fb62593be6fbd1c9f9277733671cfdc1975c8c2c154dc6432e3f766d3d1', '')","('0a100f2f2bb94c456ca3e93941f37accd5c3fb4a268aa525e6f1ee3439e7fc0a', '0a100f2f2bb94c456ca3e93941f37accd5c3fb4a268aa525e6f1ee3439e7fc0a', '99585fb62593be6fbd1c9f9277733671cfdc1975c8c2c154dc6432e3f766d3d1', '')"
F005_C008_S613753789,stage1_60s,stage2_300s,1,1,"('218c3792c3f10ad016b601115bafe9f7d9758b1b031f7c74682e5d77f15591fe', '218c3792c3f10ad016b601115bafe9f7d9758b1b031f7c74682e5d77f15591fe', '1165503d2db95e1661367a3dce0386b7e1c02c0b3d985fb8cd3e0fce24d63d38', '')","('218c3792c3f10ad016b601115bafe9f7d9758b1b031f7c74682e5d77f15591fe', '218c3792c3f10ad016b601115bafe9f7d9758b1b031f7c74682e5d77f15591fe', '1165503d2db95e1661367a3dce0386b7e1c02c0b3d985fb8cd3e0fce24d63d38', '')"
F006_C037_S1177541701,stage1_60s,stage2_300s,1,1,"('0e2975e1b4528dde112c1c603bf4005aba0142fc37afe921f8360f3a97b0ba2f', '0e2975e1b4528dde112c1c603bf4005aba0142fc37afe921f8360f3a97b0ba2f', 'd20c036c59414defe6e5f7df346a08f7ae7ff3069cde3396c25859ab629b331c', '')","('0e2975e1b4528dde112c1c603bf4005aba0142fc37afe921f8360f3a97b0ba2f', '0e2975e1b4528dde112c1c603bf4005aba0142fc37afe921f8360f3a97b0ba2f', 'd20c036c59414defe6e5f7df346a08f7ae7ff3069cde3396c25859ab629b331c', '')"
F006_C030_S1775975473,stage1_60s,stage2_300s,1,1,"('6d12500ecbb4a8c96e4ed60cd9069bf80531d7cde48939985de9922660a9c36e', '6d12500ecbb4a8c96e4ed60cd9069bf80531d7cde48939985de9922660a9c36e', '3cc174a9385a7f08dafd0999c68f5718e3e288185c3588a635bce69532a01bd0', '')","('6d12500ecbb4a8c96e4ed60cd9069bf80531d7cde48939985de9922660a9c36e', '6d12500ecbb4a8c96e4ed60cd9069bf80531d7cde48939985de9922660a9c36e', '3cc174a9385a7f08dafd0999c68f5718e3e288185c3588a635bce69532a01bd0', '')"
F002_C018_S590492220,stage1_60s,stage2_300s,1,1,"('54cb79929aff7ffd0cb40fed1160fa969ee83470e47d3bf6fad46157e9cb527a', '54cb79929aff7ffd0cb40fed1160fa969ee83470e47d3bf6fad46157e9cb527a', 'a70c603d3303011909dbef91961fafabec828e24f51e92d85804d8b3f868e8d4', '')","('54cb79929aff7ffd0cb40fed1160fa969ee83470e47d3bf6fad46157e9cb527a', '54cb79929aff7ffd0cb40fed1160fa969ee83470e47d3bf6fad46157e9cb527a', 'a70c603d3303011909dbef91961fafabec828e24f51e92d85804d8b3f868e8d4', '')"
F003_C033_S1688352591,stage1_60s,stage2_300s,1,1,"('bffac7c83523a228deec5979e5e58f62f76ab57e33da076d214d5d8f566466a3', 'bffac7c83523a228deec5979e5e58f62f76ab57e33da076d214d5d8f566466a3', '3bb149d09d9ee6bc79674b8fe955cc959ae5da0f058e0e10c8aedf9f77adf10f', '')","('bffac7c83523a228deec5979e5e58f62f76ab57e33da076d214d5d8f566466a3', 'bffac7c83523a228deec5979e5e58f62f76ab57e33da076d214d5d8f566466a3', '3bb149d09d9ee6bc79674b8fe955cc959ae5da0f058e0e10c8aedf9f77adf10f', '')"
F005_C022_S1400951998,stage1_60s,stage2_300s,1,1,"('67b38596d97e4ff91df53fefb835d3315cbed25e18511b7076b4ba4fe93892ed', '67b38596d97e4ff91df53fefb835d3315cbed25e18511b7076b4ba4fe93892ed', '3bb149d09d9ee6bc79674b8fe955cc959ae5da0f058e0e10c8aedf9f77adf10f', '')","('67b38596d97e4ff91df53fefb835d3315cbed25e18511b7076b4ba4fe93892ed', '67b38596d97e4ff91df53fefb835d3315cbed25e18511b7076b4ba4fe93892ed', '3bb149d09d9ee6bc79674b8fe955cc959ae5da0f058e0e10c8aedf9f77adf10f', '')"
F007_C019_S255728784,stage1_60s,stage2_300s,1,1,"('1268278e789ce8e3288602b5481177d46115c98b41d5839494ef96403f6e84e5', '1268278e789ce8e3288602b5481177d46115c98b41d5839494ef96403f6e84e5', '87756151f3fa21cd9490a906890bf48cefef0191a8755d54cfe3bc054126e755', '')","('1268278e789ce8e3288602b5481177d46115c98b41d5839494ef96403f6e84e5', '1268278e789ce8e3288602b5481177d46115c98b41d5839494ef96403f6e84e5', '87756151f3fa21cd9490a906890bf48cefef0191a8755d54cfe3bc054126e755', '')"
F007_C015_S1073283950,stage1_60s,stage2_300s,1,1,"('1a98e68f70248f1cf1dbac97fd03939cfeba3fad47b47b821211638f3a88bee8', '1a98e68f70248f1cf1dbac97fd03939cfeba3fad47b47b821211638f3a88bee8', 'a3af64e0b66f05cad54e98b275607bd9a0fb453bea1863fc33343c419768ab76', '')","('1a98e68f70248f1cf1dbac97fd03939cfeba3fad47b47b821211638f3a88bee8', '1a98e68f70248f1cf1dbac97fd03939cfeba3fad47b47b821211638f3a88bee8', 'a3af64e0b66f05cad54e98b275607bd9a0fb453bea1863fc33343c419768ab76', '')"
F003_C016_S343036706,stage1_60s,stage2_300s,1,1,"('dc55449cc25a7886d115c387b62d97c9539688256e8ec0776bc941360b07c643', 'dc55449cc25a7886d115c387b62d97c9539688256e8ec0776bc941360b07c643', '290b11eacc620e0a91e14051a3b371cbe91e84ad64b4abdcbd0b6a5690b5bf6b', '')","('dc55449cc25a7886d115c387b62d97c9539688256e8ec0776bc941360b07c643', 'dc55449cc25a7886d115c387b62d97c9539688256e8ec0776bc941360b07c643', '290b11eacc620e0a91e14051a3b371cbe91e84ad64b4abdcbd0b6a5690b5bf6b', '')"
F004_C025_S1927500810,stage1_60s,stage2_300s,1,1,"('796fcb945b3f78f96033dd3d92d59e77ff3fbf4826d915a104512e21621b6de9', '796fcb945b3f78f96033dd3d92d59e77ff3fbf4826d915a104512e21621b6de9', '1dc91434d0fdecb5e9f1a2b31c706fc1e3b91d5c26a76846459cd815b11641d7', '')","('796fcb945b3f78f96033dd3d92d59e77ff3fbf4826d915a104512e21621b6de9', '796fcb945b3f78f96033dd3d92d59e77ff3fbf4826d915a104512e21621b6de9', '1dc91434d0fdecb5e9f1a2b31c706fc1e3b91d5c26a76846459cd815b11641d7', '')"
F008_C008_S1693395944,stage1_60s,stage2_300s,1,1,"('ef629a548d36310a17bc9ba57aa7ec2ad18e331e317025c584f55810e349b24b', 'ef629a548d36310a17bc9ba57aa7ec2ad18e331e317025c584f55810e349b24b', 'c31c5821387b95bb20b6b9fbe385931e04ded2e2481332fd41bf5abb581b134b', '')","('ef629a548d36310a17bc9ba57aa7ec2ad18e331e317025c584f55810e349b24b', 'ef629a548d36310a17bc9ba57aa7ec2ad18e331e317025c584f55810e349b24b', 'c31c5821387b95bb20b6b9fbe385931e04ded2e2481332fd41bf5abb581b134b', '')"
F001_C034_S287852352,stage1_60s,stage2_300s,1,1,"('48d7aec06b408961c24eecf45db14948059c26fd7de2558b6b31c58255b2a962', '48d7aec06b408961c24eecf45db14948059c26fd7de2558b6b31c58255b2a962', '7e746f79da823b7a844ec346f46ba0ce1c3e3b833aa8f589a555647ffc74a505', '')","('48d7aec06b408961c24eecf45db14948059c26fd7de2558b6b31c58255b2a962', '48d7aec06b408961c24eecf45db14948059c26fd7de2558b6b31c58255b2a962', '7e746f79da823b7a844ec346f46ba0ce1c3e3b833aa8f589a555647ffc74a505', '')"
F006_C004_S737168579,stage1_60s,stage2_300s,1,1,"('7b324efe8c42974003b0965b0b3669e714c070a44d011015475f6e418e61ca33', '7b324efe8c42974003b0965b0b3669e714c070a44d011015475f6e418e61ca33', '1da436c582994afc4b66be33e0104236188a5b9bfd431072fa59153a83c672c4', '')","('7b324efe8c42974003b0965b0b3669e714c070a44d011015475f6e418e61ca33', '7b324efe8c42974003b0965b0b3669e714c070a44d011015475f6e418e61ca33', '1da436c582994afc4b66be33e0104236188a5b9bfd431072fa59153a83c672c4', '')"
F003_C015_S568628368,stage1_60s,stage2_300s,1,1,"('ae20293c2e530fec6051b1ef31c500e0be79f619a335f3ea5935f51c65e81399', 'ae20293c2e530fec6051b1ef31c500e0be79f619a335f3ea5935f51c65e81399', '286cbd81c91de2905c1bc8be0f6c9e3630fbe58641d716e94e9f98114d38e2e2', '')","('ae20293c2e530fec6051b1ef31c500e0be79f619a335f3ea5935f51c65e81399', 'ae20293c2e530fec6051b1ef31c500e0be79f619a335f3ea5935f51c65e81399', '286cbd81c91de2905c1bc8be0f6c9e3630fbe58641d716e94e9f98114d38e2e2', '')"
F006_C022_S111087679,stage1_60s,stage2_300s,1,1,"('85a4ac98737b01eac5bfa3435de41a81cfeb0bd6d60a304fbf828b958feeb870', '85a4ac98737b01eac5bfa3435de41a81cfeb0bd6d60a304fbf828b958feeb870', '03722e58d17dbc5c19d28d5f177b9519a6c5024f2ea519d9b75b1bb475f23592', '')","('85a4ac98737b01eac5bfa3435de41a81cfeb0bd6d60a304fbf828b958feeb870', '85a4ac98737b01eac5bfa3435de41a81cfeb0bd6d60a304fbf828b958feeb870', '03722e58d17dbc5c19d28d5f177b9519a6c5024f2ea519d9b75b1bb475f23592', '')"
F009_C024_S139917572,stage1_60s,stage2_300s,1,1,"('d4a75adb898d910ef4614359abad9e6dcf76d2f39e9de064a4d94a0a6b02c5e0', 'd4a75adb898d910ef4614359abad9e6dcf76d2f39e9de064a4d94a0a6b02c5e0', '2b9ec164d0c6d878961362b57c4d69fa20b22b97eb720dc047b1a67f5f97ad0e', '')","('d4a75adb898d910ef4614359abad9e6dcf76d2f39e9de064a4d94a0a6b02c5e0', 'd4a75adb898d910ef4614359abad9e6dcf76d2f39e9de064a4d94a0a6b02c5e0', '2b9ec164d0c6d878961362b57c4d69fa20b22b97eb720dc047b1a67f5f97ad0e', '')"
F008_C035_S956872797,stage1_60s,stage2_300s,1,1,"('2282bf6fa39ad2ab8dce2efed8cbf1af63b5cff881ebf6e368007ebf067d0e25', '2282bf6fa39ad2ab8dce2efed8cbf1af63b5cff881ebf6e368007ebf067d0e25', 'a2e9a9567651cccde6676f04181c05714941f3c2aba2356563bfd562ca8e5cfb', '')","('2282bf6fa39ad2ab8dce2efed8cbf1af63b5cff881ebf6e368007ebf067d0e25', '2282bf6fa39ad2ab8dce2efed8cbf1af63b5cff881ebf6e368007ebf067d0e25', 'a2e9a9567651cccde6676f04181c05714941f3c2aba2356563bfd562ca8e5cfb', '')"
F001_C029_S266112162,stage1_60s,stage2_300s,1,1,"('67de08b39958ce9fa42cf710e0ae6469028e238bb243dacf8168142e3ac2248e', '67de08b39958ce9fa42cf710e0ae6469028e238bb243dacf8168142e3ac2248e', '97fcf9b7a6b719e35e8a16ed9e42175b5f9d1a47b7c80b2989c1587d93d4e0cf', '')","('67de08b39958ce9fa42cf710e0ae6469028e238bb243dacf8168142e3ac2248e', '67de08b39958ce9fa42cf710e0ae6469028e238bb243dacf8168142e3ac2248e', '97fcf9b7a6b719e35e8a16ed9e42175b5f9d1a47b7c80b2989c1587d93d4e0cf', '')"
F010_C012_S291885126,stage1_60s,stage2_300s,1,1,"('b5a85398e64ebabf2b19d6f1909933d2e8283033948fe81bb5e3c50bbf9b1be9', 'b5a85398e64ebabf2b19d6f1909933d2e8283033948fe81bb5e3c50bbf9b1be9', '2324cac036f1b1762beea8eb2ad9b2cc055f88cfc94c078612c25680d9526378', '')","('b5a85398e64ebabf2b19d6f1909933d2e8283033948fe81bb5e3c50bbf9b1be9', 'b5a85398e64ebabf2b19d6f1909933d2e8283033948fe81bb5e3c50bbf9b1be9', '2324cac036f1b1762beea8eb2ad9b2cc055f88cfc94c078612c25680d9526378', '')"
F003_C028_S1260140335,stage1_60s,stage2_300s,1,1,"('386c107ba3519312b616187965917ed4a0c38c01d3fa194f082eeabc743e3763', '386c107ba3519312b616187965917ed4a0c38c01d3fa194f082eeabc743e3763', '52457a96f65822f22af24a19476a0745a55420cfcbebd8edad4dcebeaddb2431', '')","('386c107ba3519312b616187965917ed4a0c38c01d3fa194f082eeabc743e3763', '386c107ba3519312b616187965917ed4a0c38c01d3fa194f082eeabc743e3763', '52457a96f65822f22af24a19476a0745a55420cfcbebd8edad4dcebeaddb2431', '')"
F008_C005_S378027506,stage1_60s,stage2_300s,1,1,"('7bed5fa36269187a81dbab283f2af30224fc68dbc718dd1dd862ca4fdc3e91f8', '7bed5fa36269187a81dbab283f2af30224fc68dbc718dd1dd862ca4fdc3e91f8', '51a11896086bd0e6effa6a3eef5c8c3c0f8166b39d5e90418827a24138418310', '')","('7bed5fa36269187a81dbab283f2af30224fc68dbc718dd1dd862ca4fdc3e91f8', '7bed5fa36269187a81dbab283f2af30224fc68dbc718dd1dd862ca4fdc3e91f8', '51a11896086bd0e6effa6a3eef5c8c3c0f8166b39d5e90418827a24138418310', '')"
F005_C028_S2092048919,stage1_60s,stage2_300s,1,1,"('3d993cb65b402063f2e978d0cc36c87ef05aa1f8fa0fd1ea3210d34d5f7f380e', '3d993cb65b402063f2e978d0cc36c87ef05aa1f8fa0fd1ea3210d34d5f7f380e', 'afe5f9c694f4687ec07cec4399eaa67c8e571d5f3875e37b17c1ac92ab96128b', '')","('3d993cb65b402063f2e978d0cc36c87ef05aa1f8fa0fd1ea3210d34d5f7f380e', '3d993cb65b402063f2e978d0cc36c87ef05aa1f8fa0fd1ea3210d34d5f7f380e', 'afe5f9c694f4687ec07cec4399eaa67c8e571d5f3875e37b17c1ac92ab96128b', '')"
F006_C039_S1606396927,stage1_60s,stage2_300s,1,1,"('7dfce4fcc9fb342fe6eaea203af919a490eb0bd58baafbe2b42fd703a7ef1eb6', '7dfce4fcc9fb342fe6eaea203af919a490eb0bd58baafbe2b42fd703a7ef1eb6', '39280af30af981c5c4cab0d68da2f36eaaa4c004dee06bc10d9e5a9403a0305e', '')","('7dfce4fcc9fb342fe6eaea203af919a490eb0bd58baafbe2b42fd703a7ef1eb6', '7dfce4fcc9fb342fe6eaea203af919a490eb0bd58baafbe2b42fd703a7ef1eb6', '39280af30af981c5c4cab0d68da2f36eaaa4c004dee06bc10d9e5a9403a0305e', '')"
F010_C016_S1807639472,stage1_60s,stage2_300s,1,1,"('c02fe70c5d2b7966afe3df2277b3bcf2dc53bf0d077e294fd88e9b6caacf4edf', 'c02fe70c5d2b7966afe3df2277b3bcf2dc53bf0d077e294fd88e9b6caacf4edf', '0218466b7bf25bb498f0a931367b531a62ab218700e1d3d322f75bc612f0bdd0', '')","('c02fe70c5d2b7966afe3df2277b3bcf2dc53bf0d077e294fd88e9b6caacf4edf', 'c02fe70c5d2b7966afe3df2277b3bcf2dc53bf0d077e294fd88e9b6caacf4edf', '0218466b7bf25bb498f0a931367b531a62ab218700e1d3d322f75bc612f0bdd0', '')"
F006_C038_S1825072544,stage1_60s,stage2_300s,1,1,"('cd9c6308570cd242e1b9787f20a65c00c29144c82a7217c70ed22efe1d42b74e', 'cd9c6308570cd242e1b9787f20a65c00c29144c82a7217c70ed22efe1d42b74e', 'f4434d13bf5186944c78ba34f5c6f83adeb6b0e30f95d262114bda0d6b6bc8f3', '')","('cd9c6308570cd242e1b9787f20a65c00c29144c82a7217c70ed22efe1d42b74e', 'cd9c6308570cd242e1b9787f20a65c00c29144c82a7217c70ed22efe1d42b74e', 'f4434d13bf5186944c78ba34f5c6f83adeb6b0e30f95d262114bda0d6b6bc8f3', '')"
F006_C036_S445472431,stage1_60s,stage2_300s,1,1,"('5d7aff56a05d1a05fd09fc6536dd104437af1e10235b92b209a19277d36c70b7', '5d7aff56a05d1a05fd09fc6536dd104437af1e10235b92b209a19277d36c70b7', '5c81a36cd3901512e8f3fb3c1448c0c59f3b7d2d7c62705f9b24cec91e4f12cd', '')","('5d7aff56a05d1a05fd09fc6536dd104437af1e10235b92b209a19277d36c70b7', '5d7aff56a05d1a05fd09fc6536dd104437af1e10235b92b209a19277d36c70b7', '5c81a36cd3901512e8f3fb3c1448c0c59f3b7d2d7c62705f9b24cec91e4f12cd', '')"
F005_C037_S1429937342,stage1_60s,stage2_300s,1,1,"('7ad29c201b9100540e696f2819b327e589d27e1cf3d3df68583bf453371e5c01', '7ad29c201b9100540e696f2819b327e589d27e1cf3d3df68583bf453371e5c01', '59ef6d1c6c7d00eee77dd9bc7ed95ccfd1cdf8f1f8a554590a9158a3f18c71b7', '')","('7ad29c201b9100540e696f2819b327e589d27e1cf3d3df68583bf453371e5c01', '7ad29c201b9100540e696f2819b327e589d27e1cf3d3df68583bf453371e5c01', '59ef6d1c6c7d00eee77dd9bc7ed95ccfd1cdf8f1f8a554590a9158a3f18c71b7', '')"
F010_C021_S505385130,stage1_60s,stage2_300s,1,1,"('a773aca2fed087cd186979807f6a293ba9dbc0aaedfc7c15d116f323f4a07791', 'a773aca2fed087cd186979807f6a293ba9dbc0aaedfc7c15d116f323f4a07791', '1787fd130f290bdf8f573a28de6a703143992e6c977139bd1062f35a0d26ed7c', '')","('a773aca2fed087cd186979807f6a293ba9dbc0aaedfc7c15d116f323f4a07791', 'a773aca2fed087cd186979807f6a293ba9dbc0aaedfc7c15d116f323f4a07791', '1787fd130f290bdf8f573a28de6a703143992e6c977139bd1062f35a0d26ed7c', '')"
F003_C001_S1742692731,stage1_60s,stage2_300s,1,1,"('894a56099c857f041de6056397e38aff751d22ccc10e3f85cbdf9691b927a3e5', '894a56099c857f041de6056397e38aff751d22ccc10e3f85cbdf9691b927a3e5', 'c9dbac511ef4d4436c419a3d8770c7d22f818ff90060d52b352aad44faf45cba', '')","('894a56099c857f041de6056397e38aff751d22ccc10e3f85cbdf9691b927a3e5', '894a56099c857f041de6056397e38aff751d22ccc10e3f85cbdf9691b927a3e5', 'c9dbac511ef4d4436c419a3d8770c7d22f818ff90060d52b352aad44faf45cba', '')"
F005_C036_S1058758870,stage1_60s,stage2_300s,1,1,"('c076dfc8c46791a56d3f4d4858443fb9fd9891ecfec18d8c83590178243d31ee', 'c076dfc8c46791a56d3f4d4858443fb9fd9891ecfec18d8c83590178243d31ee', 'c09ec1869c91ff1dec59679ee88a83cf7d5a6d69aebf6cee843eed52d6feb885', '')","('c076dfc8c46791a56d3f4d4858443fb9fd9891ecfec18d8c83590178243d31ee', 'c076dfc8c46791a56d3f4d4858443fb9fd9891ecfec18d8c83590178243d31ee', 'c09ec1869c91ff1dec59679ee88a83cf7d5a6d69aebf6cee843eed52d6feb885', '')"
F003_C037_S1396642889,stage1_60s,stage2_300s,1,1,"('0c96506de1e302ffa5d3395ea4e5c9880dad34712a6af647e68acc057d4dc617', '0c96506de1e302ffa5d3395ea4e5c9880dad34712a6af647e68acc057d4dc617', '1c050df679cde03bd78ac9426729c710ab037817926e5a870d3dc2ea11ed8adb', '')","('0c96506de1e302ffa5d3395ea4e5c9880dad34712a6af647e68acc057d4dc617', '0c96506de1e302ffa5d3395ea4e5c9880dad34712a6af647e68acc057d4dc617', '1c050df679cde03bd78ac9426729c710ab037817926e5a870d3dc2ea11ed8adb', '')"
F002_C013_S2132147591,stage1_60s,stage2_300s,1,1,"('50ae942cc8e5823659cc2181314aa16fb5396fd80aa366f9bda2798ad3aa0b8d', '50ae942cc8e5823659cc2181314aa16fb5396fd80aa366f9bda2798ad3aa0b8d', '87756151f3fa21cd9490a906890bf48cefef0191a8755d54cfe3bc054126e755', '')","('50ae942cc8e5823659cc2181314aa16fb5396fd80aa366f9bda2798ad3aa0b8d', '50ae942cc8e5823659cc2181314aa16fb5396fd80aa366f9bda2798ad3aa0b8d', '87756151f3fa21cd9490a906890bf48cefef0191a8755d54cfe3bc054126e755', '')"
F008_C023_S1822985620,stage1_60s,stage2_300s,1,1,"('39358b9f596ebcd39fe7d71b02a1b881b70ab56204fa59ab23d14bf7ae1c37b6', '39358b9f596ebcd39fe7d71b02a1b881b70ab56204fa59ab23d14bf7ae1c37b6', '67e482cddf3710f0ebb49da207c5077562eb6a6f5d1b50c23df69460db9ee1b4', '')","('39358b9f596ebcd39fe7d71b02a1b881b70ab56204fa59ab23d14bf7ae1c37b6', '39358b9f596ebcd39fe7d71b02a1b881b70ab56204fa59ab23d14bf7ae1c37b6', '67e482cddf3710f0ebb49da207c5077562eb6a6f5d1b50c23df69460db9ee1b4', '')"
F001_C018_S1180243456,stage1_60s,stage2_300s,1,1,"('69d3b25f08d5e543b8f231359bd1a8cd78aa8174ac0eb278bef92561b28571bf', '69d3b25f08d5e543b8f231359bd1a8cd78aa8174ac0eb278bef92561b28571bf', 'fd142ba51145baac572263afcf77871cd72b2ea01bd9925353fa399fb520f7d8', '')","('69d3b25f08d5e543b8f231359bd1a8cd78aa8174ac0eb278bef92561b28571bf', '69d3b25f08d5e543b8f231359bd1a8cd78aa8174ac0eb278bef92561b28571bf', 'fd142ba51145baac572263afcf77871cd72b2ea01bd9925353fa399fb520f7d8', '')"
F001_C039_S1078591221,stage1_60s,stage2_300s,1,1,"('cc301146a9ad45a01dec44ece15b709856f3081a165c957ec513f10b8d486f5f', 'cc301146a9ad45a01dec44ece15b709856f3081a165c957ec513f10b8d486f5f', 'bc6526823c4eb39859362f0996f4be179f8e303b9afe1715f7545667ec6fd429', '')","('cc301146a9ad45a01dec44ece15b709856f3081a165c957ec513f10b8d486f5f', 'cc301146a9ad45a01dec44ece15b709856f3081a165c957ec513f10b8d486f5f', 'bc6526823c4eb39859362f0996f4be179f8e303b9afe1715f7545667ec6fd429', '')"
F003_C022_S840156141,stage1_60s,stage2_300s,1,1,"('2bf36883f1f7570557e60ff837b1cbf262e2270eed2bcd593573d4a7b566ab8a', '2bf36883f1f7570557e60ff837b1cbf262e2270eed2bcd593573d4a7b566ab8a', '1c050df679cde03bd78ac9426729c710ab037817926e5a870d3dc2ea11ed8adb', '')","('2bf36883f1f7570557e60ff837b1cbf262e2270eed2bcd593573d4a7b566ab8a', '2bf36883f1f7570557e60ff837b1cbf262e2270eed2bcd593573d4a7b566ab8a', '1c050df679cde03bd78ac9426729c710ab037817926e5a870d3dc2ea11ed8adb', '')"
F009_C026_S12081851,stage1_60s,stage2_300s,1,1,"('d3ba0cc30bf71ef20c077c0700567091beb5d565a879e6f58f8de03767845ae2', 'd3ba0cc30bf71ef20c077c0700567091beb5d565a879e6f58f8de03767845ae2', 'e61ffd4766b6fda4dbced079a4bda14c6306663f557dead7e0ffc0b828423de4', '')","('d3ba0cc30bf71ef20c077c0700567091beb5d565a879e6f58f8de03767845ae2', 'd3ba0cc30bf71ef20c077c0700567091beb5d565a879e6f58f8de03767845ae2', 'e61ffd4766b6fda4dbced079a4bda14c6306663f557dead7e0ffc0b828423de4', '')"
F008_C036_S1268954210,stage1_60s,stage2_300s,1,1,"('ee61d713de93ee8f3ccfa43451352d3be7313f71b3492fe628206fe7c003661c', 'ee61d713de93ee8f3ccfa43451352d3be7313f71b3492fe628206fe7c003661c', '844a999e88a42726a3f774fa8e2097ff20768b323d9cf2b6408147bf34aa9829', '')","('ee61d713de93ee8f3ccfa43451352d3be7313f71b3492fe628206fe7c003661c', 'ee61d713de93ee8f3ccfa43451352d3be7313f71b3492fe628206fe7c003661c', '844a999e88a42726a3f774fa8e2097ff20768b323d9cf2b6408147bf34aa9829', '')"
F004_C036_S1995068975,stage1_60s,stage2_300s,1,1,"('1f8e6955c1d42adc14238b17e19577f202dfd76258c0329a6c62b8c5ff245e99', '1f8e6955c1d42adc14238b17e19577f202dfd76258c0329a6c62b8c5ff245e99', '8a0c47eeff8d8ab1c455065047e613eb84573833f27406cdf2336df38f668596', '')","('1f8e6955c1d42adc14238b17e19577f202dfd76258c0329a6c62b8c5ff245e99', '1f8e6955c1d42adc14238b17e19577f202dfd76258c0329a6c62b8c5ff245e99', '8a0c47eeff8d8ab1c455065047e613eb84573833f27406cdf2336df38f668596', '')"
F001_C010_S669652943,stage1_60s,stage2_300s,1,1,"('90af38d654e315fd13e3ca0045fbc4d8c7e06b20478985c065a17aba7a6875b9', '90af38d654e315fd13e3ca0045fbc4d8c7e06b20478985c065a17aba7a6875b9', '2171b91b3c01d229dd36b0a74e21d5713966267c15e4e1ac1875841114df2e37', '')","('90af38d654e315fd13e3ca0045fbc4d8c7e06b20478985c065a17aba7a6875b9', '90af38d654e315fd13e3ca0045fbc4d8c7e06b20478985c065a17aba7a6875b9', '2171b91b3c01d229dd36b0a74e21d5713966267c15e4e1ac1875841114df2e37', '')"
F003_C018_S1577492419,stage1_60s,stage2_300s,1,1,"('b3607b504a65d9c283d907c28554cba75bc718990db5888f386ff37926f56b2c', 'b3607b504a65d9c283d907c28554cba75bc718990db5888f386ff37926f56b2c', '043cf73ce66877fac92eabff546b6875592416366544ab833943dd297d9cca1f', '')","('b3607b504a65d9c283d907c28554cba75bc718990db5888f386ff37926f56b2c', 'b3607b504a65d9c283d907c28554cba75bc718990db5888f386ff37926f56b2c', '043cf73ce66877fac92eabff546b6875592416366544ab833943dd297d9cca1f', '')"
F004_C018_S1871822497,stage1_60s,stage2_300s,1,1,"('a83d4ca183e63228e07772a7a9d3ec5f6ed12dddf3df4a17263cbe065cda5b27', 'a83d4ca183e63228e07772a7a9d3ec5f6ed12dddf3df4a17263cbe065cda5b27', 'bfd7b2d3a517f0b39cfd4c2c04266a44446fdaf0bdcf4979f4d36b14cf314821', '')","('a83d4ca183e63228e07772a7a9d3ec5f6ed12dddf3df4a17263cbe065cda5b27', 'a83d4ca183e63228e07772a7a9d3ec5f6ed12dddf3df4a17263cbe065cda5b27', 'bfd7b2d3a517f0b39cfd4c2c04266a44446fdaf0bdcf4979f4d36b14cf314821', '')"
F006_C028_S2101887333,stage1_60s,stage2_300s,1,1,"('021596b068935e450cd1a0dbbfc298d03817c1f8f6557557c4a3e401ba901c00', '021596b068935e450cd1a0dbbfc298d03817c1f8f6557557c4a3e401ba901c00', '1e4f6de0f62d701a028dae6cea3520f5ceb8255615cb7dccdea9c5adba89fff0', '')","('021596b068935e450cd1a0dbbfc298d03817c1f8f6557557c4a3e401ba901c00', '021596b068935e450cd1a0dbbfc298d03817c1f8f6557557c4a3e401ba901c00', '1e4f6de0f62d701a028dae6cea3520f5ceb8255615cb7dccdea9c5adba89fff0', '')"
F008_C018_S229681099,stage1_60s,stage2_300s,1,1,"('0c910b26389bd7510f37b19faf73eb78d649e37e39c9dde9c3c29cedb6241501', '0c910b26389bd7510f37b19faf73eb78d649e37e39c9dde9c3c29cedb6241501', '11e205f38c136066460db739c3031dd544654a85e86eee648e52fd6b55d776df', '')","('0c910b26389bd7510f37b19faf73eb78d649e37e39c9dde9c3c29cedb6241501', '0c910b26389bd7510f37b19faf73eb78d649e37e39c9dde9c3c29cedb6241501', '11e205f38c136066460db739c3031dd544654a85e86eee648e52fd6b55d776df', '')"
F001_C011_S1866217507,stage1_60s,stage2_300s,1,1,"('eefe04b34193efca5cb9f77e339dab33dc4a4e4a5364c9c05ba6d92bc2164840', 'eefe04b34193efca5cb9f77e339dab33dc4a4e4a5364c9c05ba6d92bc2164840', '844a999e88a42726a3f774fa8e2097ff20768b323d9cf2b6408147bf34aa9829', '')","('eefe04b34193efca5cb9f77e339dab33dc4a4e4a5364c9c05ba6d92bc2164840', 'eefe04b34193efca5cb9f77e339dab33dc4a4e4a5364c9c05ba6d92bc2164840', '844a999e88a42726a3f774fa8e2097ff20768b323d9cf2b6408147bf34aa9829', '')"
F003_C023_S1906589685,stage1_60s,stage2_300s,1,1,"('253ea6b31262a23044f9db7fdffe6e729b8fff6fac76dbe1babf6309fd1044cc', '253ea6b31262a23044f9db7fdffe6e729b8fff6fac76dbe1babf6309fd1044cc', '8bcc7c027d6de3d0a483f3d60be5482aa178b0dd2f067d694f34d77ec340ff52', '')","('253ea6b31262a23044f9db7fdffe6e729b8fff6fac76dbe1babf6309fd1044cc', '253ea6b31262a23044f9db7fdffe6e729b8fff6fac76dbe1babf6309fd1044cc', '8bcc7c027d6de3d0a483f3d60be5482aa178b0dd2f067d694f34d77ec340ff52', '')"
F010_C022_S1772388919,stage1_60s,stage2_300s,1,1,"('2112393039b04d7a31ca25ba52bf2de9b0555b18358adca4e4d2d88f828b5b58', '2112393039b04d7a31ca25ba52bf2de9b0555b18358adca4e4d2d88f828b5b58', '7e3111d97c0532275c83794ce3d6d2fa24c3376f61e4f0955eff94bb6094eceb', '')","('2112393039b04d7a31ca25ba52bf2de9b0555b18358adca4e4d2d88f828b5b58', '2112393039b04d7a31ca25ba52bf2de9b0555b18358adca4e4d2d88f828b5b58', '7e3111d97c0532275c83794ce3d6d2fa24c3376f61e4f0955eff94bb6094eceb', '')"
F004_C021_S726285598,stage1_60s,stage2_300s,1,1,"('bd4fe2a255424070a7637eb2f02f2493ed21f861dca0a2563b975b9d67151fc3', 'bd4fe2a255424070a7637eb2f02f2493ed21f861dca0a2563b975b9d67151fc3', 'faee0bf3c155a9fcaccf74958cd578c9a671f5ea4e3bc4254c4b83173e9c7bb4', '')","('bd4fe2a255424070a7637eb2f02f2493ed21f861dca0a2563b975b9d67151fc3', 'bd4fe2a255424070a7637eb2f02f2493ed21f861dca0a2563b975b9d67151fc3', 'faee0bf3c155a9fcaccf74958cd578c9a671f5ea4e3bc4254c4b83173e9c7bb4', '')"
F004_C005_S2019575648,stage1_60s,stage2_300s,1,1,"('438f6b0cb08c20683d983fbfa7b8442d0402a3dc8e4c2663e1d4a216d61b0970', '438f6b0cb08c20683d983fbfa7b8442d0402a3dc8e4c2663e1d4a216d61b0970', 'eb8c916a6c8a2ce26e4a1a4972b3b237c10a64fc247a44294072bfcd3b5e5627', '')","('438f6b0cb08c20683d983fbfa7b8442d0402a3dc8e4c2663e1d4a216d61b0970', '438f6b0cb08c20683d983fbfa7b8442d0402a3dc8e4c2663e1d4a216d61b0970', 'eb8c916a6c8a2ce26e4a1a4972b3b237c10a64fc247a44294072bfcd3b5e5627', '')"
F003_C035_S687170219,stage1_60s,stage2_300s,1,1,"('35e44b133370f93a87cc9eb03b9b59b1f31c9f95c3c70eaf9b57428f39affca2', '35e44b133370f93a87cc9eb03b9b59b1f31c9f95c3c70eaf9b57428f39affca2', '1e6db2543fc29803d2ebc78ee45592183603a923efd68ea8b2bdbb4d53b7ce81', '')","('35e44b133370f93a87cc9eb03b9b59b1f31c9f95c3c70eaf9b57428f39affca2', '35e44b133370f93a87cc9eb03b9b59b1f31c9f95c3c70eaf9b57428f39affca2', '1e6db2543fc29803d2ebc78ee45592183603a923efd68ea8b2bdbb4d53b7ce81', '')"
F010_C030_S1776192178,stage1_60s,stage2_300s,1,1,"('1f89a64fd79cf4591c160d5ffe891c6d47e7052e04426dca995ee21253122932', '1f89a64fd79cf4591c160d5ffe891c6d47e7052e04426dca995ee21253122932', 'bd07b631a55e14a79b4187e53fc3bea9938e3f2ad4f206628bd1ed251e80193c', '')","('1f89a64fd79cf4591c160d5ffe891c6d47e7052e04426dca995ee21253122932', '1f89a64fd79cf4591c160d5ffe891c6d47e7052e04426dca995ee21253122932', 'bd07b631a55e14a79b4187e53fc3bea9938e3f2ad4f206628bd1ed251e80193c', '')"
F007_C031_S1251001413,stage1_60s,stage2_300s,1,1,"('14b2dba5796eb637d0852ace30a832cd616914bbcac93c19d17bbf2ea9337509', '14b2dba5796eb637d0852ace30a832cd616914bbcac93c19d17bbf2ea9337509', '4a296f0636008778fb022650cbb365dce19bba67ca690bfcbfd040ae93f2d9f7', '')","('14b2dba5796eb637d0852ace30a832cd616914bbcac93c19d17bbf2ea9337509', '14b2dba5796eb637d0852ace30a832cd616914bbcac93c19d17bbf2ea9337509', '4a296f0636008778fb022650cbb365dce19bba67ca690bfcbfd040ae93f2d9f7', '')"
F002_C009_S719155818,stage1_60s,stage2_300s,1,1,"('0c724f8040b3ff1a401d645810887db560f4dd02843f74d1a69fc52480a70a67', '0c724f8040b3ff1a401d645810887db560f4dd02843f74d1a69fc52480a70a67', '51d0aa77b4f5aeb461ae7a1722696e020d0fb2455bfe2a20d73fc4d00783c6ca', '')","('0c724f8040b3ff1a401d645810887db560f4dd02843f74d1a69fc52480a70a67', '0c724f8040b3ff1a401d645810887db560f4dd02843f74d1a69fc52480a70a67', '51d0aa77b4f5aeb461ae7a1722696e020d0fb2455bfe2a20d73fc4d00783c6ca', '')"
F003_C010_S202139719,stage1_60s,stage2_300s,1,1,"('9ff4bbde9191e620d31426099a6aa32573abe9bc9d4f269d3a7ffae52afa532d', '9ff4bbde9191e620d31426099a6aa32573abe9bc9d4f269d3a7ffae52afa532d', 'a3916ea8a5ffd7d03b31e13de5aba46d3ed3c28a509005146c491c6d340a116f', '')","('9ff4bbde9191e620d31426099a6aa32573abe9bc9d4f269d3a7ffae52afa532d', '9ff4bbde9191e620d31426099a6aa32573abe9bc9d4f269d3a7ffae52afa532d', 'a3916ea8a5ffd7d03b31e13de5aba46d3ed3c28a509005146c491c6d340a116f', '')"
F006_C016_S708591124,stage1_60s,stage2_300s,1,1,"('242cceb73e32f4865e97b65ce05958ef3268b16ed2af28b0e375757ca683b3b2', '242cceb73e32f4865e97b65ce05958ef3268b16ed2af28b0e375757ca683b3b2', 'bd07b631a55e14a79b4187e53fc3bea9938e3f2ad4f206628bd1ed251e80193c', '')","('242cceb73e32f4865e97b65ce05958ef3268b16ed2af28b0e375757ca683b3b2', '242cceb73e32f4865e97b65ce05958ef3268b16ed2af28b0e375757ca683b3b2', 'bd07b631a55e14a79b4187e53fc3bea9938e3f2ad4f206628bd1ed251e80193c', '')"
F005_C021_S410131242,stage1_60s,stage2_300s,1,1,"('adffb9b60cf4b7d4a6d7db08e6000bf4452ce5ab21c4968637e8bd4507ec5770', 'adffb9b60cf4b7d4a6d7db08e6000bf4452ce5ab21c4968637e8bd4507ec5770', '28d719c2fc68624ed554ae95079f6c0d2e21507c9ad000ca25e6d4c7988d6b2b', '')","('adffb9b60cf4b7d4a6d7db08e6000bf4452ce5ab21c4968637e8bd4507ec5770', 'adffb9b60cf4b7d4a6d7db08e6000bf4452ce5ab21c4968637e8bd4507ec5770', '28d719c2fc68624ed554ae95079f6c0d2e21507c9ad000ca25e6d4c7988d6b2b', '')"
F009_C039_S1101566026,stage1_60s,stage2_300s,1,1,"('5befe6eb5a9ebcac9e4f48ab433567e3ee4ba6219e3e2fd2bd253ebc6467df6d', '5befe6eb5a9ebcac9e4f48ab433567e3ee4ba6219e3e2fd2bd253ebc6467df6d', 'cb1d0d63dc4b44b0673c2696f871137acc9fb2de3b9e8203ab5e5138df4467a0', '')","('5befe6eb5a9ebcac9e4f48ab433567e3ee4ba6219e3e2fd2bd253ebc6467df6d', '5befe6eb5a9ebcac9e4f48ab433567e3ee4ba6219e3e2fd2bd253ebc6467df6d', 'cb1d0d63dc4b44b0673c2696f871137acc9fb2de3b9e8203ab5e5138df4467a0', '')"
