final_ID,candidate_global_id,family_seed,candidate_index,candidate_seed,solver_seed,common_pool_seed,stage1_rank,stage2_rank,stage2_gap_fraction,stage2_gap_percent,final_manifest,formal_configs,first_120_blocks_hash,first_stage_hash,payload_sha256_excluding_args,formal_outputs_matched,legacy_frozen_rank_matches,source_stage2_manifest,identity_status
R01,F008_C039_S813017037,8,39,813017037,1,161262537,1,1,0.0362357164574977,3.62357164574977,instances/3d_difficult/R01.json,configs/3d/R01/p1.json;configs/3d/R01/p2.json;configs/3d/R01/gurobi.json;configs/3d/R01/p1_norho.json,e65c1a4e06b8926a8ec76fa2dc0d84694cd24e8709b309161069e9b612317103,12ed24cc8ea69d79de72380b1625062ade4b236acb8240c94c82a1a7bc0d0da6,e09882924009749a27450c583934b2142e1ad8503d44c2cc435f602d934c0a4c,4,True,仿真/DZ3_A0_Hunter_F1to10_C40_Final20_P1_1800s/stage2_300s/family_008/candidate_039_seed_813017037/instance_manifest.json,PASS
R02,F003_C033_S1688352591,3,33,1688352591,1,161262537,8,2,0.0357209707510801,3.57209707510801,instances/3d_difficult/R02.json,configs/3d/R02/p1.json;configs/3d/R02/p2.json;configs/3d/R02/gurobi.json;configs/3d/R02/p1_norho.json,bffac7c83523a228deec5979e5e58f62f76ab57e33da076d214d5d8f566466a3,3bb149d09d9ee6bc79674b8fe955cc959ae5da0f058e0e10c8aedf9f77adf10f,bc1b4ed608f5c14b0a51389dcce5319bf5d9405170d60d5c3f18c15ad5337871,4,True,仿真/DZ3_A0_Hunter_F1to10_C40_Final20_P1_1800s/stage2_300s/family_003/candidate_033_seed_1688352591/instance_manifest.json,PASS
R03,F006_C037_S1177541701,6,37,1177541701,1,161262537,5,3,0.03466553101014276,3.4665531010142763,instances/3d_difficult/R03.json,configs/3d/R03/p1.json;configs/3d/R03/p2.json;configs/3d/R03/gurobi.json;configs/3d/R03/p1_norho.json,0e2975e1b4528dde112c1c603bf4005aba0142fc37afe921f8360f3a97b0ba2f,d20c036c59414defe6e5f7df346a08f7ae7ff3069cde3396c25859ab629b331c,92552afac3528d727a778f82e68c485b1a288f58183b8859e39dc505babf3573,4,True,仿真/DZ3_A0_Hunter_F1to10_C40_Final20_P1_1800s/stage2_300s/family_006/candidate_037_seed_1177541701/instance_manifest.json,PASS
R04,F005_C022_S1400951998,5,22,1400951998,1,161262537,9,4,0.03326025394021122,3.326025394021122,instances/3d_difficult/R04.json,configs/3d/R04/p1.json;configs/3d/R04/p2.json;configs/3d/R04/gurobi.json;configs/3d/R04/p1_norho.json,67b38596d97e4ff91df53fefb835d3315cbed25e18511b7076b4ba4fe93892ed,3bb149d09d9ee6bc79674b8fe955cc959ae5da0f058e0e10c8aedf9f77adf10f,a072f41263b0f55c7621a57bd21322cc8d5ce6c5907f45eef81bfced2e7a6627,4,True,仿真/DZ3_A0_Hunter_F1to10_C40_Final20_P1_1800s/stage2_300s/family_005/candidate_022_seed_1400951998/instance_manifest.json,PASS
R05,F006_C030_S1775975473,6,30,1775975473,1,161262537,6,5,0.031491780927482095,3.1491780927482096,instances/3d_difficult/R05.json,configs/3d/R05/p1.json;configs/3d/R05/p2.json;configs/3d/R05/gurobi.json;configs/3d/R05/p1_norho.json,6d12500ecbb4a8c96e4ed60cd9069bf80531d7cde48939985de9922660a9c36e,3cc174a9385a7f08dafd0999c68f5718e3e288185c3588a635bce69532a01bd0,541b745bdba2a065e187d1a05193b454e5524d789605f46573c343cd8f532e32,4,True,仿真/DZ3_A0_Hunter_F1to10_C40_Final20_P1_1800s/stage2_300s/family_006/candidate_030_seed_1775975473/instance_manifest.json,PASS
R06,F008_C009_S1373808879,8,9,1373808879,1,161262537,2,6,0.030717237511957332,3.071723751195733,instances/3d_difficult/R06.json,configs/3d/R06/p1.json;configs/3d/R06/p2.json;configs/3d/R06/gurobi.json;configs/3d/R06/p1_norho.json,8b26f69027b9a7bf1a9ac661c03fd7fbe5e39551ac42ea37555e71ab1f9a98a1,39280af30af981c5c4cab0d68da2f36eaaa4c004dee06bc10d9e5a9403a0305e,413e70cd8fd1aa9effd49266aacc34e3634e0aae5e342a37c76c15c78ddbcc95,4,True,仿真/DZ3_A0_Hunter_F1to10_C40_Final20_P1_1800s/stage2_300s/family_008/candidate_009_seed_1373808879/instance_manifest.json,PASS
R07,F006_C004_S737168579,6,4,737168579,1,161262537,16,7,0.029533915100918833,2.9533915100918833,instances/3d_difficult/R07.json,configs/3d/R07/p1.json;configs/3d/R07/p2.json;configs/3d/R07/gurobi.json;configs/3d/R07/p1_norho.json,7b324efe8c42974003b0965b0b3669e714c070a44d011015475f6e418e61ca33,1da436c582994afc4b66be33e0104236188a5b9bfd431072fa59153a83c672c4,39db42503e68b4042f4691ee2043ec1f1947688e6ece1af91ce03835ceff87f8,4,True,仿真/DZ3_A0_Hunter_F1to10_C40_Final20_P1_1800s/stage2_300s/family_006/candidate_004_seed_737168579/instance_manifest.json,PASS
R08,F005_C008_S613753789,5,8,613753789,1,161262537,4,8,0.028190544383589023,2.8190544383589025,instances/3d_difficult/R08.json,configs/3d/R08/p1.json;configs/3d/R08/p2.json;configs/3d/R08/gurobi.json;configs/3d/R08/p1_norho.json,218c3792c3f10ad016b601115bafe9f7d9758b1b031f7c74682e5d77f15591fe,1165503d2db95e1661367a3dce0386b7e1c02c0b3d985fb8cd3e0fce24d63d38,3b5bf3c964905df897d42c0c259a4fa83348c4450d7ff2ab102cd0c5f6ebf141,4,True,仿真/DZ3_A0_Hunter_F1to10_C40_Final20_P1_1800s/stage2_300s/family_005/candidate_008_seed_613753789/instance_manifest.json,PASS
R09,F006_C022_S111087679,6,22,111087679,1,161262537,18,9,0.02769960411348396,2.769960411348396,instances/3d_difficult/R09.json,configs/3d/R09/p1.json;configs/3d/R09/p2.json;configs/3d/R09/gurobi.json;configs/3d/R09/p1_norho.json,85a4ac98737b01eac5bfa3435de41a81cfeb0bd6d60a304fbf828b958feeb870,03722e58d17dbc5c19d28d5f177b9519a6c5024f2ea519d9b75b1bb475f23592,e3d095cc66717c99009ab7e147da5cf08faf11d3c4134851e4094450248b6df5,4,True,仿真/DZ3_A0_Hunter_F1to10_C40_Final20_P1_1800s/stage2_300s/family_006/candidate_022_seed_111087679/instance_manifest.json,PASS
R10,F009_C024_S139917572,9,24,139917572,1,161262537,19,10,0.02749428994028015,2.749428994028015,instances/3d_difficult/R10.json,configs/3d/R10/p1.json;configs/3d/R10/p2.json;configs/3d/R10/gurobi.json;configs/3d/R10/p1_norho.json,d4a75adb898d910ef4614359abad9e6dcf76d2f39e9de064a4d94a0a6b02c5e0,2b9ec164d0c6d878961362b57c4d69fa20b22b97eb720dc047b1a67f5f97ad0e,9ed605cd2a11c99604978c78ff9657980dd6cd8ce2cba5e3fea0828de4cbd018,4,True,仿真/DZ3_A0_Hunter_F1to10_C40_Final20_P1_1800s/stage2_300s/family_009/candidate_024_seed_139917572/instance_manifest.json,PASS
R11,F008_C035_S956872797,8,35,956872797,1,161262537,20,11,0.027356761399096086,2.7356761399096086,instances/3d_difficult/R11.json,configs/3d/R11/p1.json;configs/3d/R11/p2.json;configs/3d/R11/gurobi.json;configs/3d/R11/p1_norho.json,2282bf6fa39ad2ab8dce2efed8cbf1af63b5cff881ebf6e368007ebf067d0e25,a2e9a9567651cccde6676f04181c05714941f3c2aba2356563bfd562ca8e5cfb,dd5e36eb7357a5382b043810655a0b9c27d79aec393134c892a6274447a33ba3,4,True,仿真/DZ3_A0_Hunter_F1to10_C40_Final20_P1_1800s/stage2_300s/family_008/candidate_035_seed_956872797/instance_manifest.json,PASS
R12,F007_C015_S1073283950,7,15,1073283950,1,161262537,11,12,0.0268503685257797,2.68503685257797,instances/3d_difficult/R12.json,configs/3d/R12/p1.json;configs/3d/R12/p2.json;configs/3d/R12/gurobi.json;configs/3d/R12/p1_norho.json,1a98e68f70248f1cf1dbac97fd03939cfeba3fad47b47b821211638f3a88bee8,a3af64e0b66f05cad54e98b275607bd9a0fb453bea1863fc33343c419768ab76,2840ecf807410911517573f209eec7b80b0980535331f49476fe379b4425e248,4,True,仿真/DZ3_A0_Hunter_F1to10_C40_Final20_P1_1800s/stage2_300s/family_007/candidate_015_seed_1073283950/instance_manifest.json,PASS
R13,F010_C012_S291885126,10,12,291885126,1,161262537,22,13,0.02591068331029846,2.591068331029846,instances/3d_difficult/R13.json,configs/3d/R13/p1.json;configs/3d/R13/p2.json;configs/3d/R13/gurobi.json;configs/3d/R13/p1_norho.json,b5a85398e64ebabf2b19d6f1909933d2e8283033948fe81bb5e3c50bbf9b1be9,2324cac036f1b1762beea8eb2ad9b2cc055f88cfc94c078612c25680d9526378,28dff04b5e727d0675a996376b26837eac3e49ee332a0f8480c0e09bf80b88dc,4,True,仿真/DZ3_A0_Hunter_F1to10_C40_Final20_P1_1800s/stage2_300s/family_010/candidate_012_seed_291885126/instance_manifest.json,PASS
R14,F002_C018_S590492220,2,18,590492220,1,161262537,7,14,0.025584300404767227,2.558430040476723,instances/3d_difficult/R14.json,configs/3d/R14/p1.json;configs/3d/R14/p2.json;configs/3d/R14/gurobi.json;configs/3d/R14/p1_norho.json,54cb79929aff7ffd0cb40fed1160fa969ee83470e47d3bf6fad46157e9cb527a,a70c603d3303011909dbef91961fafabec828e24f51e92d85804d8b3f868e8d4,28408a042887297cc8013e16051c1e98badb5b7f2299dea1c84d4efe8d67dcb4,4,True,仿真/DZ3_A0_Hunter_F1to10_C40_Final20_P1_1800s/stage2_300s/family_002/candidate_018_seed_590492220/instance_manifest.json,PASS
R15,F001_C029_S266112162,1,29,266112162,1,161262537,21,15,0.025316984321913295,2.5316984321913294,instances/3d_difficult/R15.json,configs/3d/R15/p1.json;configs/3d/R15/p2.json;configs/3d/R15/gurobi.json;configs/3d/R15/p1_norho.json,67de08b39958ce9fa42cf710e0ae6469028e238bb243dacf8168142e3ac2248e,97fcf9b7a6b719e35e8a16ed9e42175b5f9d1a47b7c80b2989c1587d93d4e0cf,6bd3673363ea44ca169950040c2e1701717bd8d879996049516f15d20e0a117f,4,True,仿真/DZ3_A0_Hunter_F1to10_C40_Final20_P1_1800s/stage2_300s/family_001/candidate_029_seed_266112162/instance_manifest.json,PASS
R16,F007_C019_S255728784,7,19,255728784,1,161262537,10,16,0.023958720752677746,2.3958720752677745,instances/3d_difficult/R16.json,configs/3d/R16/p1.json;configs/3d/R16/p2.json;configs/3d/R16/gurobi.json;configs/3d/R16/p1_norho.json,1268278e789ce8e3288602b5481177d46115c98b41d5839494ef96403f6e84e5,87756151f3fa21cd9490a906890bf48cefef0191a8755d54cfe3bc054126e755,f58d8ed77597bad6a33e77ed6c8124a870a46d339f196496047b2784bc2d3fd7,4,True,仿真/DZ3_A0_Hunter_F1to10_C40_Final20_P1_1800s/stage2_300s/family_007/candidate_019_seed_255728784/instance_manifest.json,PASS
R17,F006_C039_S1606396927,6,39,1606396927,1,161262537,26,17,0.023826120223403673,2.3826120223403673,instances/3d_difficult/R17.json,configs/3d/R17/p1.json;configs/3d/R17/p2.json;configs/3d/R17/gurobi.json;configs/3d/R17/p1_norho.json,7dfce4fcc9fb342fe6eaea203af919a490eb0bd58baafbe2b42fd703a7ef1eb6,39280af30af981c5c4cab0d68da2f36eaaa4c004dee06bc10d9e5a9403a0305e,c58fd67d0407c0d7ed9f16f50bec77649689cae91fe8ac8c22f43650052e85c5,4,True,仿真/DZ3_A0_Hunter_F1to10_C40_Final20_P1_1800s/stage2_300s/family_006/candidate_039_seed_1606396927/instance_manifest.json,PASS
R18,F008_C008_S1693395944,8,8,1693395944,1,161262537,14,18,0.023415279648079667,2.3415279648079665,instances/3d_difficult/R18.json,configs/3d/R18/p1.json;configs/3d/R18/p2.json;configs/3d/R18/gurobi.json;configs/3d/R18/p1_norho.json,ef629a548d36310a17bc9ba57aa7ec2ad18e331e317025c584f55810e349b24b,c31c5821387b95bb20b6b9fbe385931e04ded2e2481332fd41bf5abb581b134b,089f186c53630c4ef5c2215f114559f4e17dd63f14fc45e3e86d848122dc4ff4,4,True,仿真/DZ3_A0_Hunter_F1to10_C40_Final20_P1_1800s/stage2_300s/family_008/candidate_008_seed_1693395944/instance_manifest.json,PASS
R19,F003_C028_S1260140335,3,28,1260140335,1,161262537,23,19,0.022553517302401394,2.2553517302401396,instances/3d_difficult/R19.json,configs/3d/R19/p1.json;configs/3d/R19/p2.json;configs/3d/R19/gurobi.json;configs/3d/R19/p1_norho.json,386c107ba3519312b616187965917ed4a0c38c01d3fa194f082eeabc743e3763,52457a96f65822f22af24a19476a0745a55420cfcbebd8edad4dcebeaddb2431,506a6c97547fc8d789fa79160ec51e767637a8f321ddfb58085b3d542ada7d99,4,True,仿真/DZ3_A0_Hunter_F1to10_C40_Final20_P1_1800s/stage2_300s/family_003/candidate_028_seed_1260140335/instance_manifest.json,PASS
R20,F001_C024_S1155653964,1,24,1155653964,1,161262537,3,20,0.022272080718334673,2.2272080718334673,instances/3d_difficult/R20.json,configs/3d/R20/p1.json;configs/3d/R20/p2.json;configs/3d/R20/gurobi.json;configs/3d/R20/p1_norho.json,0a100f2f2bb94c456ca3e93941f37accd5c3fb4a268aa525e6f1ee3439e7fc0a,99585fb62593be6fbd1c9f9277733671cfdc1975c8c2c154dc6432e3f766d3d1,48ae9c4c3fb45b4191c110e16cc2de398b58854700e8ffb921716c9926fb544c,4,True,仿真/DZ3_A0_Hunter_F1to10_C40_Final20_P1_1800s/stage2_300s/family_001/candidate_024_seed_1155653964/instance_manifest.json,PASS
