stage,time_limit_sec,family_seed,candidate_index,candidate_seed,output_dir,return_code,result_available,homogeneous_A0_verified,target_met,runtime_sec,mip_gap,mip_gap_percent,incumbent_obj,best_bound,node_count,status,instance_label,first_120_blocks_hash,block_data_hash,first_stage_hash,final_block_hash,error,rank_hardest_first,selected_for_next_stage
stage2_300s,300,8,39,813017037,[MACHINE_SPECIFIC_PATH_REMOVED],0,1,1,0,300.0160000324249,0.0362357164574977,3.62357164574977,-24283.421032472997,-25163.348191623725,329301.0,TIME_LIMIT,dcap_like_sun_nestedB60_n10_m3_P120_pool360_seed8_tailcont_d0p1_homogeneousA0,e65c1a4e06b8926a8ec76fa2dc0d84694cd24e8709b309161069e9b612317103,e65c1a4e06b8926a8ec76fa2dc0d84694cd24e8709b309161069e9b612317103,12ed24cc8ea69d79de72380b1625062ade4b236acb8240c94c82a1a7bc0d0da6,,,1,1
stage2_300s,300,3,33,1688352591,[MACHINE_SPECIFIC_PATH_REMOVED],0,1,1,0,300.0069999694824,0.0357209707510801,3.57209707510801,-24438.24272473206,-25311.20047831001,189425.0,TIME_LIMIT,dcap_like_sun_nestedB60_n10_m3_P120_pool360_seed3_tailcont_d0p1_homogeneousA0,bffac7c83523a228deec5979e5e58f62f76ab57e33da076d214d5d8f566466a3,bffac7c83523a228deec5979e5e58f62f76ab57e33da076d214d5d8f566466a3,3bb149d09d9ee6bc79674b8fe955cc959ae5da0f058e0e10c8aedf9f77adf10f,,,2,1
stage2_300s,300,6,37,1177541701,[MACHINE_SPECIFIC_PATH_REMOVED],0,1,1,0,300.0189998149872,0.03466553101014276,3.4665531010142763,-26440.230729152267,-27356.795367409024,107402.0,TIME_LIMIT,dcap_like_sun_nestedB60_n10_m3_P120_pool360_seed6_tailcont_d0p1_homogeneousA0,0e2975e1b4528dde112c1c603bf4005aba0142fc37afe921f8360f3a97b0ba2f,0e2975e1b4528dde112c1c603bf4005aba0142fc37afe921f8360f3a97b0ba2f,d20c036c59414defe6e5f7df346a08f7ae7ff3069cde3396c25859ab629b331c,,,3,1
stage2_300s,300,5,22,1400951998,[MACHINE_SPECIFIC_PATH_REMOVED],0,1,1,0,300.039999961853,0.03326025394021122,3.326025394021122,-27037.913679393307,-27937.20155438344,311574.0,TIME_LIMIT,dcap_like_sun_nestedB60_n10_m3_P120_pool360_seed5_tailcont_d0p1_homogeneousA0,67b38596d97e4ff91df53fefb835d3315cbed25e18511b7076b4ba4fe93892ed,67b38596d97e4ff91df53fefb835d3315cbed25e18511b7076b4ba4fe93892ed,3bb149d09d9ee6bc79674b8fe955cc959ae5da0f058e0e10c8aedf9f77adf10f,,,4,1
stage2_300s,300,6,30,1775975473,[MACHINE_SPECIFIC_PATH_REMOVED],0,1,1,0,300.0220000743866,0.031491780927482095,3.1491780927482096,-24329.41697124461,-25095.59364059641,225393.0,TIME_LIMIT,dcap_like_sun_nestedB60_n10_m3_P120_pool360_seed6_tailcont_d0p1_homogeneousA0,6d12500ecbb4a8c96e4ed60cd9069bf80531d7cde48939985de9922660a9c36e,6d12500ecbb4a8c96e4ed60cd9069bf80531d7cde48939985de9922660a9c36e,3cc174a9385a7f08dafd0999c68f5718e3e288185c3588a635bce69532a01bd0,,,5,1
stage2_300s,300,8,9,1373808879,[MACHINE_SPECIFIC_PATH_REMOVED],0,1,1,0,300.00999999046326,0.030717237511957332,3.071723751195733,-27506.620135125017,-28351.54751896684,100099.0,TIME_LIMIT,dcap_like_sun_nestedB60_n10_m3_P120_pool360_seed8_tailcont_d0p1_homogeneousA0,8b26f69027b9a7bf1a9ac661c03fd7fbe5e39551ac42ea37555e71ab1f9a98a1,8b26f69027b9a7bf1a9ac661c03fd7fbe5e39551ac42ea37555e71ab1f9a98a1,39280af30af981c5c4cab0d68da2f36eaaa4c004dee06bc10d9e5a9403a0305e,,,6,1
stage2_300s,300,6,4,737168579,[MACHINE_SPECIFIC_PATH_REMOVED],0,1,1,0,300.02500009536743,0.029533915100918833,2.9533915100918833,-26889.682194982168,-27683.83978601946,547509.0,TIME_LIMIT,dcap_like_sun_nestedB60_n10_m3_P120_pool360_seed6_tailcont_d0p1_homogeneousA0,7b324efe8c42974003b0965b0b3669e714c070a44d011015475f6e418e61ca33,7b324efe8c42974003b0965b0b3669e714c070a44d011015475f6e418e61ca33,1da436c582994afc4b66be33e0104236188a5b9bfd431072fa59153a83c672c4,,,7,1
stage2_300s,300,5,8,613753789,[MACHINE_SPECIFIC_PATH_REMOVED],0,1,1,0,300.0160000324249,0.028190544383589023,2.8190544383589025,-23476.660895967725,-24138.480746933972,609937.0,TIME_LIMIT,dcap_like_sun_nestedB60_n10_m3_P120_pool360_seed5_tailcont_d0p1_homogeneousA0,218c3792c3f10ad016b601115bafe9f7d9758b1b031f7c74682e5d77f15591fe,218c3792c3f10ad016b601115bafe9f7d9758b1b031f7c74682e5d77f15591fe,1165503d2db95e1661367a3dce0386b7e1c02c0b3d985fb8cd3e0fce24d63d38,,,8,1
stage2_300s,300,6,22,111087679,[MACHINE_SPECIFIC_PATH_REMOVED],0,1,1,0,300.0199999809265,0.02769960411348396,2.769960411348396,-25077.335255715556,-25771.96751451999,272127.0,TIME_LIMIT,dcap_like_sun_nestedB60_n10_m3_P120_pool360_seed6_tailcont_d0p1_homogeneousA0,85a4ac98737b01eac5bfa3435de41a81cfeb0bd6d60a304fbf828b958feeb870,85a4ac98737b01eac5bfa3435de41a81cfeb0bd6d60a304fbf828b958feeb870,03722e58d17dbc5c19d28d5f177b9519a6c5024f2ea519d9b75b1bb475f23592,,,9,1
stage2_300s,300,9,24,139917572,[MACHINE_SPECIFIC_PATH_REMOVED],0,1,1,0,300.01399993896484,0.02749428994028015,2.749428994028015,-26072.479294055996,-26789.323599228723,342947.0,TIME_LIMIT,dcap_like_sun_nestedB60_n10_m3_P120_pool360_seed9_tailcont_d0p1_homogeneousA0,d4a75adb898d910ef4614359abad9e6dcf76d2f39e9de064a4d94a0a6b02c5e0,d4a75adb898d910ef4614359abad9e6dcf76d2f39e9de064a4d94a0a6b02c5e0,2b9ec164d0c6d878961362b57c4d69fa20b22b97eb720dc047b1a67f5f97ad0e,,,10,1
stage2_300s,300,8,35,956872797,[MACHINE_SPECIFIC_PATH_REMOVED],0,1,1,0,300.02099990844727,0.027356761399096086,2.7356761399096086,-25331.092777096423,-26024.069438177816,429935.0,TIME_LIMIT,dcap_like_sun_nestedB60_n10_m3_P120_pool360_seed8_tailcont_d0p1_homogeneousA0,2282bf6fa39ad2ab8dce2efed8cbf1af63b5cff881ebf6e368007ebf067d0e25,2282bf6fa39ad2ab8dce2efed8cbf1af63b5cff881ebf6e368007ebf067d0e25,a2e9a9567651cccde6676f04181c05714941f3c2aba2356563bfd562ca8e5cfb,,,11,1
stage2_300s,300,7,15,1073283950,[MACHINE_SPECIFIC_PATH_REMOVED],0,1,1,0,300.029000043869,0.0268503685257797,2.68503685257797,-21666.548248360134,-22248.30305351019,409125.0,TIME_LIMIT,dcap_like_sun_nestedB60_n10_m3_P120_pool360_seed7_tailcont_d0p1_homogeneousA0,1a98e68f70248f1cf1dbac97fd03939cfeba3fad47b47b821211638f3a88bee8,1a98e68f70248f1cf1dbac97fd03939cfeba3fad47b47b821211638f3a88bee8,a3af64e0b66f05cad54e98b275607bd9a0fb453bea1863fc33343c419768ab76,,,12,1
stage2_300s,300,10,12,291885126,[MACHINE_SPECIFIC_PATH_REMOVED],0,1,1,0,300.0380001068115,0.02591068331029846,2.591068331029846,-25965.93286516119,-26638.727928486853,521501.0,TIME_LIMIT,dcap_like_sun_nestedB60_n10_m3_P120_pool360_seed10_tailcont_d0p1_homogeneousA0,b5a85398e64ebabf2b19d6f1909933d2e8283033948fe81bb5e3c50bbf9b1be9,b5a85398e64ebabf2b19d6f1909933d2e8283033948fe81bb5e3c50bbf9b1be9,2324cac036f1b1762beea8eb2ad9b2cc055f88cfc94c078612c25680d9526378,,,13,1
stage2_300s,300,2,18,590492220,[MACHINE_SPECIFIC_PATH_REMOVED],0,1,1,0,300.02099990844727,0.025584300404767227,2.558430040476723,-23867.725899028756,-24478.36496840815,181009.0,TIME_LIMIT,dcap_like_sun_nestedB60_n10_m3_P120_pool360_seed2_tailcont_d0p1_homogeneousA0,54cb79929aff7ffd0cb40fed1160fa969ee83470e47d3bf6fad46157e9cb527a,54cb79929aff7ffd0cb40fed1160fa969ee83470e47d3bf6fad46157e9cb527a,a70c603d3303011909dbef91961fafabec828e24f51e92d85804d8b3f868e8d4,,,14,1
stage2_300s,300,1,29,266112162,[MACHINE_SPECIFIC_PATH_REMOVED],0,1,1,0,300.0260000228882,0.025316984321913295,2.5316984321913294,-30150.732514735962,-30914.058137105734,172518.0,TIME_LIMIT,dcap_like_sun_nestedB60_n10_m3_P120_pool360_seed1_tailcont_d0p1_homogeneousA0,67de08b39958ce9fa42cf710e0ae6469028e238bb243dacf8168142e3ac2248e,67de08b39958ce9fa42cf710e0ae6469028e238bb243dacf8168142e3ac2248e,97fcf9b7a6b719e35e8a16ed9e42175b5f9d1a47b7c80b2989c1587d93d4e0cf,,,15,1
stage2_300s,300,7,19,255728784,[MACHINE_SPECIFIC_PATH_REMOVED],0,1,1,0,300.0279998779297,0.023958720752677746,2.3958720752677745,-23108.948816037562,-23662.60966760893,304801.0,TIME_LIMIT,dcap_like_sun_nestedB60_n10_m3_P120_pool360_seed7_tailcont_d0p1_homogeneousA0,1268278e789ce8e3288602b5481177d46115c98b41d5839494ef96403f6e84e5,1268278e789ce8e3288602b5481177d46115c98b41d5839494ef96403f6e84e5,87756151f3fa21cd9490a906890bf48cefef0191a8755d54cfe3bc054126e755,,,16,1
stage2_300s,300,6,39,1606396927,[MACHINE_SPECIFIC_PATH_REMOVED],0,1,1,0,300.0189998149872,0.023826120223403673,2.3826120223403673,-22304.554246399555,-22835.9852374037,309697.0,TIME_LIMIT,dcap_like_sun_nestedB60_n10_m3_P120_pool360_seed6_tailcont_d0p1_homogeneousA0,7dfce4fcc9fb342fe6eaea203af919a490eb0bd58baafbe2b42fd703a7ef1eb6,7dfce4fcc9fb342fe6eaea203af919a490eb0bd58baafbe2b42fd703a7ef1eb6,39280af30af981c5c4cab0d68da2f36eaaa4c004dee06bc10d9e5a9403a0305e,,,17,1
stage2_300s,300,8,8,1693395944,[MACHINE_SPECIFIC_PATH_REMOVED],0,1,1,0,300.02499985694885,0.023415279648079667,2.3415279648079665,-24203.570308559647,-24770.30367581653,265120.0,TIME_LIMIT,dcap_like_sun_nestedB60_n10_m3_P120_pool360_seed8_tailcont_d0p1_homogeneousA0,ef629a548d36310a17bc9ba57aa7ec2ad18e331e317025c584f55810e349b24b,ef629a548d36310a17bc9ba57aa7ec2ad18e331e317025c584f55810e349b24b,c31c5821387b95bb20b6b9fbe385931e04ded2e2481332fd41bf5abb581b134b,,,18,1
stage2_300s,300,3,28,1260140335,[MACHINE_SPECIFIC_PATH_REMOVED],0,1,1,0,300.029000043869,0.022553517302401394,2.2553517302401396,-21724.131126514712,-22214.0866937562,519345.0,TIME_LIMIT,dcap_like_sun_nestedB60_n10_m3_P120_pool360_seed3_tailcont_d0p1_homogeneousA0,386c107ba3519312b616187965917ed4a0c38c01d3fa194f082eeabc743e3763,386c107ba3519312b616187965917ed4a0c38c01d3fa194f082eeabc743e3763,52457a96f65822f22af24a19476a0745a55420cfcbebd8edad4dcebeaddb2431,,,19,1
stage2_300s,300,1,24,1155653964,[MACHINE_SPECIFIC_PATH_REMOVED],0,1,1,0,300.01399993896484,0.022272080718334673,2.2272080718334673,-27266.64412182145,-27873.929020620762,32078.0,TIME_LIMIT,dcap_like_sun_nestedB60_n10_m3_P120_pool360_seed1_tailcont_d0p1_homogeneousA0,0a100f2f2bb94c456ca3e93941f37accd5c3fb4a268aa525e6f1ee3439e7fc0a,0a100f2f2bb94c456ca3e93941f37accd5c3fb4a268aa525e6f1ee3439e7fc0a,99585fb62593be6fbd1c9f9277733671cfdc1975c8c2c154dc6432e3f766d3d1,,,20,1
stage2_300s,300,3,37,1396642889,[MACHINE_SPECIFIC_PATH_REMOVED],0,1,1,0,300.04500007629395,0.021304398623689456,2.1304398623689456,-26676.875390442405,-27245.21017779488,239753.0,TIME_LIMIT,dcap_like_sun_nestedB60_n10_m3_P120_pool360_seed3_tailcont_d0p1_homogeneousA0,0c96506de1e302ffa5d3395ea4e5c9880dad34712a6af647e68acc057d4dc617,0c96506de1e302ffa5d3395ea4e5c9880dad34712a6af647e68acc057d4dc617,1c050df679cde03bd78ac9426729c710ab037817926e5a870d3dc2ea11ed8adb,,,21,1
stage2_300s,300,5,36,1058758870,[MACHINE_SPECIFIC_PATH_REMOVED],0,1,1,0,300.0260000228882,0.021211869706807007,2.1211869706807005,-27608.639402820958,-28194.270264615814,143302.0,TIME_LIMIT,dcap_like_sun_nestedB60_n10_m3_P120_pool360_seed5_tailcont_d0p1_homogeneousA0,c076dfc8c46791a56d3f4d4858443fb9fd9891ecfec18d8c83590178243d31ee,c076dfc8c46791a56d3f4d4858443fb9fd9891ecfec18d8c83590178243d31ee,c09ec1869c91ff1dec59679ee88a83cf7d5a6d69aebf6cee843eed52d6feb885,,,22,1
stage2_300s,300,5,28,2092048919,[MACHINE_SPECIFIC_PATH_REMOVED],0,1,1,0,300.05999994277954,0.020927128699466974,2.0927128699466975,-29170.44358667895,-29780.89721383792,264570.0,TIME_LIMIT,dcap_like_sun_nestedB60_n10_m3_P120_pool360_seed5_tailcont_d0p1_homogeneousA0,3d993cb65b402063f2e978d0cc36c87ef05aa1f8fa0fd1ea3210d34d5f7f380e,3d993cb65b402063f2e978d0cc36c87ef05aa1f8fa0fd1ea3210d34d5f7f380e,afe5f9c694f4687ec07cec4399eaa67c8e571d5f3875e37b17c1ac92ab96128b,,,23,1
stage2_300s,300,3,16,343036706,[MACHINE_SPECIFIC_PATH_REMOVED],0,1,1,0,300.02100014686584,0.020861337341592373,2.086133734159237,-24044.29690626345,-24545.89309516642,160606.0,TIME_LIMIT,dcap_like_sun_nestedB60_n10_m3_P120_pool360_seed3_tailcont_d0p1_homogeneousA0,dc55449cc25a7886d115c387b62d97c9539688256e8ec0776bc941360b07c643,dc55449cc25a7886d115c387b62d97c9539688256e8ec0776bc941360b07c643,290b11eacc620e0a91e14051a3b371cbe91e84ad64b4abdcbd0b6a5690b5bf6b,,,24,1
stage2_300s,300,10,21,505385130,[MACHINE_SPECIFIC_PATH_REMOVED],0,1,1,0,300.085000038147,0.020578073667113197,2.0578073667113195,-26735.436728217104,-27285.6005147328,192991.0,TIME_LIMIT,dcap_like_sun_nestedB60_n10_m3_P120_pool360_seed10_tailcont_d0p1_homogeneousA0,a773aca2fed087cd186979807f6a293ba9dbc0aaedfc7c15d116f323f4a07791,a773aca2fed087cd186979807f6a293ba9dbc0aaedfc7c15d116f323f4a07791,1787fd130f290bdf8f573a28de6a703143992e6c977139bd1062f35a0d26ed7c,,,25,1
stage2_300s,300,4,25,1927500810,[MACHINE_SPECIFIC_PATH_REMOVED],0,1,1,0,300.021999835968,0.02048493072665128,2.048493072665128,-23809.840750258376,-24297.583688640017,177666.0,TIME_LIMIT,dcap_like_sun_nestedB60_n10_m3_P120_pool360_seed4_tailcont_d0p1_homogeneousA0,796fcb945b3f78f96033dd3d92d59e77ff3fbf4826d915a104512e21621b6de9,796fcb945b3f78f96033dd3d92d59e77ff3fbf4826d915a104512e21621b6de9,1dc91434d0fdecb5e9f1a2b31c706fc1e3b91d5c26a76846459cd815b11641d7,,,26,1
stage2_300s,300,3,15,568628368,[MACHINE_SPECIFIC_PATH_REMOVED],0,1,1,0,300.03399991989136,0.01986238720377826,1.986238720377826,-28132.231508532983,-28691.004783661796,348196.0,TIME_LIMIT,dcap_like_sun_nestedB60_n10_m3_P120_pool360_seed3_tailcont_d0p1_homogeneousA0,ae20293c2e530fec6051b1ef31c500e0be79f619a335f3ea5935f51c65e81399,ae20293c2e530fec6051b1ef31c500e0be79f619a335f3ea5935f51c65e81399,286cbd81c91de2905c1bc8be0f6c9e3630fbe58641d716e94e9f98114d38e2e2,,,27,1
stage2_300s,300,6,36,445472431,[MACHINE_SPECIFIC_PATH_REMOVED],0,1,1,0,300.02800011634827,0.018961331205690407,1.8961331205690408,-25013.120435583525,-25487.402496650448,167195.0,TIME_LIMIT,dcap_like_sun_nestedB60_n10_m3_P120_pool360_seed6_tailcont_d0p1_homogeneousA0,5d7aff56a05d1a05fd09fc6536dd104437af1e10235b92b209a19277d36c70b7,5d7aff56a05d1a05fd09fc6536dd104437af1e10235b92b209a19277d36c70b7,5c81a36cd3901512e8f3fb3c1448c0c59f3b7d2d7c62705f9b24cec91e4f12cd,,,28,1
stage2_300s,300,1,18,1180243456,[MACHINE_SPECIFIC_PATH_REMOVED],0,1,1,0,300.01700019836426,0.018580909979232136,1.8580909979232136,-24174.33123894688,-24623.512311505892,5140.0,TIME_LIMIT,dcap_like_sun_nestedB60_n10_m3_P120_pool360_seed1_tailcont_d0p1_homogeneousA0,69d3b25f08d5e543b8f231359bd1a8cd78aa8174ac0eb278bef92561b28571bf,69d3b25f08d5e543b8f231359bd1a8cd78aa8174ac0eb278bef92561b28571bf,fd142ba51145baac572263afcf77871cd72b2ea01bd9925353fa399fb520f7d8,,,29,1
stage2_300s,300,8,5,378027506,[MACHINE_SPECIFIC_PATH_REMOVED],0,1,1,0,300.0239999294281,0.01836375978805865,1.836375978805865,-25289.47722338249,-25753.887108278268,241313.0,TIME_LIMIT,dcap_like_sun_nestedB60_n10_m3_P120_pool360_seed8_tailcont_d0p1_homogeneousA0,7bed5fa36269187a81dbab283f2af30224fc68dbc718dd1dd862ca4fdc3e91f8,7bed5fa36269187a81dbab283f2af30224fc68dbc718dd1dd862ca4fdc3e91f8,51a11896086bd0e6effa6a3eef5c8c3c0f8166b39d5e90418827a24138418310,,,30,1
stage2_300s,300,4,18,1871822497,[MACHINE_SPECIFIC_PATH_REMOVED],0,1,1,0,300.02800011634827,0.018158752494645658,1.8158752494645658,-25406.943039959937,-25868.30143026813,245647.0,TIME_LIMIT,dcap_like_sun_nestedB60_n10_m3_P120_pool360_seed4_tailcont_d0p1_homogeneousA0,a83d4ca183e63228e07772a7a9d3ec5f6ed12dddf3df4a17263cbe065cda5b27,a83d4ca183e63228e07772a7a9d3ec5f6ed12dddf3df4a17263cbe065cda5b27,bfd7b2d3a517f0b39cfd4c2c04266a44446fdaf0bdcf4979f4d36b14cf314821,,,31,0
stage2_300s,300,3,22,840156141,[MACHINE_SPECIFIC_PATH_REMOVED],0,1,1,0,300.02500009536743,0.0180483099075379,1.80483099075379,-24611.043930362735,-25055.23167836595,128371.0,TIME_LIMIT,dcap_like_sun_nestedB60_n10_m3_P120_pool360_seed3_tailcont_d0p1_homogeneousA0,2bf36883f1f7570557e60ff837b1cbf262e2270eed2bcd593573d4a7b566ab8a,2bf36883f1f7570557e60ff837b1cbf262e2270eed2bcd593573d4a7b566ab8a,1c050df679cde03bd78ac9426729c710ab037817926e5a870d3dc2ea11ed8adb,,,32,0
stage2_300s,300,10,22,1772388919,[MACHINE_SPECIFIC_PATH_REMOVED],0,1,1,0,300.0390000343323,0.017976392383887985,1.7976392383887985,-22446.868722249535,-22850.382442190315,233411.0,TIME_LIMIT,dcap_like_sun_nestedB60_n10_m3_P120_pool360_seed10_tailcont_d0p1_homogeneousA0,2112393039b04d7a31ca25ba52bf2de9b0555b18358adca4e4d2d88f828b5b58,2112393039b04d7a31ca25ba52bf2de9b0555b18358adca4e4d2d88f828b5b58,7e3111d97c0532275c83794ce3d6d2fa24c3376f61e4f0955eff94bb6094eceb,,,33,0
stage2_300s,300,7,31,1251001413,[MACHINE_SPECIFIC_PATH_REMOVED],0,1,1,0,300.0439999103546,0.017932535195739428,1.7932535195739427,-27849.030898857072,-28348.43462561806,234392.0,TIME_LIMIT,dcap_like_sun_nestedB60_n10_m3_P120_pool360_seed7_tailcont_d0p1_homogeneousA0,14b2dba5796eb637d0852ace30a832cd616914bbcac93c19d17bbf2ea9337509,14b2dba5796eb637d0852ace30a832cd616914bbcac93c19d17bbf2ea9337509,4a296f0636008778fb022650cbb365dce19bba67ca690bfcbfd040ae93f2d9f7,,,34,0
stage2_300s,300,4,21,726285598,[MACHINE_SPECIFIC_PATH_REMOVED],0,1,1,0,300.02500009536743,0.017517321408985237,1.7517321408985236,-26357.91719598493,-26819.637303178417,238424.0,TIME_LIMIT,dcap_like_sun_nestedB60_n10_m3_P120_pool360_seed4_tailcont_d0p1_homogeneousA0,bd4fe2a255424070a7637eb2f02f2493ed21f861dca0a2563b975b9d67151fc3,bd4fe2a255424070a7637eb2f02f2493ed21f861dca0a2563b975b9d67151fc3,faee0bf3c155a9fcaccf74958cd578c9a671f5ea4e3bc4254c4b83173e9c7bb4,,,35,0
stage2_300s,300,6,38,1825072544,[MACHINE_SPECIFIC_PATH_REMOVED],0,1,1,0,300.02699995040894,0.017159700210463993,1.7159700210463993,-26090.475931140045,-26538.180676466734,38810.0,TIME_LIMIT,dcap_like_sun_nestedB60_n10_m3_P120_pool360_seed6_tailcont_d0p1_homogeneousA0,cd9c6308570cd242e1b9787f20a65c00c29144c82a7217c70ed22efe1d42b74e,cd9c6308570cd242e1b9787f20a65c00c29144c82a7217c70ed22efe1d42b74e,f4434d13bf5186944c78ba34f5c6f83adeb6b0e30f95d262114bda0d6b6bc8f3,,,36,0
stage2_300s,300,3,23,1906589685,[MACHINE_SPECIFIC_PATH_REMOVED],0,1,1,0,300.02800011634827,0.017081202962470534,1.7081202962470534,-23700.995941342248,-24105.837463429005,233419.0,TIME_LIMIT,dcap_like_sun_nestedB60_n10_m3_P120_pool360_seed3_tailcont_d0p1_homogeneousA0,253ea6b31262a23044f9db7fdffe6e729b8fff6fac76dbe1babf6309fd1044cc,253ea6b31262a23044f9db7fdffe6e729b8fff6fac76dbe1babf6309fd1044cc,8bcc7c027d6de3d0a483f3d60be5482aa178b0dd2f067d694f34d77ec340ff52,,,37,0
stage2_300s,300,3,35,687170219,[MACHINE_SPECIFIC_PATH_REMOVED],0,1,1,0,300.05399990081787,0.016826441123705113,1.6826441123705114,-26924.063195162067,-27377.099359326377,231595.0,TIME_LIMIT,dcap_like_sun_nestedB60_n10_m3_P120_pool360_seed3_tailcont_d0p1_homogeneousA0,35e44b133370f93a87cc9eb03b9b59b1f31c9f95c3c70eaf9b57428f39affca2,35e44b133370f93a87cc9eb03b9b59b1f31c9f95c3c70eaf9b57428f39affca2,1e6db2543fc29803d2ebc78ee45592183603a923efd68ea8b2bdbb4d53b7ce81,,,38,0
stage2_300s,300,8,18,229681099,[MACHINE_SPECIFIC_PATH_REMOVED],0,1,1,0,300.02699995040894,0.016472941999241573,1.6472941999241573,-25538.01839321563,-25958.704688982634,115720.0,TIME_LIMIT,dcap_like_sun_nestedB60_n10_m3_P120_pool360_seed8_tailcont_d0p1_homogeneousA0,0c910b26389bd7510f37b19faf73eb78d649e37e39c9dde9c3c29cedb6241501,0c910b26389bd7510f37b19faf73eb78d649e37e39c9dde9c3c29cedb6241501,11e205f38c136066460db739c3031dd544654a85e86eee648e52fd6b55d776df,,,39,0
stage2_300s,300,1,34,287852352,[MACHINE_SPECIFIC_PATH_REMOVED],0,1,1,0,300.02500009536743,0.015888243117549893,1.5888243117549894,-23756.87036471536,-24134.325296782074,356065.0,TIME_LIMIT,dcap_like_sun_nestedB60_n10_m3_P120_pool360_seed1_tailcont_d0p1_homogeneousA0,48d7aec06b408961c24eecf45db14948059c26fd7de2558b6b31c58255b2a962,48d7aec06b408961c24eecf45db14948059c26fd7de2558b6b31c58255b2a962,7e746f79da823b7a844ec346f46ba0ce1c3e3b833aa8f589a555647ffc74a505,,,40,0
stage2_300s,300,9,39,1101566026,[MACHINE_SPECIFIC_PATH_REMOVED],0,1,1,0,300.0169999599457,0.015692899439283124,1.5692899439283123,-23428.97995302457,-23796.648579392364,293546.0,TIME_LIMIT,dcap_like_sun_nestedB60_n10_m3_P120_pool360_seed9_tailcont_d0p1_homogeneousA0,5befe6eb5a9ebcac9e4f48ab433567e3ee4ba6219e3e2fd2bd253ebc6467df6d,5befe6eb5a9ebcac9e4f48ab433567e3ee4ba6219e3e2fd2bd253ebc6467df6d,cb1d0d63dc4b44b0673c2696f871137acc9fb2de3b9e8203ab5e5138df4467a0,,,41,0
stage2_300s,300,9,26,12081851,[MACHINE_SPECIFIC_PATH_REMOVED],0,1,1,0,300.0329999923706,0.0150780437158415,1.50780437158415,-27595.68900158741,-28011.77800672211,109858.0,TIME_LIMIT,dcap_like_sun_nestedB60_n10_m3_P120_pool360_seed9_tailcont_d0p1_homogeneousA0,d3ba0cc30bf71ef20c077c0700567091beb5d565a879e6f58f8de03767845ae2,d3ba0cc30bf71ef20c077c0700567091beb5d565a879e6f58f8de03767845ae2,e61ffd4766b6fda4dbced079a4bda14c6306663f557dead7e0ffc0b828423de4,,,42,0
stage2_300s,300,1,11,1866217507,[MACHINE_SPECIFIC_PATH_REMOVED],0,1,1,0,300.02300000190735,0.014546790392648494,1.4546790392648494,-22752.883170521054,-23083.864592831043,108863.0,TIME_LIMIT,dcap_like_sun_nestedB60_n10_m3_P120_pool360_seed1_tailcont_d0p1_homogeneousA0,eefe04b34193efca5cb9f77e339dab33dc4a4e4a5364c9c05ba6d92bc2164840,eefe04b34193efca5cb9f77e339dab33dc4a4e4a5364c9c05ba6d92bc2164840,844a999e88a42726a3f774fa8e2097ff20768b323d9cf2b6408147bf34aa9829,,,43,0
stage2_300s,300,3,18,1577492419,[MACHINE_SPECIFIC_PATH_REMOVED],0,1,1,0,300.03399991989136,0.014476728785304385,1.4476728785304385,-25999.17013991202,-26375.55307467051,130799.0,TIME_LIMIT,dcap_like_sun_nestedB60_n10_m3_P120_pool360_seed3_tailcont_d0p1_homogeneousA0,b3607b504a65d9c283d907c28554cba75bc718990db5888f386ff37926f56b2c,b3607b504a65d9c283d907c28554cba75bc718990db5888f386ff37926f56b2c,043cf73ce66877fac92eabff546b6875592416366544ab833943dd297d9cca1f,,,44,0
stage2_300s,300,3,1,1742692731,[MACHINE_SPECIFIC_PATH_REMOVED],0,1,1,0,300.0239999294281,0.014298421668767389,1.429842166876739,-26659.59753740321,-27040.787704512633,115000.0,TIME_LIMIT,dcap_like_sun_nestedB60_n10_m3_P120_pool360_seed3_tailcont_d0p1_homogeneousA0,894a56099c857f041de6056397e38aff751d22ccc10e3f85cbdf9691b927a3e5,894a56099c857f041de6056397e38aff751d22ccc10e3f85cbdf9691b927a3e5,c9dbac511ef4d4436c419a3d8770c7d22f818ff90060d52b352aad44faf45cba,,,45,0
stage2_300s,300,1,10,669652943,[MACHINE_SPECIFIC_PATH_REMOVED],0,1,1,0,300.03200006484985,0.014163605889807408,1.4163605889807407,-26226.136580362705,-26597.593242899224,151599.0,TIME_LIMIT,dcap_like_sun_nestedB60_n10_m3_P120_pool360_seed1_tailcont_d0p1_homogeneousA0,90af38d654e315fd13e3ca0045fbc4d8c7e06b20478985c065a17aba7a6875b9,90af38d654e315fd13e3ca0045fbc4d8c7e06b20478985c065a17aba7a6875b9,2171b91b3c01d229dd36b0a74e21d5713966267c15e4e1ac1875841114df2e37,,,46,0
stage2_300s,300,1,39,1078591221,[MACHINE_SPECIFIC_PATH_REMOVED],0,1,1,0,300.02699995040894,0.013992104559356752,1.3992104559356753,-27472.51518914052,-27856.91349417549,149227.0,TIME_LIMIT,dcap_like_sun_nestedB60_n10_m3_P120_pool360_seed1_tailcont_d0p1_homogeneousA0,cc301146a9ad45a01dec44ece15b709856f3081a165c957ec513f10b8d486f5f,cc301146a9ad45a01dec44ece15b709856f3081a165c957ec513f10b8d486f5f,bc6526823c4eb39859362f0996f4be179f8e303b9afe1715f7545667ec6fd429,,,47,0
stage2_300s,300,10,30,1776192178,[MACHINE_SPECIFIC_PATH_REMOVED],0,1,1,0,300.0149998664856,0.013893781319296503,1.3893781319296503,-24095.068172473788,-24429.83978053568,2924.0,TIME_LIMIT,dcap_like_sun_nestedB60_n10_m3_P120_pool360_seed10_tailcont_d0p1_homogeneousA0,1f89a64fd79cf4591c160d5ffe891c6d47e7052e04426dca995ee21253122932,1f89a64fd79cf4591c160d5ffe891c6d47e7052e04426dca995ee21253122932,bd07b631a55e14a79b4187e53fc3bea9938e3f2ad4f206628bd1ed251e80193c,,,48,0
stage2_300s,300,5,21,410131242,[MACHINE_SPECIFIC_PATH_REMOVED],0,1,1,0,300.018000125885,0.013683444553282024,1.3683444553282025,-25061.834158698184,-25404.76637681228,404119.0,TIME_LIMIT,dcap_like_sun_nestedB60_n10_m3_P120_pool360_seed5_tailcont_d0p1_homogeneousA0,adffb9b60cf4b7d4a6d7db08e6000bf4452ce5ab21c4968637e8bd4507ec5770,adffb9b60cf4b7d4a6d7db08e6000bf4452ce5ab21c4968637e8bd4507ec5770,28d719c2fc68624ed554ae95079f6c0d2e21507c9ad000ca25e6d4c7988d6b2b,,,49,0
stage2_300s,300,8,36,1268954210,[MACHINE_SPECIFIC_PATH_REMOVED],0,1,1,0,300.039999961853,0.013599086003821818,1.3599086003821819,-26247.586449014278,-26604.52963452717,36809.0,TIME_LIMIT,dcap_like_sun_nestedB60_n10_m3_P120_pool360_seed8_tailcont_d0p1_homogeneousA0,ee61d713de93ee8f3ccfa43451352d3be7313f71b3492fe628206fe7c003661c,ee61d713de93ee8f3ccfa43451352d3be7313f71b3492fe628206fe7c003661c,844a999e88a42726a3f774fa8e2097ff20768b323d9cf2b6408147bf34aa9829,,,50,0
stage2_300s,300,6,28,2101887333,[MACHINE_SPECIFIC_PATH_REMOVED],0,1,1,0,300.03600001335144,0.013464470197851046,1.3464470197851046,-24613.15492904972,-24944.558020067,84382.0,TIME_LIMIT,dcap_like_sun_nestedB60_n10_m3_P120_pool360_seed6_tailcont_d0p1_homogeneousA0,021596b068935e450cd1a0dbbfc298d03817c1f8f6557557c4a3e401ba901c00,021596b068935e450cd1a0dbbfc298d03817c1f8f6557557c4a3e401ba901c00,1e4f6de0f62d701a028dae6cea3520f5ceb8255615cb7dccdea9c5adba89fff0,,,51,0
stage2_300s,300,5,37,1429937342,[MACHINE_SPECIFIC_PATH_REMOVED],0,1,1,0,300.0309998989105,0.01342519160631972,1.342519160631972,-23511.415313224566,-23827.060568740366,116559.0,TIME_LIMIT,dcap_like_sun_nestedB60_n10_m3_P120_pool360_seed5_tailcont_d0p1_homogeneousA0,7ad29c201b9100540e696f2819b327e589d27e1cf3d3df68583bf453371e5c01,7ad29c201b9100540e696f2819b327e589d27e1cf3d3df68583bf453371e5c01,59ef6d1c6c7d00eee77dd9bc7ed95ccfd1cdf8f1f8a554590a9158a3f18c71b7,,,52,0
stage2_300s,300,6,16,708591124,[MACHINE_SPECIFIC_PATH_REMOVED],0,1,1,0,300.01399993896484,0.01289165761803829,1.289165761803829,-24802.088232336195,-25121.82826203985,14556.0,TIME_LIMIT,dcap_like_sun_nestedB60_n10_m3_P120_pool360_seed6_tailcont_d0p1_homogeneousA0,242cceb73e32f4865e97b65ce05958ef3268b16ed2af28b0e375757ca683b3b2,242cceb73e32f4865e97b65ce05958ef3268b16ed2af28b0e375757ca683b3b2,bd07b631a55e14a79b4187e53fc3bea9938e3f2ad4f206628bd1ed251e80193c,,,53,0
stage2_300s,300,3,10,202139719,[MACHINE_SPECIFIC_PATH_REMOVED],0,1,1,0,300.0130000114441,0.012651451758377287,1.2651451758377288,-27005.514461985153,-27347.173425411118,363080.0,TIME_LIMIT,dcap_like_sun_nestedB60_n10_m3_P120_pool360_seed3_tailcont_d0p1_homogeneousA0,9ff4bbde9191e620d31426099a6aa32573abe9bc9d4f269d3a7ffae52afa532d,9ff4bbde9191e620d31426099a6aa32573abe9bc9d4f269d3a7ffae52afa532d,a3916ea8a5ffd7d03b31e13de5aba46d3ed3c28a509005146c491c6d340a116f,,,54,0
stage2_300s,300,2,13,2132147591,[MACHINE_SPECIFIC_PATH_REMOVED],0,1,1,0,300.0239999294281,0.012288702440351993,1.2288702440351993,-26515.95642145262,-26841.803119837194,110915.0,TIME_LIMIT,dcap_like_sun_nestedB60_n10_m3_P120_pool360_seed2_tailcont_d0p1_homogeneousA0,50ae942cc8e5823659cc2181314aa16fb5396fd80aa366f9bda2798ad3aa0b8d,50ae942cc8e5823659cc2181314aa16fb5396fd80aa366f9bda2798ad3aa0b8d,87756151f3fa21cd9490a906890bf48cefef0191a8755d54cfe3bc054126e755,,,55,0
stage2_300s,300,2,9,719155818,[MACHINE_SPECIFIC_PATH_REMOVED],0,1,1,0,300.02699995040894,0.01070194673156783,1.0701946731567828,-24072.835168195303,-24330.46136784314,151377.0,TIME_LIMIT,dcap_like_sun_nestedB60_n10_m3_P120_pool360_seed2_tailcont_d0p1_homogeneousA0,0c724f8040b3ff1a401d645810887db560f4dd02843f74d1a69fc52480a70a67,0c724f8040b3ff1a401d645810887db560f4dd02843f74d1a69fc52480a70a67,51d0aa77b4f5aeb461ae7a1722696e020d0fb2455bfe2a20d73fc4d00783c6ca,,,56,0
stage2_300s,300,10,16,1807639472,[MACHINE_SPECIFIC_PATH_REMOVED],0,1,1,0,300.03600001335144,0.010151914593377043,1.0151914593377043,-29450.41127259473,-29749.38933257394,58777.0,TIME_LIMIT,dcap_like_sun_nestedB60_n10_m3_P120_pool360_seed10_tailcont_d0p1_homogeneousA0,c02fe70c5d2b7966afe3df2277b3bcf2dc53bf0d077e294fd88e9b6caacf4edf,c02fe70c5d2b7966afe3df2277b3bcf2dc53bf0d077e294fd88e9b6caacf4edf,0218466b7bf25bb498f0a931367b531a62ab218700e1d3d322f75bc612f0bdd0,,,57,0
stage2_300s,300,4,36,1995068975,[MACHINE_SPECIFIC_PATH_REMOVED],0,1,1,0,300.0349998474121,0.00982513771842001,0.9825137718420011,-23479.785448906572,-23710.477574541033,207630.0,TIME_LIMIT,dcap_like_sun_nestedB60_n10_m3_P120_pool360_seed4_tailcont_d0p1_homogeneousA0,1f8e6955c1d42adc14238b17e19577f202dfd76258c0329a6c62b8c5ff245e99,1f8e6955c1d42adc14238b17e19577f202dfd76258c0329a6c62b8c5ff245e99,8a0c47eeff8d8ab1c455065047e613eb84573833f27406cdf2336df38f668596,,,58,0
stage2_300s,300,4,5,2019575648,[MACHINE_SPECIFIC_PATH_REMOVED],0,1,1,0,300.0260000228882,0.00866474838800536,0.866474838800536,-25363.639139701714,-25583.408691051394,19112.0,TIME_LIMIT,dcap_like_sun_nestedB60_n10_m3_P120_pool360_seed4_tailcont_d0p1_homogeneousA0,438f6b0cb08c20683d983fbfa7b8442d0402a3dc8e4c2663e1d4a216d61b0970,438f6b0cb08c20683d983fbfa7b8442d0402a3dc8e4c2663e1d4a216d61b0970,eb8c916a6c8a2ce26e4a1a4972b3b237c10a64fc247a44294072bfcd3b5e5627,,,59,0
stage2_300s,300,8,23,1822985620,[MACHINE_SPECIFIC_PATH_REMOVED],0,1,1,0,300.01599979400635,0.005671020643611743,0.5671020643611743,-24309.18690881366,-24447.044809602958,111733.0,TIME_LIMIT,dcap_like_sun_nestedB60_n10_m3_P120_pool360_seed8_tailcont_d0p1_homogeneousA0,39358b9f596ebcd39fe7d71b02a1b881b70ab56204fa59ab23d14bf7ae1c37b6,39358b9f596ebcd39fe7d71b02a1b881b70ab56204fa59ab23d14bf7ae1c37b6,67e482cddf3710f0ebb49da207c5077562eb6a6f5d1b50c23df69460db9ee1b4,,,60,0
