candidate_global_id,family_seed,candidate_index,candidate_seed,screening_stage,gurobi_gap,rank,selected,final_ID,stage1_gap_fraction,stage1_gap_percent,stage1_rank,selected_for_stage2,stage2_gap_fraction,stage2_gap_percent,stage2_rank,stage2_selected_for_next_stage_original_flag,final_selection_source,identity_status
F001_C001_S1016164991,1,1,1016164991,stage1_60s,0.012366960130460238,112,False,,0.012366960130460238,1.2366960130460238,112,0,,,,,,REGISTRY_AND_OBSERVED_SCREENING_CONFIG_VERIFIED
F001_C002_S1099128568,1,2,1099128568,stage1_60s,0.005257370393052904,239,False,,0.005257370393052904,0.5257370393052905,239,0,,,,,,REGISTRY_AND_OBSERVED_SCREENING_CONFIG_VERIFIED
F001_C003_S1621709874,1,3,1621709874,stage1_60s,0.005024862442878872,246,False,,0.005024862442878872,0.5024862442878872,246,0,,,,,,REGISTRY_AND_OBSERVED_SCREENING_CONFIG_VERIFIED
F001_C004_S2041105244,1,4,2041105244,stage1_60s,0.00048186060338694476,363,False,,0.00048186060338694476,0.04818606033869448,363,0,,,,,,REGISTRY_AND_OBSERVED_SCREENING_CONFIG_VERIFIED
F001_C005_S74845286,1,5,74845286,stage1_60s,0.0,400,False,,0.0,0.0,400,0,,,,,,REGISTRY_AND_OBSERVED_SCREENING_CONFIG_VERIFIED
F001_C006_S309580410,1,6,309580410,stage1_60s,0.007627526077703472,192,False,,0.007627526077703472,0.7627526077703473,192,0,,,,,,REGISTRY_AND_OBSERVED_SCREENING_CONFIG_VERIFIED
F001_C007_S1767258088,1,7,1767258088,stage1_60s,0.004712747425044436,255,False,,0.004712747425044436,0.4712747425044436,255,0,,,,,,REGISTRY_AND_OBSERVED_SCREENING_CONFIG_VERIFIED
F001_C008_S2037209174,1,8,2037209174,stage1_60s,0.006798584143955992,213,False,,0.006798584143955992,0.6798584143955992,213,0,,,,,,REGISTRY_AND_OBSERVED_SCREENING_CONFIG_VERIFIED
F001_C009_S535214420,1,9,535214420,stage1_60s,0.010508383350790601,135,False,,0.010508383350790601,1.0508383350790602,135,0,,,,,,REGISTRY_AND_OBSERVED_SCREENING_CONFIG_VERIFIED
F001_C010_S669652943,1,10,669652943,stage2_300s,0.014163605889807408,46,False,,0.019779819123915326,1.9779819123915328,43,1,0.014163605889807408,1.4163605889807407,46,0,,REGISTRY_AND_OBSERVED_SCREENING_CONFIG_VERIFIED
F001_C011_S1866217507,1,11,1866217507,stage2_300s,0.014546790392648494,43,False,,0.018910219207001453,1.8910219207001453,48,1,0.014546790392648494,1.4546790392648494,43,0,,REGISTRY_AND_OBSERVED_SCREENING_CONFIG_VERIFIED
F001_C012_S909086626,1,12,909086626,stage1_60s,0.007945378836356239,187,False,,0.007945378836356239,0.7945378836356239,187,0,,,,,,REGISTRY_AND_OBSERVED_SCREENING_CONFIG_VERIFIED
F001_C013_S586626705,1,13,586626705,stage1_60s,0.0004988038664307499,346,False,,0.0004988038664307499,0.04988038664307499,346,0,,,,,,REGISTRY_AND_OBSERVED_SCREENING_CONFIG_VERIFIED
F001_C014_S1777477784,1,14,1777477784,stage1_60s,0.011157254515816234,130,False,,0.011157254515816234,1.1157254515816233,130,0,,,,,,REGISTRY_AND_OBSERVED_SCREENING_CONFIG_VERIFIED
F001_C015_S551886180,1,15,551886180,stage1_60s,0.00039727871865579713,380,False,,0.00039727871865579713,0.03972787186557971,380,0,,,,,,REGISTRY_AND_OBSERVED_SCREENING_CONFIG_VERIFIED
F001_C016_S878748453,1,16,878748453,stage1_60s,0.01241483850859629,110,False,,0.01241483850859629,1.2414838508596289,110,0,,,,,,REGISTRY_AND_OBSERVED_SCREENING_CONFIG_VERIFIED
F001_C017_S1382612244,1,17,1382612244,stage1_60s,0.0004989774792380179,344,False,,0.0004989774792380179,0.04989774792380179,344,0,,,,,,REGISTRY_AND_OBSERVED_SCREENING_CONFIG_VERIFIED
F001_C018_S1180243456,1,18,1180243456,stage2_300s,0.018580909979232136,29,False,,0.020690395259066435,2.0690395259066436,37,1,0.018580909979232136,1.8580909979232136,29,1,,REGISTRY_AND_OBSERVED_SCREENING_CONFIG_VERIFIED
F001_C019_S184123696,1,19,184123696,stage1_60s,0.0077075071639142664,191,False,,0.0077075071639142664,0.7707507163914267,191,0,,,,,,REGISTRY_AND_OBSERVED_SCREENING_CONFIG_VERIFIED
F001_C020_S59182744,1,20,59182744,stage1_60s,0.007338355976893073,198,False,,0.007338355976893073,0.7338355976893073,198,0,,,,,,REGISTRY_AND_OBSERVED_SCREENING_CONFIG_VERIFIED
F001_C021_S1858836761,1,21,1858836761,stage1_60s,0.009535383189582544,157,False,,0.009535383189582544,0.9535383189582544,157,0,,,,,,REGISTRY_AND_OBSERVED_SCREENING_CONFIG_VERIFIED
F001_C022_S1618157078,1,22,1618157078,stage1_60s,0.009744693402508307,151,False,,0.009744693402508307,0.9744693402508307,151,0,,,,,,REGISTRY_AND_OBSERVED_SCREENING_CONFIG_VERIFIED
F001_C023_S1799343697,1,23,1799343697,stage1_60s,0.0024022482001134914,303,False,,0.0024022482001134914,0.24022482001134915,303,0,,,,,,REGISTRY_AND_OBSERVED_SCREENING_CONFIG_VERIFIED
F001_C024_S1155653964,1,24,1155653964,stage2_300s,0.022272080718334673,20,True,R20,0.04337143478075375,4.337143478075375,3,1,0.022272080718334673,2.2272080718334673,20,1,legacy runner explicit ranks 1-20 and four formal per-instance configurations,REGISTRY_AND_OBSERVED_SCREENING_CONFIG_VERIFIED
F001_C025_S1755663523,1,25,1755663523,stage1_60s,0.015790292066418257,77,False,,0.015790292066418257,1.5790292066418257,77,0,,,,,,REGISTRY_AND_OBSERVED_SCREENING_CONFIG_VERIFIED
F001_C026_S708093468,1,26,708093468,stage1_60s,0.006660149230973571,217,False,,0.006660149230973571,0.6660149230973571,217,0,,,,,,REGISTRY_AND_OBSERVED_SCREENING_CONFIG_VERIFIED
F001_C027_S972122756,1,27,972122756,stage1_60s,0.006167227342203068,226,False,,0.006167227342203068,0.6167227342203068,226,0,,,,,,REGISTRY_AND_OBSERVED_SCREENING_CONFIG_VERIFIED
F001_C028_S1693137747,1,28,1693137747,stage1_60s,0.012084587723586868,116,False,,0.012084587723586868,1.2084587723586868,116,0,,,,,,REGISTRY_AND_OBSERVED_SCREENING_CONFIG_VERIFIED
F001_C029_S266112162,1,29,266112162,stage2_300s,0.025316984321913295,15,True,R15,0.027997097176004616,2.7997097176004617,21,1,0.025316984321913295,2.5316984321913294,15,1,legacy runner explicit ranks 1-20 and four formal per-instance configurations,REGISTRY_AND_OBSERVED_SCREENING_CONFIG_VERIFIED
F001_C030_S651105937,1,30,651105937,stage1_60s,0.0026293328468899877,297,False,,0.0026293328468899877,0.2629332846889988,297,0,,,,,,REGISTRY_AND_OBSERVED_SCREENING_CONFIG_VERIFIED
F001_C031_S267191830,1,31,267191830,stage1_60s,0.016260046496190513,69,False,,0.016260046496190513,1.6260046496190512,69,0,,,,,,REGISTRY_AND_OBSERVED_SCREENING_CONFIG_VERIFIED
F001_C032_S973879301,1,32,973879301,stage1_60s,0.014131937527856893,88,False,,0.014131937527856893,1.4131937527856893,88,0,,,,,,REGISTRY_AND_OBSERVED_SCREENING_CONFIG_VERIFIED
F001_C033_S2097889540,1,33,2097889540,stage1_60s,0.005680275389639026,233,False,,0.005680275389639026,0.5680275389639026,233,0,,,,,,REGISTRY_AND_OBSERVED_SCREENING_CONFIG_VERIFIED
F001_C034_S287852352,1,34,287852352,stage2_300s,0.015888243117549893,40,False,,0.030760933826554603,3.0760933826554604,15,1,0.015888243117549893,1.5888243117549894,40,0,,REGISTRY_AND_OBSERVED_SCREENING_CONFIG_VERIFIED
F001_C035_S823155374,1,35,823155374,stage1_60s,0.006745723223431535,214,False,,0.006745723223431535,0.6745723223431535,214,0,,,,,,REGISTRY_AND_OBSERVED_SCREENING_CONFIG_VERIFIED
F001_C036_S865678546,1,36,865678546,stage1_60s,0.008725741451466056,170,False,,0.008725741451466056,0.8725741451466056,170,0,,,,,,REGISTRY_AND_OBSERVED_SCREENING_CONFIG_VERIFIED
F001_C037_S1941050025,1,37,1941050025,stage1_60s,0.006714509744537277,215,False,,0.006714509744537277,0.6714509744537277,215,0,,,,,,REGISTRY_AND_OBSERVED_SCREENING_CONFIG_VERIFIED
F001_C038_S436916801,1,38,436916801,stage1_60s,0.005389424727656328,236,False,,0.005389424727656328,0.5389424727656328,236,0,,,,,,REGISTRY_AND_OBSERVED_SCREENING_CONFIG_VERIFIED
F001_C039_S1078591221,1,39,1078591221,stage2_300s,0.013992104559356752,47,False,,0.020414884122295956,2.0414884122295955,38,1,0.013992104559356752,1.3992104559356753,47,0,,REGISTRY_AND_OBSERVED_SCREENING_CONFIG_VERIFIED
F001_C040_S563313608,1,40,563313608,stage1_60s,0.0017839754009287645,318,False,,0.0017839754009287645,0.17839754009287645,318,0,,,,,,REGISTRY_AND_OBSERVED_SCREENING_CONFIG_VERIFIED
F002_C001_S1798679647,2,1,1798679647,stage1_60s,0.004769519489402362,253,False,,0.004769519489402362,0.47695194894023624,253,0,,,,,,REGISTRY_AND_OBSERVED_SCREENING_CONFIG_VERIFIED
F002_C002_S561807779,2,2,561807779,stage1_60s,0.013751272704141415,94,False,,0.013751272704141415,1.3751272704141415,94,0,,,,,,REGISTRY_AND_OBSERVED_SCREENING_CONFIG_VERIFIED
F002_C003_S234731697,2,3,234731697,stage1_60s,9.370062177280127e-05,392,False,,9.370062177280127e-05,0.009370062177280127,392,0,,,,,,REGISTRY_AND_OBSERVED_SCREENING_CONFIG_VERIFIED
F002_C004_S641004849,2,4,641004849,stage1_60s,0.00727392235845596,199,False,,0.00727392235845596,0.727392235845596,199,0,,,,,,REGISTRY_AND_OBSERVED_SCREENING_CONFIG_VERIFIED
F002_C005_S888658062,2,5,888658062,stage1_60s,0.009596276470913228,154,False,,0.009596276470913228,0.9596276470913228,154,0,,,,,,REGISTRY_AND_OBSERVED_SCREENING_CONFIG_VERIFIED
F002_C006_S1748536462,2,6,1748536462,stage1_60s,0.010290857259058546,137,False,,0.010290857259058546,1.0290857259058546,137,0,,,,,,REGISTRY_AND_OBSERVED_SCREENING_CONFIG_VERIFIED
F002_C007_S969095166,2,7,969095166,stage1_60s,0.006368760550242953,223,False,,0.006368760550242953,0.6368760550242953,223,0,,,,,,REGISTRY_AND_OBSERVED_SCREENING_CONFIG_VERIFIED
F002_C008_S197387982,2,8,197387982,stage1_60s,0.0010304248872123369,330,False,,0.0010304248872123369,0.10304248872123369,330,0,,,,,,REGISTRY_AND_OBSERVED_SCREENING_CONFIG_VERIFIED
F002_C009_S719155818,2,9,719155818,stage2_300s,0.01070194673156783,56,False,,0.01781928842276039,1.7819288422760389,56,1,0.01070194673156783,1.0701946731567828,56,0,,REGISTRY_AND_OBSERVED_SCREENING_CONFIG_VERIFIED
F002_C010_S1288706065,2,10,1288706065,stage1_60s,0.01272728705105328,106,False,,0.01272728705105328,1.272728705105328,106,0,,,,,,REGISTRY_AND_OBSERVED_SCREENING_CONFIG_VERIFIED
F002_C011_S1746310707,2,11,1746310707,stage1_60s,0.001973275137725622,315,False,,0.001973275137725622,0.19732751377256222,315,0,,,,,,REGISTRY_AND_OBSERVED_SCREENING_CONFIG_VERIFIED
F002_C012_S1564571816,2,12,1564571816,stage1_60s,0.00815160175457521,184,False,,0.00815160175457521,0.815160175457521,184,0,,,,,,REGISTRY_AND_OBSERVED_SCREENING_CONFIG_VERIFIED
F002_C013_S2132147591,2,13,2132147591,stage2_300s,0.012288702440351993,55,False,,0.021509012084536056,2.1509012084536057,35,1,0.012288702440351993,1.2288702440351993,55,0,,REGISTRY_AND_OBSERVED_SCREENING_CONFIG_VERIFIED
F002_C014_S403514481,2,14,403514481,stage1_60s,0.00042080688601305586,377,False,,0.00042080688601305586,0.04208068860130559,377,0,,,,,,REGISTRY_AND_OBSERVED_SCREENING_CONFIG_VERIFIED
F002_C015_S1890275150,2,15,1890275150,stage1_60s,0.0004975536741126877,353,False,,0.0004975536741126877,0.04975536741126877,353,0,,,,,,REGISTRY_AND_OBSERVED_SCREENING_CONFIG_VERIFIED
F002_C016_S118426479,2,16,118426479,stage1_60s,0.0038469248772743567,275,False,,0.0038469248772743567,0.3846924877274357,275,0,,,,,,REGISTRY_AND_OBSERVED_SCREENING_CONFIG_VERIFIED
F002_C017_S1198780981,2,17,1198780981,stage1_60s,0.009076593513825875,163,False,,0.009076593513825875,0.9076593513825875,163,0,,,,,,REGISTRY_AND_OBSERVED_SCREENING_CONFIG_VERIFIED
F002_C018_S590492220,2,18,590492220,stage2_300s,0.025584300404767227,14,True,R14,0.03831864830691256,3.831864830691256,7,1,0.025584300404767227,2.558430040476723,14,1,legacy runner explicit ranks 1-20 and four formal per-instance configurations,REGISTRY_AND_OBSERVED_SCREENING_CONFIG_VERIFIED
F002_C019_S432399589,2,19,432399589,stage1_60s,0.010228740232044467,138,False,,0.010228740232044467,1.0228740232044466,138,0,,,,,,REGISTRY_AND_OBSERVED_SCREENING_CONFIG_VERIFIED
F002_C020_S1411826648,2,20,1411826648,stage1_60s,0.00302447071532297,293,False,,0.00302447071532297,0.302447071532297,293,0,,,,,,REGISTRY_AND_OBSERVED_SCREENING_CONFIG_VERIFIED
F002_C021_S656492380,2,21,656492380,stage1_60s,0.0035130546822116603,283,False,,0.0035130546822116603,0.35130546822116604,283,0,,,,,,REGISTRY_AND_OBSERVED_SCREENING_CONFIG_VERIFIED
F002_C022_S1207456315,2,22,1207456315,stage1_60s,0.012778250871047376,104,False,,0.012778250871047376,1.2778250871047376,104,0,,,,,,REGISTRY_AND_OBSERVED_SCREENING_CONFIG_VERIFIED
F002_C023_S558688960,2,23,558688960,stage1_60s,0.008570098393858971,173,False,,0.008570098393858971,0.8570098393858971,173,0,,,,,,REGISTRY_AND_OBSERVED_SCREENING_CONFIG_VERIFIED
F002_C024_S322256256,2,24,322256256,stage1_60s,0.011742825561354775,121,False,,0.011742825561354775,1.1742825561354775,121,0,,,,,,REGISTRY_AND_OBSERVED_SCREENING_CONFIG_VERIFIED
F002_C025_S1608849034,2,25,1608849034,stage1_60s,0.0009853494131030125,331,False,,0.0009853494131030125,0.09853494131030124,331,0,,,,,,REGISTRY_AND_OBSERVED_SCREENING_CONFIG_VERIFIED
F002_C026_S929067548,2,26,929067548,stage1_60s,0.0038124091166451776,276,False,,0.0038124091166451776,0.38124091166451773,276,0,,,,,,REGISTRY_AND_OBSERVED_SCREENING_CONFIG_VERIFIED
F002_C027_S1457523177,2,27,1457523177,stage1_60s,0.013509793120891544,97,False,,0.013509793120891544,1.3509793120891544,97,0,,,,,,REGISTRY_AND_OBSERVED_SCREENING_CONFIG_VERIFIED
F002_C028_S1437305003,2,28,1437305003,stage1_60s,0.008800079400211488,169,False,,0.008800079400211488,0.8800079400211488,169,0,,,,,,REGISTRY_AND_OBSERVED_SCREENING_CONFIG_VERIFIED
F002_C029_S2029896997,2,29,2029896997,stage1_60s,0.009078723272288099,162,False,,0.009078723272288099,0.9078723272288098,162,0,,,,,,REGISTRY_AND_OBSERVED_SCREENING_CONFIG_VERIFIED
F002_C030_S907923171,2,30,907923171,stage1_60s,0.00906907225850859,164,False,,0.00906907225850859,0.906907225850859,164,0,,,,,,REGISTRY_AND_OBSERVED_SCREENING_CONFIG_VERIFIED
F002_C031_S471880638,2,31,471880638,stage1_60s,0.0023751669302115477,304,False,,0.0023751669302115477,0.23751669302115477,304,0,,,,,,REGISTRY_AND_OBSERVED_SCREENING_CONFIG_VERIFIED
F002_C032_S1359753142,2,32,1359753142,stage1_60s,0.004708871015794294,256,False,,0.004708871015794294,0.47088710157942937,256,0,,,,,,REGISTRY_AND_OBSERVED_SCREENING_CONFIG_VERIFIED
F002_C033_S2007792139,2,33,2007792139,stage1_60s,0.0004986715436957491,347,False,,0.0004986715436957491,0.049867154369574916,347,0,,,,,,REGISTRY_AND_OBSERVED_SCREENING_CONFIG_VERIFIED
F002_C034_S2077552887,2,34,2077552887,stage1_60s,0.00980918817518213,147,False,,0.00980918817518213,0.9809188175182129,147,0,,,,,,REGISTRY_AND_OBSERVED_SCREENING_CONFIG_VERIFIED
F002_C035_S1863784366,2,35,1863784366,stage1_60s,0.006991068397520885,204,False,,0.006991068397520885,0.6991068397520884,204,0,,,,,,REGISTRY_AND_OBSERVED_SCREENING_CONFIG_VERIFIED
F002_C036_S1466870535,2,36,1466870535,stage1_60s,0.0004919448254978108,360,False,,0.0004919448254978108,0.04919448254978107,360,0,,,,,,REGISTRY_AND_OBSERVED_SCREENING_CONFIG_VERIFIED
F002_C037_S816411670,2,37,816411670,stage1_60s,0.0004943474506022516,359,False,,0.0004943474506022516,0.04943474506022516,359,0,,,,,,REGISTRY_AND_OBSERVED_SCREENING_CONFIG_VERIFIED
F002_C038_S841007924,2,38,841007924,stage1_60s,0.004462570236450141,259,False,,0.004462570236450141,0.4462570236450141,259,0,,,,,,REGISTRY_AND_OBSERVED_SCREENING_CONFIG_VERIFIED
F002_C039_S85429457,2,39,85429457,stage1_60s,0.004243542524012855,264,False,,0.004243542524012855,0.4243542524012855,264,0,,,,,,REGISTRY_AND_OBSERVED_SCREENING_CONFIG_VERIFIED
F002_C040_S402121831,2,40,402121831,stage1_60s,0.0008700557899225976,334,False,,0.0008700557899225976,0.08700557899225976,334,0,,,,,,REGISTRY_AND_OBSERVED_SCREENING_CONFIG_VERIFIED
F003_C001_S1742692731,3,1,1742692731,stage2_300s,0.014298421668767389,45,False,,0.02307400763784123,2.307400763784123,32,1,0.014298421668767389,1.429842166876739,45,0,,REGISTRY_AND_OBSERVED_SCREENING_CONFIG_VERIFIED
F003_C002_S183930185,3,2,183930185,stage1_60s,0.003351253609054651,287,False,,0.003351253609054651,0.33512536090546513,287,0,,,,,,REGISTRY_AND_OBSERVED_SCREENING_CONFIG_VERIFIED
F003_C003_S385346042,3,3,385346042,stage1_60s,0.0018397539579421826,317,False,,0.0018397539579421826,0.18397539579421826,317,0,,,,,,REGISTRY_AND_OBSERVED_SCREENING_CONFIG_VERIFIED
F003_C004_S508546690,3,4,508546690,stage1_60s,0.001512096818441842,322,False,,0.001512096818441842,0.1512096818441842,322,0,,,,,,REGISTRY_AND_OBSERVED_SCREENING_CONFIG_VERIFIED
F003_C005_S389477914,3,5,389477914,stage1_60s,0.003498445296511054,284,False,,0.003498445296511054,0.3498445296511054,284,0,,,,,,REGISTRY_AND_OBSERVED_SCREENING_CONFIG_VERIFIED
F003_C006_S1720723810,3,6,1720723810,stage1_60s,0.00661623833835972,218,False,,0.00661623833835972,0.661623833835972,218,0,,,,,,REGISTRY_AND_OBSERVED_SCREENING_CONFIG_VERIFIED
F003_C007_S1866662801,3,7,1866662801,stage1_60s,0.0030829758226679853,290,False,,0.0030829758226679853,0.30829758226679854,290,0,,,,,,REGISTRY_AND_OBSERVED_SCREENING_CONFIG_VERIFIED
F003_C008_S1250183451,3,8,1250183451,stage1_60s,0.000497334044554014,355,False,,0.000497334044554014,0.0497334044554014,355,0,,,,,,REGISTRY_AND_OBSERVED_SCREENING_CONFIG_VERIFIED
F003_C009_S84608902,3,9,84608902,stage1_60s,7.169691134429509e-05,396,False,,7.169691134429509e-05,0.007169691134429509,396,0,,,,,,REGISTRY_AND_OBSERVED_SCREENING_CONFIG_VERIFIED
F003_C010_S202139719,3,10,202139719,stage2_300s,0.012651451758377287,54,False,,0.017505754271666823,1.7505754271666822,57,1,0.012651451758377287,1.2651451758377288,54,0,,REGISTRY_AND_OBSERVED_SCREENING_CONFIG_VERIFIED
F003_C011_S713397379,3,11,713397379,stage1_60s,0.0004983131276504898,349,False,,0.0004983131276504898,0.04983131276504898,349,0,,,,,,REGISTRY_AND_OBSERVED_SCREENING_CONFIG_VERIFIED
F003_C012_S930133021,3,12,930133021,stage1_60s,0.015943638004147203,75,False,,0.015943638004147203,1.5943638004147203,75,0,,,,,,REGISTRY_AND_OBSERVED_SCREENING_CONFIG_VERIFIED
F003_C013_S1334076656,3,13,1334076656,stage1_60s,0.0005596660454592944,341,False,,0.0005596660454592944,0.055966604545929444,341,0,,,,,,REGISTRY_AND_OBSERVED_SCREENING_CONFIG_VERIFIED
F003_C014_S1028754828,3,14,1028754828,stage1_60s,0.012493880175167725,109,False,,0.012493880175167725,1.2493880175167724,109,0,,,,,,REGISTRY_AND_OBSERVED_SCREENING_CONFIG_VERIFIED
F003_C015_S568628368,3,15,568628368,stage2_300s,0.01986238720377826,27,False,,0.029773682644530296,2.9773682644530295,17,1,0.01986238720377826,1.986238720377826,27,1,,REGISTRY_AND_OBSERVED_SCREENING_CONFIG_VERIFIED
F003_C016_S343036706,3,16,343036706,stage2_300s,0.020861337341592373,24,False,,0.03299532765304258,3.2995327653042583,12,1,0.020861337341592373,2.086133734159237,24,1,,REGISTRY_AND_OBSERVED_SCREENING_CONFIG_VERIFIED
F003_C017_S1484806552,3,17,1484806552,stage1_60s,0.008032727551125328,186,False,,0.008032727551125328,0.8032727551125327,186,0,,,,,,REGISTRY_AND_OBSERVED_SCREENING_CONFIG_VERIFIED
F003_C018_S1577492419,3,18,1577492419,stage2_300s,0.014476728785304385,44,False,,0.019624325895145185,1.9624325895145185,44,1,0.014476728785304385,1.4476728785304385,44,0,,REGISTRY_AND_OBSERVED_SCREENING_CONFIG_VERIFIED
F003_C019_S70197375,3,19,70197375,stage1_60s,0.005201130918303774,240,False,,0.005201130918303774,0.5201130918303775,240,0,,,,,,REGISTRY_AND_OBSERVED_SCREENING_CONFIG_VERIFIED
F003_C020_S244108803,3,20,244108803,stage1_60s,0.008274839014697888,181,False,,0.008274839014697888,0.8274839014697888,181,0,,,,,,REGISTRY_AND_OBSERVED_SCREENING_CONFIG_VERIFIED
F003_C021_S970934606,3,21,970934606,stage1_60s,0.01466345659049497,83,False,,0.01466345659049497,1.466345659049497,83,0,,,,,,REGISTRY_AND_OBSERVED_SCREENING_CONFIG_VERIFIED
F003_C022_S840156141,3,22,840156141,stage2_300s,0.0180483099075379,32,False,,0.020345862924154863,2.0345862924154865,39,1,0.0180483099075379,1.80483099075379,32,0,,REGISTRY_AND_OBSERVED_SCREENING_CONFIG_VERIFIED
F003_C023_S1906589685,3,23,1906589685,stage2_300s,0.017081202962470534,37,False,,0.018773324970556355,1.8773324970556355,49,1,0.017081202962470534,1.7081202962470534,37,0,,REGISTRY_AND_OBSERVED_SCREENING_CONFIG_VERIFIED
F003_C024_S1109691091,3,24,1109691091,stage1_60s,0.016183793917045507,73,False,,0.016183793917045507,1.6183793917045508,73,0,,,,,,REGISTRY_AND_OBSERVED_SCREENING_CONFIG_VERIFIED
F003_C025_S902188167,3,25,902188167,stage1_60s,0.00553016023303221,234,False,,0.00553016023303221,0.553016023303221,234,0,,,,,,REGISTRY_AND_OBSERVED_SCREENING_CONFIG_VERIFIED
F003_C026_S924766631,3,26,924766631,stage1_60s,0.010623418643055714,133,False,,0.010623418643055714,1.0623418643055713,133,0,,,,,,REGISTRY_AND_OBSERVED_SCREENING_CONFIG_VERIFIED
F003_C027_S1430942358,3,27,1430942358,stage1_60s,0.003575860346609943,281,False,,0.003575860346609943,0.3575860346609943,281,0,,,,,,REGISTRY_AND_OBSERVED_SCREENING_CONFIG_VERIFIED
F003_C028_S1260140335,3,28,1260140335,stage2_300s,0.022553517302401394,19,True,R19,0.02722147028181058,2.722147028181058,23,1,0.022553517302401394,2.2553517302401396,19,1,legacy runner explicit ranks 1-20 and four formal per-instance configurations,REGISTRY_AND_OBSERVED_SCREENING_CONFIG_VERIFIED
F003_C029_S371155108,3,29,371155108,stage1_60s,0.00042120918825976544,376,False,,0.00042120918825976544,0.042120918825976544,376,0,,,,,,REGISTRY_AND_OBSERVED_SCREENING_CONFIG_VERIFIED
F003_C030_S1584494582,3,30,1584494582,stage1_60s,0.00946786620244329,158,False,,0.00946786620244329,0.9467866202443289,158,0,,,,,,REGISTRY_AND_OBSERVED_SCREENING_CONFIG_VERIFIED
F003_C031_S1625089670,3,31,1625089670,stage1_60s,0.015448774327535131,80,False,,0.015448774327535131,1.544877432753513,80,0,,,,,,REGISTRY_AND_OBSERVED_SCREENING_CONFIG_VERIFIED
F003_C032_S2053568291,3,32,2053568291,stage1_60s,0.0004989661562270496,345,False,,0.0004989661562270496,0.04989661562270496,345,0,,,,,,REGISTRY_AND_OBSERVED_SCREENING_CONFIG_VERIFIED
F003_C033_S1688352591,3,33,1688352591,stage2_300s,0.0357209707510801,2,True,R02,0.03670672583635091,3.6706725836350906,8,1,0.0357209707510801,3.57209707510801,2,1,legacy runner explicit ranks 1-20 and four formal per-instance configurations,REGISTRY_AND_OBSERVED_SCREENING_CONFIG_VERIFIED
F003_C034_S610317351,3,34,610317351,stage1_60s,0.0050419401209392265,245,False,,0.0050419401209392265,0.5041940120939227,245,0,,,,,,REGISTRY_AND_OBSERVED_SCREENING_CONFIG_VERIFIED
F003_C035_S687170219,3,35,687170219,stage2_300s,0.016826441123705113,38,False,,0.018375151130971257,1.8375151130971257,53,1,0.016826441123705113,1.6826441123705114,38,0,,REGISTRY_AND_OBSERVED_SCREENING_CONFIG_VERIFIED
F003_C036_S1392744521,3,36,1392744521,stage1_60s,0.004311052031710879,262,False,,0.004311052031710879,0.43110520317108786,262,0,,,,,,REGISTRY_AND_OBSERVED_SCREENING_CONFIG_VERIFIED
F003_C037_S1396642889,3,37,1396642889,stage2_300s,0.021304398623689456,21,False,,0.02203541949257505,2.203541949257505,34,1,0.021304398623689456,2.1304398623689456,21,1,,REGISTRY_AND_OBSERVED_SCREENING_CONFIG_VERIFIED
F003_C038_S1495112467,3,38,1495112467,stage1_60s,0.0035572471561195382,282,False,,0.0035572471561195382,0.35572471561195385,282,0,,,,,,REGISTRY_AND_OBSERVED_SCREENING_CONFIG_VERIFIED
F003_C039_S1866714245,3,39,1866714245,stage1_60s,0.0018588256504192846,316,False,,0.0018588256504192846,0.18588256504192846,316,0,,,,,,REGISTRY_AND_OBSERVED_SCREENING_CONFIG_VERIFIED
F003_C040_S628613021,3,40,628613021,stage1_60s,0.016490882267609416,64,False,,0.016490882267609416,1.6490882267609415,64,0,,,,,,REGISTRY_AND_OBSERVED_SCREENING_CONFIG_VERIFIED
F004_C001_S1560023974,4,1,1560023974,stage1_60s,0.006860017876404261,212,False,,0.006860017876404261,0.6860017876404261,212,0,,,,,,REGISTRY_AND_OBSERVED_SCREENING_CONFIG_VERIFIED
F004_C002_S2025197564,4,2,2025197564,stage1_60s,0.005087611677207535,242,False,,0.005087611677207535,0.5087611677207535,242,0,,,,,,REGISTRY_AND_OBSERVED_SCREENING_CONFIG_VERIFIED
F004_C003_S1892783321,4,3,1892783321,stage1_60s,0.00014019491728627494,388,False,,0.00014019491728627494,0.014019491728627494,388,0,,,,,,REGISTRY_AND_OBSERVED_SCREENING_CONFIG_VERIFIED
F004_C004_S1098067557,4,4,1098067557,stage1_60s,0.008426636841740028,176,False,,0.008426636841740028,0.8426636841740028,176,0,,,,,,REGISTRY_AND_OBSERVED_SCREENING_CONFIG_VERIFIED
F004_C005_S2019575648,4,5,2019575648,stage2_300s,0.00866474838800536,59,False,,0.018394030829231172,1.8394030829231172,52,1,0.00866474838800536,0.866474838800536,59,0,,REGISTRY_AND_OBSERVED_SCREENING_CONFIG_VERIFIED
F004_C006_S2096467393,4,6,2096467393,stage1_60s,0.008476440089357377,174,False,,0.008476440089357377,0.8476440089357378,174,0,,,,,,REGISTRY_AND_OBSERVED_SCREENING_CONFIG_VERIFIED
F004_C007_S2083673626,4,7,2083673626,stage1_60s,0.0038956326595118132,273,False,,0.0038956326595118132,0.38956326595118135,273,0,,,,,,REGISTRY_AND_OBSERVED_SCREENING_CONFIG_VERIFIED
F004_C008_S173594038,4,8,173594038,stage1_60s,0.007085484448251467,202,False,,0.007085484448251467,0.7085484448251467,202,0,,,,,,REGISTRY_AND_OBSERVED_SCREENING_CONFIG_VERIFIED
F004_C009_S973933017,4,9,973933017,stage1_60s,0.007154463026031954,200,False,,0.007154463026031954,0.7154463026031954,200,0,,,,,,REGISTRY_AND_OBSERVED_SCREENING_CONFIG_VERIFIED
F004_C010_S1304286716,4,10,1304286716,stage1_60s,0.01015973253292225,140,False,,0.01015973253292225,1.015973253292225,140,0,,,,,,REGISTRY_AND_OBSERVED_SCREENING_CONFIG_VERIFIED
F004_C011_S608018050,4,11,608018050,stage1_60s,0.004195334753698618,266,False,,0.004195334753698618,0.41953347536986174,266,0,,,,,,REGISTRY_AND_OBSERVED_SCREENING_CONFIG_VERIFIED
F004_C012_S808498783,4,12,808498783,stage1_60s,0.007910140139764033,188,False,,0.007910140139764033,0.7910140139764034,188,0,,,,,,REGISTRY_AND_OBSERVED_SCREENING_CONFIG_VERIFIED
F004_C013_S1346405564,4,13,1346405564,stage1_60s,0.004184926647489921,267,False,,0.004184926647489921,0.41849266474899216,267,0,,,,,,REGISTRY_AND_OBSERVED_SCREENING_CONFIG_VERIFIED
F004_C014_S1722069728,4,14,1722069728,stage1_60s,0.012738321835003763,105,False,,0.012738321835003763,1.2738321835003763,105,0,,,,,,REGISTRY_AND_OBSERVED_SCREENING_CONFIG_VERIFIED
F004_C015_S1247479809,4,15,1247479809,stage1_60s,0.00012081025443043498,391,False,,0.00012081025443043498,0.012081025443043498,391,0,,,,,,REGISTRY_AND_OBSERVED_SCREENING_CONFIG_VERIFIED
F004_C016_S374795630,4,16,374795630,stage1_60s,0.008579709177674472,172,False,,0.008579709177674472,0.8579709177674472,172,0,,,,,,REGISTRY_AND_OBSERVED_SCREENING_CONFIG_VERIFIED
F004_C017_S1451650247,4,17,1451650247,stage1_60s,0.009174407621917166,160,False,,0.009174407621917166,0.9174407621917167,160,0,,,,,,REGISTRY_AND_OBSERVED_SCREENING_CONFIG_VERIFIED
F004_C018_S1871822497,4,18,1871822497,stage2_300s,0.018158752494645658,31,False,,0.01946373772387578,1.946373772387578,45,1,0.018158752494645658,1.8158752494645658,31,0,,REGISTRY_AND_OBSERVED_SCREENING_CONFIG_VERIFIED
F004_C019_S471704329,4,19,471704329,stage1_60s,0.0006890778230690957,336,False,,0.0006890778230690957,0.06890778230690957,336,0,,,,,,REGISTRY_AND_OBSERVED_SCREENING_CONFIG_VERIFIED
F004_C020_S1168105262,4,20,1168105262,stage1_60s,0.0004808947418363803,365,False,,0.0004808947418363803,0.04808947418363803,365,0,,,,,,REGISTRY_AND_OBSERVED_SCREENING_CONFIG_VERIFIED
F004_C021_S726285598,4,21,726285598,stage2_300s,0.017517321408985237,35,False,,0.018552392261737494,1.8552392261737494,51,1,0.017517321408985237,1.7517321408985236,35,0,,REGISTRY_AND_OBSERVED_SCREENING_CONFIG_VERIFIED
F004_C022_S1937492129,4,22,1937492129,stage1_60s,0.016393582163692074,66,False,,0.016393582163692074,1.6393582163692073,66,0,,,,,,REGISTRY_AND_OBSERVED_SCREENING_CONFIG_VERIFIED
F004_C023_S130025050,4,23,130025050,stage1_60s,0.009748548453407859,150,False,,0.009748548453407859,0.9748548453407859,150,0,,,,,,REGISTRY_AND_OBSERVED_SCREENING_CONFIG_VERIFIED
F004_C024_S1024679389,4,24,1024679389,stage1_60s,0.015747405346887133,78,False,,0.015747405346887133,1.5747405346887133,78,0,,,,,,REGISTRY_AND_OBSERVED_SCREENING_CONFIG_VERIFIED
F004_C025_S1927500810,4,25,1927500810,stage2_300s,0.02048493072665128,26,False,,0.0315414691080592,3.1541469108059204,13,1,0.02048493072665128,2.048493072665128,26,1,,REGISTRY_AND_OBSERVED_SCREENING_CONFIG_VERIFIED
F004_C026_S924483716,4,26,924483716,stage1_60s,0.013612777924912951,95,False,,0.013612777924912951,1.361277792491295,95,0,,,,,,REGISTRY_AND_OBSERVED_SCREENING_CONFIG_VERIFIED
F004_C027_S299455047,4,27,299455047,stage1_60s,0.0036937995623543027,280,False,,0.0036937995623543027,0.36937995623543024,280,0,,,,,,REGISTRY_AND_OBSERVED_SCREENING_CONFIG_VERIFIED
F004_C028_S1694250174,4,28,1694250174,stage1_60s,0.0031718733241898533,289,False,,0.0031718733241898533,0.31718733241898533,289,0,,,,,,REGISTRY_AND_OBSERVED_SCREENING_CONFIG_VERIFIED
F004_C029_S2071155659,4,29,2071155659,stage1_60s,0.0004990419679712086,342,False,,0.0004990419679712086,0.04990419679712086,342,0,,,,,,REGISTRY_AND_OBSERVED_SCREENING_CONFIG_VERIFIED
F004_C030_S2113452473,4,30,2113452473,stage1_60s,0.0022137512342921347,310,False,,0.0022137512342921347,0.22137512342921348,310,0,,,,,,REGISTRY_AND_OBSERVED_SCREENING_CONFIG_VERIFIED
F004_C031_S1996857197,4,31,1996857197,stage1_60s,0.005349526408776695,237,False,,0.005349526408776695,0.5349526408776695,237,0,,,,,,REGISTRY_AND_OBSERVED_SCREENING_CONFIG_VERIFIED
F004_C032_S793980093,4,32,793980093,stage1_60s,0.006420352596419555,221,False,,0.006420352596419555,0.6420352596419555,221,0,,,,,,REGISTRY_AND_OBSERVED_SCREENING_CONFIG_VERIFIED
F004_C033_S1573398771,4,33,1573398771,stage1_60s,0.013014587523398704,102,False,,0.013014587523398704,1.3014587523398704,102,0,,,,,,REGISTRY_AND_OBSERVED_SCREENING_CONFIG_VERIFIED
F004_C034_S2080767491,4,34,2080767491,stage1_60s,0.0039263563754196075,272,False,,0.0039263563754196075,0.39263563754196074,272,0,,,,,,REGISTRY_AND_OBSERVED_SCREENING_CONFIG_VERIFIED
F004_C035_S1231563123,4,35,1231563123,stage1_60s,0.0034782219757355432,285,False,,0.0034782219757355432,0.3478221975735543,285,0,,,,,,REGISTRY_AND_OBSERVED_SCREENING_CONFIG_VERIFIED
F004_C036_S1995068975,4,36,1995068975,stage2_300s,0.00982513771842001,58,False,,0.019916733845825624,1.9916733845825623,42,1,0.00982513771842001,0.9825137718420011,58,0,,REGISTRY_AND_OBSERVED_SCREENING_CONFIG_VERIFIED
F004_C037_S1265693069,4,37,1265693069,stage1_60s,0.00829037852188358,180,False,,0.00829037852188358,0.8290378521883581,180,0,,,,,,REGISTRY_AND_OBSERVED_SCREENING_CONFIG_VERIFIED
F004_C038_S381591921,4,38,381591921,stage1_60s,0.00646116773762238,220,False,,0.00646116773762238,0.646116773762238,220,0,,,,,,REGISTRY_AND_OBSERVED_SCREENING_CONFIG_VERIFIED
F004_C039_S996549786,4,39,996549786,stage1_60s,0.008351825782354978,177,False,,0.008351825782354978,0.8351825782354978,177,0,,,,,,REGISTRY_AND_OBSERVED_SCREENING_CONFIG_VERIFIED
F004_C040_S1307498890,4,40,1307498890,stage1_60s,0.016338816692955487,68,False,,0.016338816692955487,1.6338816692955487,68,0,,,,,,REGISTRY_AND_OBSERVED_SCREENING_CONFIG_VERIFIED
F005_C001_S1440510675,5,1,1440510675,stage1_60s,0.004057974639078671,268,False,,0.004057974639078671,0.4057974639078671,268,0,,,,,,REGISTRY_AND_OBSERVED_SCREENING_CONFIG_VERIFIED
F005_C002_S1728730614,5,2,1728730614,stage1_60s,0.014223926579732208,87,False,,0.014223926579732208,1.422392657973221,87,0,,,,,,REGISTRY_AND_OBSERVED_SCREENING_CONFIG_VERIFIED
F005_C003_S48647418,5,3,48647418,stage1_60s,0.0017362362308471389,319,False,,0.0017362362308471389,0.17362362308471388,319,0,,,,,,REGISTRY_AND_OBSERVED_SCREENING_CONFIG_VERIFIED
F005_C004_S1735039633,5,4,1735039633,stage1_60s,0.016231282721620208,70,False,,0.016231282721620208,1.6231282721620208,70,0,,,,,,REGISTRY_AND_OBSERVED_SCREENING_CONFIG_VERIFIED
F005_C005_S1006851807,5,5,1006851807,stage1_60s,0.007534451694609866,194,False,,0.007534451694609866,0.7534451694609866,194,0,,,,,,REGISTRY_AND_OBSERVED_SCREENING_CONFIG_VERIFIED
F005_C006_S1106653214,5,6,1106653214,stage1_60s,0.014613300828916528,85,False,,0.014613300828916528,1.461330082891653,85,0,,,,,,REGISTRY_AND_OBSERVED_SCREENING_CONFIG_VERIFIED
F005_C007_S1353417274,5,7,1353417274,stage1_60s,0.015044255347952881,81,False,,0.015044255347952881,1.5044255347952882,81,0,,,,,,REGISTRY_AND_OBSERVED_SCREENING_CONFIG_VERIFIED
F005_C008_S613753789,5,8,613753789,stage2_300s,0.028190544383589023,8,True,R08,0.04264449706200558,4.2644497062005575,4,1,0.028190544383589023,2.8190544383589025,8,1,legacy runner explicit ranks 1-20 and four formal per-instance configurations,REGISTRY_AND_OBSERVED_SCREENING_CONFIG_VERIFIED
F005_C009_S2103511157,5,9,2103511157,stage1_60s,0.0021087813923055805,312,False,,0.0021087813923055805,0.21087813923055804,312,0,,,,,,REGISTRY_AND_OBSERVED_SCREENING_CONFIG_VERIFIED
F005_C010_S115815300,5,10,115815300,stage1_60s,0.01561067592755914,79,False,,0.01561067592755914,1.561067592755914,79,0,,,,,,REGISTRY_AND_OBSERVED_SCREENING_CONFIG_VERIFIED
F005_C011_S596836679,5,11,596836679,stage1_60s,3.570936990385614e-05,397,False,,3.570936990385614e-05,0.003570936990385614,397,0,,,,,,REGISTRY_AND_OBSERVED_SCREENING_CONFIG_VERIFIED
F005_C012_S823278402,5,12,823278402,stage1_60s,0.0009024232229660507,333,False,,0.0009024232229660507,0.09024232229660507,333,0,,,,,,REGISTRY_AND_OBSERVED_SCREENING_CONFIG_VERIFIED
F005_C013_S1226609121,5,13,1226609121,stage1_60s,0.00258048414340668,298,False,,0.00258048414340668,0.258048414340668,298,0,,,,,,REGISTRY_AND_OBSERVED_SCREENING_CONFIG_VERIFIED
F005_C014_S877189528,5,14,877189528,stage1_60s,0.0013688251327445315,326,False,,0.0013688251327445315,0.13688251327445314,326,0,,,,,,REGISTRY_AND_OBSERVED_SCREENING_CONFIG_VERIFIED
F005_C015_S281451238,5,15,281451238,stage1_60s,0.012816201919071292,103,False,,0.012816201919071292,1.2816201919071293,103,0,,,,,,REGISTRY_AND_OBSERVED_SCREENING_CONFIG_VERIFIED
F005_C016_S97227738,5,16,97227738,stage1_60s,0.0006615803540516363,337,False,,0.0006615803540516363,0.06615803540516363,337,0,,,,,,REGISTRY_AND_OBSERVED_SCREENING_CONFIG_VERIFIED
F005_C017_S2180441,5,17,2180441,stage1_60s,0.004848296214999011,251,False,,0.004848296214999011,0.4848296214999011,251,0,,,,,,REGISTRY_AND_OBSERVED_SCREENING_CONFIG_VERIFIED
F005_C018_S104706386,5,18,104706386,stage1_60s,0.012635358452578313,107,False,,0.012635358452578313,1.2635358452578314,107,0,,,,,,REGISTRY_AND_OBSERVED_SCREENING_CONFIG_VERIFIED
F005_C019_S319577159,5,19,319577159,stage1_60s,0.006878118990232543,211,False,,0.006878118990232543,0.6878118990232542,211,0,,,,,,REGISTRY_AND_OBSERVED_SCREENING_CONFIG_VERIFIED
F005_C020_S2145714367,5,20,2145714367,stage1_60s,0.005043343969403141,244,False,,0.005043343969403141,0.5043343969403141,244,0,,,,,,REGISTRY_AND_OBSERVED_SCREENING_CONFIG_VERIFIED
F005_C021_S410131242,5,21,410131242,stage2_300s,0.013683444553282024,49,False,,0.017395777134219675,1.7395777134219674,59,1,0.013683444553282024,1.3683444553282025,49,0,,REGISTRY_AND_OBSERVED_SCREENING_CONFIG_VERIFIED
F005_C022_S1400951998,5,22,1400951998,stage2_300s,0.03326025394021122,4,True,R04,0.035034154795526865,3.5034154795526864,9,1,0.03326025394021122,3.326025394021122,4,1,legacy runner explicit ranks 1-20 and four formal per-instance configurations,REGISTRY_AND_OBSERVED_SCREENING_CONFIG_VERIFIED
F005_C023_S1611168693,5,23,1611168693,stage1_60s,0.000797513697582607,335,False,,0.000797513697582607,0.0797513697582607,335,0,,,,,,REGISTRY_AND_OBSERVED_SCREENING_CONFIG_VERIFIED
F005_C024_S503606822,5,24,503606822,stage1_60s,0.007036916800304733,203,False,,0.007036916800304733,0.7036916800304733,203,0,,,,,,REGISTRY_AND_OBSERVED_SCREENING_CONFIG_VERIFIED
F005_C025_S606100190,5,25,606100190,stage1_60s,0.007107882886648785,201,False,,0.007107882886648785,0.7107882886648785,201,0,,,,,,REGISTRY_AND_OBSERVED_SCREENING_CONFIG_VERIFIED
F005_C026_S934042755,5,26,934042755,stage1_60s,0.00332360501265338,288,False,,0.00332360501265338,0.332360501265338,288,0,,,,,,REGISTRY_AND_OBSERVED_SCREENING_CONFIG_VERIFIED
F005_C027_S565298527,5,27,565298527,stage1_60s,0.005096339841465028,241,False,,0.005096339841465028,0.5096339841465027,241,0,,,,,,REGISTRY_AND_OBSERVED_SCREENING_CONFIG_VERIFIED
F005_C028_S2092048919,5,28,2092048919,stage2_300s,0.020927128699466974,23,False,,0.025286078302331677,2.5286078302331676,25,1,0.020927128699466974,2.0927128699466975,23,1,,REGISTRY_AND_OBSERVED_SCREENING_CONFIG_VERIFIED
F005_C029_S381654049,5,29,381654049,stage1_60s,0.010582118861248626,134,False,,0.010582118861248626,1.0582118861248626,134,0,,,,,,REGISTRY_AND_OBSERVED_SCREENING_CONFIG_VERIFIED
F005_C030_S1927747983,5,30,1927747983,stage1_60s,0.009921463217249014,146,False,,0.009921463217249014,0.9921463217249014,146,0,,,,,,REGISTRY_AND_OBSERVED_SCREENING_CONFIG_VERIFIED
F005_C031_S1713023723,5,31,1713023723,stage1_60s,0.009929886709062292,145,False,,0.009929886709062292,0.9929886709062292,145,0,,,,,,REGISTRY_AND_OBSERVED_SCREENING_CONFIG_VERIFIED
F005_C032_S1812972347,5,32,1812972347,stage1_60s,0.01356123538520757,96,False,,0.01356123538520757,1.356123538520757,96,0,,,,,,REGISTRY_AND_OBSERVED_SCREENING_CONFIG_VERIFIED
F005_C033_S248528774,5,33,248528774,stage1_60s,0.0037985660636395604,278,False,,0.0037985660636395604,0.379856606363956,278,0,,,,,,REGISTRY_AND_OBSERVED_SCREENING_CONFIG_VERIFIED
F005_C034_S842682599,5,34,842682599,stage1_60s,8.20543443138035e-05,395,False,,8.20543443138035e-05,0.00820543443138035,395,0,,,,,,REGISTRY_AND_OBSERVED_SCREENING_CONFIG_VERIFIED
F005_C035_S1348684712,5,35,1348684712,stage1_60s,0.00749239901738496,195,False,,0.00749239901738496,0.749239901738496,195,0,,,,,,REGISTRY_AND_OBSERVED_SCREENING_CONFIG_VERIFIED
F005_C036_S1058758870,5,36,1058758870,stage2_300s,0.021211869706807007,22,False,,0.022275054045156777,2.2275054045156777,33,1,0.021211869706807007,2.1211869706807005,22,1,,REGISTRY_AND_OBSERVED_SCREENING_CONFIG_VERIFIED
F005_C037_S1429937342,5,37,1429937342,stage2_300s,0.01342519160631972,52,False,,0.023427705602214344,2.3427705602214344,30,1,0.01342519160631972,1.342519160631972,52,0,,REGISTRY_AND_OBSERVED_SCREENING_CONFIG_VERIFIED
F005_C038_S1453179316,5,38,1453179316,stage1_60s,0.013870036705134195,92,False,,0.013870036705134195,1.3870036705134194,92,0,,,,,,REGISTRY_AND_OBSERVED_SCREENING_CONFIG_VERIFIED
F005_C039_S1423623577,5,39,1423623577,stage1_60s,0.010014562511535463,143,False,,0.010014562511535463,1.0014562511535463,143,0,,,,,,REGISTRY_AND_OBSERVED_SCREENING_CONFIG_VERIFIED
F005_C040_S130572831,5,40,130572831,stage1_60s,0.00035300703054810974,384,False,,0.00035300703054810974,0.03530070305481097,384,0,,,,,,REGISTRY_AND_OBSERVED_SCREENING_CONFIG_VERIFIED
F006_C001_S955728254,6,1,955728254,stage1_60s,0.016606415762616882,62,False,,0.016606415762616882,1.6606415762616882,62,0,,,,,,REGISTRY_AND_OBSERVED_SCREENING_CONFIG_VERIFIED
F006_C002_S1155699143,6,2,1155699143,stage1_60s,0.00019021313455706946,387,False,,0.00019021313455706946,0.019021313455706946,387,0,,,,,,REGISTRY_AND_OBSERVED_SCREENING_CONFIG_VERIFIED
F006_C003_S1111885934,6,3,1111885934,stage1_60s,0.010011945408866216,144,False,,0.010011945408866216,1.0011945408866216,144,0,,,,,,REGISTRY_AND_OBSERVED_SCREENING_CONFIG_VERIFIED
F006_C004_S737168579,6,4,737168579,stage2_300s,0.029533915100918833,7,True,R07,0.030094233932194653,3.0094233932194654,16,1,0.029533915100918833,2.9533915100918833,7,1,legacy runner explicit ranks 1-20 and four formal per-instance configurations,REGISTRY_AND_OBSERVED_SCREENING_CONFIG_VERIFIED
F006_C005_S2031819254,6,5,2031819254,stage1_60s,0.005682775821482884,232,False,,0.005682775821482884,0.5682775821482884,232,0,,,,,,REGISTRY_AND_OBSERVED_SCREENING_CONFIG_VERIFIED
F006_C006_S792565861,6,6,792565861,stage1_60s,0.013907967317308829,91,False,,0.013907967317308829,1.390796731730883,91,0,,,,,,REGISTRY_AND_OBSERVED_SCREENING_CONFIG_VERIFIED
F006_C007_S1412471217,6,7,1412471217,stage1_60s,0.002414643027681855,302,False,,0.002414643027681855,0.24146430276818548,302,0,,,,,,REGISTRY_AND_OBSERVED_SCREENING_CONFIG_VERIFIED
F006_C008_S804225679,6,8,804225679,stage1_60s,0.002674162768290743,296,False,,0.002674162768290743,0.2674162768290743,296,0,,,,,,REGISTRY_AND_OBSERVED_SCREENING_CONFIG_VERIFIED
F006_C009_S966185142,6,9,966185142,stage1_60s,0.011861149107497306,119,False,,0.011861149107497306,1.1861149107497306,119,0,,,,,,REGISTRY_AND_OBSERVED_SCREENING_CONFIG_VERIFIED
F006_C010_S2120521968,6,10,2120521968,stage1_60s,0.010704526854450423,132,False,,0.010704526854450423,1.0704526854450422,132,0,,,,,,REGISTRY_AND_OBSERVED_SCREENING_CONFIG_VERIFIED
F006_C011_S400620265,6,11,400620265,stage1_60s,0.009086764888297502,161,False,,0.009086764888297502,0.9086764888297503,161,0,,,,,,REGISTRY_AND_OBSERVED_SCREENING_CONFIG_VERIFIED
F006_C012_S1358833747,6,12,1358833747,stage1_60s,0.008255654789186707,182,False,,0.008255654789186707,0.8255654789186707,182,0,,,,,,REGISTRY_AND_OBSERVED_SCREENING_CONFIG_VERIFIED
F006_C013_S916926068,6,13,916926068,stage1_60s,0.000497494783128313,354,False,,0.000497494783128313,0.049749478312831295,354,0,,,,,,REGISTRY_AND_OBSERVED_SCREENING_CONFIG_VERIFIED
F006_C014_S1448099613,6,14,1448099613,stage1_60s,0.00886845012508904,167,False,,0.00886845012508904,0.886845012508904,167,0,,,,,,REGISTRY_AND_OBSERVED_SCREENING_CONFIG_VERIFIED
F006_C015_S1622851427,6,15,1622851427,stage1_60s,0.0024974623824418137,300,False,,0.0024974623824418137,0.24974623824418138,300,0,,,,,,REGISTRY_AND_OBSERVED_SCREENING_CONFIG_VERIFIED
F006_C016_S708591124,6,16,708591124,stage2_300s,0.01289165761803829,53,False,,0.017493966008893018,1.7493966008893018,58,1,0.01289165761803829,1.289165761803829,53,0,,REGISTRY_AND_OBSERVED_SCREENING_CONFIG_VERIFIED
F006_C017_S1443721275,6,17,1443721275,stage1_60s,0.013402840212460935,98,False,,0.013402840212460935,1.3402840212460936,98,0,,,,,,REGISTRY_AND_OBSERVED_SCREENING_CONFIG_VERIFIED
F006_C018_S1460112058,6,18,1460112058,stage1_60s,0.003424844435566498,286,False,,0.003424844435566498,0.3424844435566498,286,0,,,,,,REGISTRY_AND_OBSERVED_SCREENING_CONFIG_VERIFIED
F006_C019_S970518846,6,19,970518846,stage1_60s,0.014126967076914004,89,False,,0.014126967076914004,1.4126967076914003,89,0,,,,,,REGISTRY_AND_OBSERVED_SCREENING_CONFIG_VERIFIED
F006_C020_S264081163,6,20,264081163,stage1_60s,0.0003795651129671946,382,False,,0.0003795651129671946,0.03795651129671946,382,0,,,,,,REGISTRY_AND_OBSERVED_SCREENING_CONFIG_VERIFIED
F006_C021_S1326097161,6,21,1326097161,stage1_60s,0.01197383532480887,117,False,,0.01197383532480887,1.197383532480887,117,0,,,,,,REGISTRY_AND_OBSERVED_SCREENING_CONFIG_VERIFIED
F006_C022_S111087679,6,22,111087679,stage2_300s,0.02769960411348396,9,True,R09,0.029496390491578667,2.9496390491578666,18,1,0.02769960411348396,2.769960411348396,9,1,legacy runner explicit ranks 1-20 and four formal per-instance configurations,REGISTRY_AND_OBSERVED_SCREENING_CONFIG_VERIFIED
F006_C023_S1902530057,6,23,1902530057,stage1_60s,0.013854825928329517,93,False,,0.013854825928329517,1.3854825928329517,93,0,,,,,,REGISTRY_AND_OBSERVED_SCREENING_CONFIG_VERIFIED
F006_C024_S1825772013,6,24,1825772013,stage1_60s,0.016420496312884336,65,False,,0.016420496312884336,1.6420496312884336,65,0,,,,,,REGISTRY_AND_OBSERVED_SCREENING_CONFIG_VERIFIED
F006_C025_S1817346418,6,25,1817346418,stage1_60s,0.0006462689970943728,338,False,,0.0006462689970943728,0.06462689970943727,338,0,,,,,,REGISTRY_AND_OBSERVED_SCREENING_CONFIG_VERIFIED
F006_C026_S19103596,6,26,19103596,stage1_60s,0.0014703077031022326,323,False,,0.0014703077031022326,0.14703077031022327,323,0,,,,,,REGISTRY_AND_OBSERVED_SCREENING_CONFIG_VERIFIED
F006_C027_S2086271661,6,27,2086271661,stage1_60s,0.0016787334384525295,320,False,,0.0016787334384525295,0.16787334384525293,320,0,,,,,,REGISTRY_AND_OBSERVED_SCREENING_CONFIG_VERIFIED
F006_C028_S2101887333,6,28,2101887333,stage2_300s,0.013464470197851046,51,False,,0.0190005417859776,1.9000541785977603,46,1,0.013464470197851046,1.3464470197851046,51,0,,REGISTRY_AND_OBSERVED_SCREENING_CONFIG_VERIFIED
F006_C029_S1258165683,6,29,1258165683,stage1_60s,0.0025167018200690093,299,False,,0.0025167018200690093,0.25167018200690094,299,0,,,,,,REGISTRY_AND_OBSERVED_SCREENING_CONFIG_VERIFIED
F006_C030_S1775975473,6,30,1775975473,stage2_300s,0.031491780927482095,5,True,R05,0.040358334683358345,4.035833468335834,6,1,0.031491780927482095,3.1491780927482096,5,1,legacy runner explicit ranks 1-20 and four formal per-instance configurations,REGISTRY_AND_OBSERVED_SCREENING_CONFIG_VERIFIED
F006_C031_S1648304177,6,31,1648304177,stage1_60s,0.00484861544018914,250,False,,0.00484861544018914,0.484861544018914,250,0,,,,,,REGISTRY_AND_OBSERVED_SCREENING_CONFIG_VERIFIED
F006_C032_S1686227694,6,32,1686227694,stage1_60s,0.00307130739428528,291,False,,0.00307130739428528,0.307130739428528,291,0,,,,,,REGISTRY_AND_OBSERVED_SCREENING_CONFIG_VERIFIED
F006_C033_S329807037,6,33,329807037,stage1_60s,0.006187410771959218,224,False,,0.006187410771959218,0.6187410771959218,224,0,,,,,,REGISTRY_AND_OBSERVED_SCREENING_CONFIG_VERIFIED
F006_C034_S103258501,6,34,103258501,stage1_60s,0.011460576621995486,124,False,,0.011460576621995486,1.1460576621995486,124,0,,,,,,REGISTRY_AND_OBSERVED_SCREENING_CONFIG_VERIFIED
F006_C035_S569500762,6,35,569500762,stage1_60s,0.0004981843466503625,350,False,,0.0004981843466503625,0.04981843466503626,350,0,,,,,,REGISTRY_AND_OBSERVED_SCREENING_CONFIG_VERIFIED
F006_C036_S445472431,6,36,445472431,stage2_300s,0.018961331205690407,28,False,,0.023570233987528492,2.3570233987528493,29,1,0.018961331205690407,1.8961331205690408,28,1,,REGISTRY_AND_OBSERVED_SCREENING_CONFIG_VERIFIED
F006_C037_S1177541701,6,37,1177541701,stage2_300s,0.03466553101014276,3,True,R03,0.040788586118159983,4.078858611815998,5,1,0.03466553101014276,3.4665531010142763,3,1,legacy runner explicit ranks 1-20 and four formal per-instance configurations,REGISTRY_AND_OBSERVED_SCREENING_CONFIG_VERIFIED
F006_C038_S1825072544,6,38,1825072544,stage2_300s,0.017159700210463993,36,False,,0.023818035547114157,2.3818035547114156,28,1,0.017159700210463993,1.7159700210463993,36,0,,REGISTRY_AND_OBSERVED_SCREENING_CONFIG_VERIFIED
F006_C039_S1606396927,6,39,1606396927,stage2_300s,0.023826120223403673,17,True,R17,0.024360262850462597,2.4360262850462595,26,1,0.023826120223403673,2.3826120223403673,17,1,legacy runner explicit ranks 1-20 and four formal per-instance configurations,REGISTRY_AND_OBSERVED_SCREENING_CONFIG_VERIFIED
F006_C040_S928775535,6,40,928775535,stage1_60s,0.0004981458428823864,351,False,,0.0004981458428823864,0.049814584288238636,351,0,,,,,,REGISTRY_AND_OBSERVED_SCREENING_CONFIG_VERIFIED
F007_C001_S2029167940,7,1,2029167940,stage1_60s,0.0004979113510587379,352,False,,0.0004979113510587379,0.049791135105873796,352,0,,,,,,REGISTRY_AND_OBSERVED_SCREENING_CONFIG_VERIFIED
F007_C002_S1342382291,7,2,1342382291,stage1_60s,0.0003410024367342337,386,False,,0.0003410024367342337,0.03410024367342337,386,0,,,,,,REGISTRY_AND_OBSERVED_SCREENING_CONFIG_VERIFIED
F007_C003_S1469265225,7,3,1469265225,stage1_60s,0.002250259505138315,309,False,,0.002250259505138315,0.2250259505138315,309,0,,,,,,REGISTRY_AND_OBSERVED_SCREENING_CONFIG_VERIFIED
F007_C004_S1926751965,7,4,1926751965,stage1_60s,0.004198950098922163,265,False,,0.004198950098922163,0.4198950098922163,265,0,,,,,,REGISTRY_AND_OBSERVED_SCREENING_CONFIG_VERIFIED
F007_C005_S1241873584,7,5,1241873584,stage1_60s,0.004686991466934919,257,False,,0.004686991466934919,0.46869914669349194,257,0,,,,,,REGISTRY_AND_OBSERVED_SCREENING_CONFIG_VERIFIED
F007_C006_S1665772334,7,6,1665772334,stage1_60s,0.006934531558302676,208,False,,0.006934531558302676,0.6934531558302676,208,0,,,,,,REGISTRY_AND_OBSERVED_SCREENING_CONFIG_VERIFIED
F007_C007_S1790251936,7,7,1790251936,stage1_60s,0.006900315102979338,210,False,,0.006900315102979338,0.6900315102979339,210,0,,,,,,REGISTRY_AND_OBSERVED_SCREENING_CONFIG_VERIFIED
F007_C008_S483628757,7,8,483628757,stage1_60s,0.010198762139605865,139,False,,0.010198762139605865,1.0198762139605866,139,0,,,,,,REGISTRY_AND_OBSERVED_SCREENING_CONFIG_VERIFIED
F007_C009_S119253154,7,9,119253154,stage1_60s,0.0,398,False,,0.0,0.0,398,0,,,,,,REGISTRY_AND_OBSERVED_SCREENING_CONFIG_VERIFIED
F007_C010_S644602188,7,10,644602188,stage1_60s,0.0,399,False,,0.0,0.0,399,0,,,,,,REGISTRY_AND_OBSERVED_SCREENING_CONFIG_VERIFIED
F007_C011_S612176793,7,11,612176793,stage1_60s,0.010104097137690862,142,False,,0.010104097137690862,1.0104097137690862,142,0,,,,,,REGISTRY_AND_OBSERVED_SCREENING_CONFIG_VERIFIED
F007_C012_S1875941738,7,12,1875941738,stage1_60s,0.00047618138049230574,368,False,,0.00047618138049230574,0.047618138049230575,368,0,,,,,,REGISTRY_AND_OBSERVED_SCREENING_CONFIG_VERIFIED
F007_C013_S1959843383,7,13,1959843383,stage1_60s,0.011703045593504139,122,False,,0.011703045593504139,1.1703045593504138,122,0,,,,,,REGISTRY_AND_OBSERVED_SCREENING_CONFIG_VERIFIED
F007_C014_S11307154,7,14,11307154,stage1_60s,0.005075026060140574,243,False,,0.005075026060140574,0.5075026060140574,243,0,,,,,,REGISTRY_AND_OBSERVED_SCREENING_CONFIG_VERIFIED
F007_C015_S1073283950,7,15,1073283950,stage2_300s,0.0268503685257797,12,True,R12,0.033347258920587215,3.3347258920587217,11,1,0.0268503685257797,2.68503685257797,12,1,legacy runner explicit ranks 1-20 and four formal per-instance configurations,REGISTRY_AND_OBSERVED_SCREENING_CONFIG_VERIFIED
F007_C016_S1763574598,7,16,1763574598,stage1_60s,0.011580747152469826,123,False,,0.011580747152469826,1.1580747152469826,123,0,,,,,,REGISTRY_AND_OBSERVED_SCREENING_CONFIG_VERIFIED
F007_C017_S282266798,7,17,282266798,stage1_60s,0.0001392231069967146,389,False,,0.0001392231069967146,0.01392231069967146,389,0,,,,,,REGISTRY_AND_OBSERVED_SCREENING_CONFIG_VERIFIED
F007_C018_S1711693563,7,18,1711693563,stage1_60s,0.006925167201140264,209,False,,0.006925167201140264,0.6925167201140263,209,0,,,,,,REGISTRY_AND_OBSERVED_SCREENING_CONFIG_VERIFIED
F007_C019_S255728784,7,19,255728784,stage2_300s,0.023958720752677746,16,True,R16,0.03425809809623971,3.425809809623971,10,1,0.023958720752677746,2.3958720752677745,16,1,legacy runner explicit ranks 1-20 and four formal per-instance configurations,REGISTRY_AND_OBSERVED_SCREENING_CONFIG_VERIFIED
F007_C020_S1004882659,7,20,1004882659,stage1_60s,0.008587932564663866,171,False,,0.008587932564663866,0.8587932564663866,171,0,,,,,,REGISTRY_AND_OBSERVED_SCREENING_CONFIG_VERIFIED
F007_C021_S1753345571,7,21,1753345571,stage1_60s,0.0024823973954253486,301,False,,0.0024823973954253486,0.24823973954253487,301,0,,,,,,REGISTRY_AND_OBSERVED_SCREENING_CONFIG_VERIFIED
F007_C022_S650757180,7,22,650757180,stage1_60s,0.0004772774731341664,367,False,,0.0004772774731341664,0.04772774731341664,367,0,,,,,,REGISTRY_AND_OBSERVED_SCREENING_CONFIG_VERIFIED
F007_C023_S733587778,7,23,733587778,stage1_60s,0.003967764144974325,270,False,,0.003967764144974325,0.39677641449743245,270,0,,,,,,REGISTRY_AND_OBSERVED_SCREENING_CONFIG_VERIFIED
F007_C024_S597914448,7,24,597914448,stage1_60s,0.01239450601367724,111,False,,0.01239450601367724,1.239450601367724,111,0,,,,,,REGISTRY_AND_OBSERVED_SCREENING_CONFIG_VERIFIED
F007_C025_S1545052023,7,25,1545052023,stage1_60s,0.007761368969435801,190,False,,0.007761368969435801,0.7761368969435801,190,0,,,,,,REGISTRY_AND_OBSERVED_SCREENING_CONFIG_VERIFIED
F007_C026_S547328271,7,26,547328271,stage1_60s,0.0004005028105913876,378,False,,0.0004005028105913876,0.040050281059138756,378,0,,,,,,REGISTRY_AND_OBSERVED_SCREENING_CONFIG_VERIFIED
F007_C027_S2126996168,7,27,2126996168,stage1_60s,0.008853476884841316,168,False,,0.008853476884841316,0.8853476884841316,168,0,,,,,,REGISTRY_AND_OBSERVED_SCREENING_CONFIG_VERIFIED
F007_C028_S955794088,7,28,955794088,stage1_60s,0.007837608241285666,189,False,,0.007837608241285666,0.7837608241285666,189,0,,,,,,REGISTRY_AND_OBSERVED_SCREENING_CONFIG_VERIFIED
F007_C029_S1026816910,7,29,1026816910,stage1_60s,0.013284283162202567,100,False,,0.013284283162202567,1.3284283162202566,100,0,,,,,,REGISTRY_AND_OBSERVED_SCREENING_CONFIG_VERIFIED
F007_C030_S1083509134,7,30,1083509134,stage1_60s,0.0013111980242295459,328,False,,0.0013111980242295459,0.1311198024229546,328,0,,,,,,REGISTRY_AND_OBSERVED_SCREENING_CONFIG_VERIFIED
F007_C031_S1251001413,7,31,1251001413,stage2_300s,0.017932535195739428,34,False,,0.018176474854783197,1.8176474854783198,55,1,0.017932535195739428,1.7932535195739427,34,0,,REGISTRY_AND_OBSERVED_SCREENING_CONFIG_VERIFIED
F007_C032_S1188626511,7,32,1188626511,stage1_60s,0.011952628600230733,118,False,,0.011952628600230733,1.1952628600230732,118,0,,,,,,REGISTRY_AND_OBSERVED_SCREENING_CONFIG_VERIFIED
F007_C033_S1094029748,7,33,1094029748,stage1_60s,0.0015458438242278055,321,False,,0.0015458438242278055,0.15458438242278055,321,0,,,,,,REGISTRY_AND_OBSERVED_SCREENING_CONFIG_VERIFIED
F007_C034_S2137820579,7,34,2137820579,stage1_60s,0.003850367092642579,274,False,,0.003850367092642579,0.38503670926425787,274,0,,,,,,REGISTRY_AND_OBSERVED_SCREENING_CONFIG_VERIFIED
F007_C035_S1734444720,7,35,1734444720,stage1_60s,0.007591073379505514,193,False,,0.007591073379505514,0.7591073379505514,193,0,,,,,,REGISTRY_AND_OBSERVED_SCREENING_CONFIG_VERIFIED
F007_C036_S1702228508,7,36,1702228508,stage1_60s,0.004270476884510424,263,False,,0.004270476884510424,0.42704768845104235,263,0,,,,,,REGISTRY_AND_OBSERVED_SCREENING_CONFIG_VERIFIED
F007_C037_S1503827930,7,37,1503827930,stage1_60s,0.01619624612929794,71,False,,0.01619624612929794,1.6196246129297942,71,0,,,,,,REGISTRY_AND_OBSERVED_SCREENING_CONFIG_VERIFIED
F007_C038_S1336119720,7,38,1336119720,stage1_60s,0.0004914006830573587,361,False,,0.0004914006830573587,0.049140068305735876,361,0,,,,,,REGISTRY_AND_OBSERVED_SCREENING_CONFIG_VERIFIED
F007_C039_S732347574,7,39,732347574,stage1_60s,0.0014238008129451593,325,False,,0.0014238008129451593,0.14238008129451593,325,0,,,,,,REGISTRY_AND_OBSERVED_SCREENING_CONFIG_VERIFIED
F007_C040_S2123775744,7,40,2123775744,stage1_60s,0.013391747907739497,99,False,,0.013391747907739497,1.3391747907739497,99,0,,,,,,REGISTRY_AND_OBSERVED_SCREENING_CONFIG_VERIFIED
F008_C001_S1545220601,8,1,1545220601,stage1_60s,0.016355922480687606,67,False,,0.016355922480687606,1.6355922480687606,67,0,,,,,,REGISTRY_AND_OBSERVED_SCREENING_CONFIG_VERIFIED
F008_C002_S702167616,8,2,702167616,stage1_60s,0.0004785435482207306,366,False,,0.0004785435482207306,0.04785435482207306,366,0,,,,,,REGISTRY_AND_OBSERVED_SCREENING_CONFIG_VERIFIED
F008_C003_S503597500,8,3,503597500,stage1_60s,0.0023064412000814503,307,False,,0.0023064412000814503,0.23064412000814502,307,0,,,,,,REGISTRY_AND_OBSERVED_SCREENING_CONFIG_VERIFIED
F008_C004_S2120160876,8,4,2120160876,stage1_60s,0.016190526766493157,72,False,,0.016190526766493157,1.6190526766493156,72,0,,,,,,REGISTRY_AND_OBSERVED_SCREENING_CONFIG_VERIFIED
F008_C005_S378027506,8,5,378027506,stage2_300s,0.01836375978805865,30,False,,0.026929235171156772,2.6929235171156773,24,1,0.01836375978805865,1.836375978805865,30,1,,REGISTRY_AND_OBSERVED_SCREENING_CONFIG_VERIFIED
F008_C006_S684426313,8,6,684426313,stage1_60s,0.006181501731705434,225,False,,0.006181501731705434,0.6181501731705434,225,0,,,,,,REGISTRY_AND_OBSERVED_SCREENING_CONFIG_VERIFIED
F008_C007_S1380032418,8,7,1380032418,stage1_60s,0.006664174519937067,216,False,,0.006664174519937067,0.6664174519937066,216,0,,,,,,REGISTRY_AND_OBSERVED_SCREENING_CONFIG_VERIFIED
F008_C008_S1693395944,8,8,1693395944,stage2_300s,0.023415279648079667,18,True,R18,0.031172362202571184,3.1172362202571184,14,1,0.023415279648079667,2.3415279648079665,18,1,legacy runner explicit ranks 1-20 and four formal per-instance configurations,REGISTRY_AND_OBSERVED_SCREENING_CONFIG_VERIFIED
F008_C009_S1373808879,8,9,1373808879,stage2_300s,0.030717237511957332,6,True,R06,0.04381841989007898,4.381841989007898,2,1,0.030717237511957332,3.071723751195733,6,1,legacy runner explicit ranks 1-20 and four formal per-instance configurations,REGISTRY_AND_OBSERVED_SCREENING_CONFIG_VERIFIED
F008_C010_S1868088533,8,10,1868088533,stage1_60s,0.008885757784177424,166,False,,0.008885757784177424,0.8885757784177424,166,0,,,,,,REGISTRY_AND_OBSERVED_SCREENING_CONFIG_VERIFIED
F008_C011_S103777466,8,11,103777466,stage1_60s,9.21479967805074e-05,393,False,,9.21479967805074e-05,0.00921479967805074,393,0,,,,,,REGISTRY_AND_OBSERVED_SCREENING_CONFIG_VERIFIED
F008_C012_S839848226,8,12,839848226,stage1_60s,0.006385877363191975,222,False,,0.006385877363191975,0.6385877363191974,222,0,,,,,,REGISTRY_AND_OBSERVED_SCREENING_CONFIG_VERIFIED
F008_C013_S1231888088,8,13,1231888088,stage1_60s,0.014070365104876985,90,False,,0.014070365104876985,1.4070365104876985,90,0,,,,,,REGISTRY_AND_OBSERVED_SCREENING_CONFIG_VERIFIED
F008_C014_S940344161,8,14,940344161,stage1_60s,8.225780612394892e-05,394,False,,8.225780612394892e-05,0.008225780612394892,394,0,,,,,,REGISTRY_AND_OBSERVED_SCREENING_CONFIG_VERIFIED
F008_C015_S834608148,8,15,834608148,stage1_60s,0.01592760863478453,76,False,,0.01592760863478453,1.592760863478453,76,0,,,,,,REGISTRY_AND_OBSERVED_SCREENING_CONFIG_VERIFIED
F008_C016_S800472173,8,16,800472173,stage1_60s,0.005453288607098451,235,False,,0.005453288607098451,0.5453288607098451,235,0,,,,,,REGISTRY_AND_OBSERVED_SCREENING_CONFIG_VERIFIED
F008_C017_S86214689,8,17,86214689,stage1_60s,0.0004872231447317003,362,False,,0.0004872231447317003,0.048722314473170034,362,0,,,,,,REGISTRY_AND_OBSERVED_SCREENING_CONFIG_VERIFIED
F008_C018_S229681099,8,18,229681099,stage2_300s,0.016472941999241573,39,False,,0.01898593213103191,1.898593213103191,47,1,0.016472941999241573,1.6472941999241573,39,0,,REGISTRY_AND_OBSERVED_SCREENING_CONFIG_VERIFIED
F008_C019_S1165346121,8,19,1165346121,stage1_60s,0.005962025144603814,227,False,,0.005962025144603814,0.5962025144603814,227,0,,,,,,REGISTRY_AND_OBSERVED_SCREENING_CONFIG_VERIFIED
F008_C020_S1028570480,8,20,1028570480,stage1_60s,0.0004814937465681697,364,False,,0.0004814937465681697,0.04814937465681697,364,0,,,,,,REGISTRY_AND_OBSERVED_SCREENING_CONFIG_VERIFIED
F008_C021_S2057627919,8,21,2057627919,stage1_60s,0.011325261716192064,126,False,,0.011325261716192064,1.1325261716192063,126,0,,,,,,REGISTRY_AND_OBSERVED_SCREENING_CONFIG_VERIFIED
F008_C022_S518299784,8,22,518299784,stage1_60s,0.005757358861066186,231,False,,0.005757358861066186,0.5757358861066186,231,0,,,,,,REGISTRY_AND_OBSERVED_SCREENING_CONFIG_VERIFIED
F008_C023_S1822985620,8,23,1822985620,stage2_300s,0.005671020643611743,60,False,,0.02102852472563201,2.102852472563201,36,1,0.005671020643611743,0.5671020643611743,60,0,,REGISTRY_AND_OBSERVED_SCREENING_CONFIG_VERIFIED
F008_C024_S552215215,8,24,552215215,stage1_60s,0.01115033494172735,131,False,,0.01115033494172735,1.1150334941727351,131,0,,,,,,REGISTRY_AND_OBSERVED_SCREENING_CONFIG_VERIFIED
F008_C025_S307041362,8,25,307041362,stage1_60s,0.008982843364304532,165,False,,0.008982843364304532,0.8982843364304531,165,0,,,,,,REGISTRY_AND_OBSERVED_SCREENING_CONFIG_VERIFIED
F008_C026_S396707997,8,26,396707997,stage1_60s,0.005266229975525135,238,False,,0.005266229975525135,0.5266229975525135,238,0,,,,,,REGISTRY_AND_OBSERVED_SCREENING_CONFIG_VERIFIED
F008_C027_S854285176,8,27,854285176,stage1_60s,0.004454925938797716,260,False,,0.004454925938797716,0.4454925938797716,260,0,,,,,,REGISTRY_AND_OBSERVED_SCREENING_CONFIG_VERIFIED
F008_C028_S416320948,8,28,416320948,stage1_60s,0.011175862535244326,129,False,,0.011175862535244326,1.1175862535244325,129,0,,,,,,REGISTRY_AND_OBSERVED_SCREENING_CONFIG_VERIFIED
F008_C029_S1923481260,8,29,1923481260,stage1_60s,0.011235035546579225,128,False,,0.011235035546579225,1.1235035546579226,128,0,,,,,,REGISTRY_AND_OBSERVED_SCREENING_CONFIG_VERIFIED
F008_C030_S1747681612,8,30,1747681612,stage1_60s,0.000496019038070127,357,False,,0.000496019038070127,0.0496019038070127,357,0,,,,,,REGISTRY_AND_OBSERVED_SCREENING_CONFIG_VERIFIED
F008_C031_S1727786563,8,31,1727786563,stage1_60s,0.01610359113672438,74,False,,0.01610359113672438,1.6103591136724378,74,0,,,,,,REGISTRY_AND_OBSERVED_SCREENING_CONFIG_VERIFIED
F008_C032_S908351626,8,32,908351626,stage1_60s,0.008440615256056687,175,False,,0.008440615256056687,0.8440615256056686,175,0,,,,,,REGISTRY_AND_OBSERVED_SCREENING_CONFIG_VERIFIED
F008_C033_S65241235,8,33,65241235,stage1_60s,0.00283846940078043,295,False,,0.00283846940078043,0.283846940078043,295,0,,,,,,REGISTRY_AND_OBSERVED_SCREENING_CONFIG_VERIFIED
F008_C034_S549585099,8,34,549585099,stage1_60s,0.0044119896896702175,261,False,,0.0044119896896702175,0.44119896896702177,261,0,,,,,,REGISTRY_AND_OBSERVED_SCREENING_CONFIG_VERIFIED
F008_C035_S956872797,8,35,956872797,stage2_300s,0.027356761399096086,11,True,R11,0.028249768842165637,2.824976884216564,20,1,0.027356761399096086,2.7356761399096086,11,1,legacy runner explicit ranks 1-20 and four formal per-instance configurations,REGISTRY_AND_OBSERVED_SCREENING_CONFIG_VERIFIED
F008_C036_S1268954210,8,36,1268954210,stage2_300s,0.013599086003821818,50,False,,0.020005920568021317,2.0005920568021316,41,1,0.013599086003821818,1.3599086003821819,50,0,,REGISTRY_AND_OBSERVED_SCREENING_CONFIG_VERIFIED
F008_C037_S966147481,8,37,966147481,stage1_60s,0.00045001967911590453,372,False,,0.00045001967911590453,0.04500196791159045,372,0,,,,,,REGISTRY_AND_OBSERVED_SCREENING_CONFIG_VERIFIED
F008_C038_S1297664873,8,38,1297664873,stage1_60s,0.016546021774707678,63,False,,0.016546021774707678,1.6546021774707678,63,0,,,,,,REGISTRY_AND_OBSERVED_SCREENING_CONFIG_VERIFIED
F008_C039_S813017037,8,39,813017037,stage2_300s,0.0362357164574977,1,True,R01,0.04460606953442952,4.4606069534429515,1,1,0.0362357164574977,3.62357164574977,1,1,legacy runner explicit ranks 1-20 and four formal per-instance configurations,REGISTRY_AND_OBSERVED_SCREENING_CONFIG_VERIFIED
F008_C040_S1389117034,8,40,1389117034,stage1_60s,0.011374629237033897,125,False,,0.011374629237033897,1.1374629237033897,125,0,,,,,,REGISTRY_AND_OBSERVED_SCREENING_CONFIG_VERIFIED
F009_C001_S905266064,9,1,905266064,stage1_60s,0.003994714618514653,269,False,,0.003994714618514653,0.39947146185146526,269,0,,,,,,REGISTRY_AND_OBSERVED_SCREENING_CONFIG_VERIFIED
F009_C002_S1868845934,9,2,1868845934,stage1_60s,0.0003762437142142155,383,False,,0.0003762437142142155,0.03762437142142155,383,0,,,,,,REGISTRY_AND_OBSERVED_SCREENING_CONFIG_VERIFIED
F009_C003_S2063827471,9,3,2063827471,stage1_60s,0.006938408360331226,207,False,,0.006938408360331226,0.6938408360331226,207,0,,,,,,REGISTRY_AND_OBSERVED_SCREENING_CONFIG_VERIFIED
F009_C004_S615935265,9,4,615935265,stage1_60s,0.008317283011450773,179,False,,0.008317283011450773,0.8317283011450772,179,0,,,,,,REGISTRY_AND_OBSERVED_SCREENING_CONFIG_VERIFIED
F009_C005_S245584350,9,5,245584350,stage1_60s,0.008218792072000618,183,False,,0.008218792072000618,0.8218792072000618,183,0,,,,,,REGISTRY_AND_OBSERVED_SCREENING_CONFIG_VERIFIED
F009_C006_S1295250788,9,6,1295250788,stage1_60s,0.0003987121001292846,379,False,,0.0003987121001292846,0.03987121001292846,379,0,,,,,,REGISTRY_AND_OBSERVED_SCREENING_CONFIG_VERIFIED
F009_C007_S1433488763,9,7,1433488763,stage1_60s,0.0006154235268150763,340,False,,0.0006154235268150763,0.06154235268150763,340,0,,,,,,REGISTRY_AND_OBSERVED_SCREENING_CONFIG_VERIFIED
F009_C008_S1669741727,9,8,1669741727,stage1_60s,0.0045688065399260465,258,False,,0.0045688065399260465,0.45688065399260464,258,0,,,,,,REGISTRY_AND_OBSERVED_SCREENING_CONFIG_VERIFIED
F009_C009_S1380029761,9,9,1380029761,stage1_60s,0.004973080945549653,247,False,,0.004973080945549653,0.4973080945549653,247,0,,,,,,REGISTRY_AND_OBSERVED_SCREENING_CONFIG_VERIFIED
F009_C010_S1537758556,9,10,1537758556,stage1_60s,0.00954202914378615,156,False,,0.00954202914378615,0.954202914378615,156,0,,,,,,REGISTRY_AND_OBSERVED_SCREENING_CONFIG_VERIFIED
F009_C011_S1965526453,9,11,1965526453,stage1_60s,0.000447242950832833,373,False,,0.000447242950832833,0.0447242950832833,373,0,,,,,,REGISTRY_AND_OBSERVED_SCREENING_CONFIG_VERIFIED
F009_C012_S1965763839,9,12,1965763839,stage1_60s,0.0023058996430223066,308,False,,0.0023058996430223066,0.23058996430223067,308,0,,,,,,REGISTRY_AND_OBSERVED_SCREENING_CONFIG_VERIFIED
F009_C013_S1989829891,9,13,1989829891,stage1_60s,0.012304839500336607,113,False,,0.012304839500336607,1.2304839500336606,113,0,,,,,,REGISTRY_AND_OBSERVED_SCREENING_CONFIG_VERIFIED
F009_C014_S1847681291,9,14,1847681291,stage1_60s,0.0004239307963925471,374,False,,0.0004239307963925471,0.04239307963925471,374,0,,,,,,REGISTRY_AND_OBSERVED_SCREENING_CONFIG_VERIFIED
F009_C015_S1548366090,9,15,1548366090,stage1_60s,0.009775939256430426,149,False,,0.009775939256430426,0.9775939256430426,149,0,,,,,,REGISTRY_AND_OBSERVED_SCREENING_CONFIG_VERIFIED
F009_C016_S1971900292,9,16,1971900292,stage1_60s,0.01465897382475899,84,False,,0.01465897382475899,1.4658973824758992,84,0,,,,,,REGISTRY_AND_OBSERVED_SCREENING_CONFIG_VERIFIED
F009_C017_S28050645,9,17,28050645,stage1_60s,0.0004947211788524751,358,False,,0.0004947211788524751,0.04947211788524751,358,0,,,,,,REGISTRY_AND_OBSERVED_SCREENING_CONFIG_VERIFIED
F009_C018_S57096724,9,18,57096724,stage1_60s,0.005810210528288115,230,False,,0.005810210528288115,0.5810210528288116,230,0,,,,,,REGISTRY_AND_OBSERVED_SCREENING_CONFIG_VERIFIED
F009_C019_S1712926925,9,19,1712926925,stage1_60s,0.0006254863757268324,339,False,,0.0006254863757268324,0.06254863757268324,339,0,,,,,,REGISTRY_AND_OBSERVED_SCREENING_CONFIG_VERIFIED
F009_C020_S938982929,9,20,938982929,stage1_60s,0.001324731455984474,327,False,,0.001324731455984474,0.1324731455984474,327,0,,,,,,REGISTRY_AND_OBSERVED_SCREENING_CONFIG_VERIFIED
F009_C021_S1606711276,9,21,1606711276,stage1_60s,0.005892143100092766,228,False,,0.005892143100092766,0.5892143100092766,228,0,,,,,,REGISTRY_AND_OBSERVED_SCREENING_CONFIG_VERIFIED
F009_C022_S1041410011,9,22,1041410011,stage1_60s,0.012271922781265425,114,False,,0.012271922781265425,1.2271922781265425,114,0,,,,,,REGISTRY_AND_OBSERVED_SCREENING_CONFIG_VERIFIED
F009_C023_S1936474743,9,23,1936474743,stage1_60s,0.003794174376818115,279,False,,0.003794174376818115,0.37941743768181146,279,0,,,,,,REGISTRY_AND_OBSERVED_SCREENING_CONFIG_VERIFIED
F009_C024_S139917572,9,24,139917572,stage2_300s,0.02749428994028015,10,True,R10,0.028641787596531455,2.8641787596531456,19,1,0.02749428994028015,2.749428994028015,10,1,legacy runner explicit ranks 1-20 and four formal per-instance configurations,REGISTRY_AND_OBSERVED_SCREENING_CONFIG_VERIFIED
F009_C025_S1446612636,9,25,1446612636,stage1_60s,0.0004224681540224338,375,False,,0.0004224681540224338,0.042246815402243384,375,0,,,,,,REGISTRY_AND_OBSERVED_SCREENING_CONFIG_VERIFIED
F009_C026_S12081851,9,26,12081851,stage2_300s,0.0150780437158415,42,False,,0.020200940336272233,2.020094033627223,40,1,0.0150780437158415,1.50780437158415,42,0,,REGISTRY_AND_OBSERVED_SCREENING_CONFIG_VERIFIED
F009_C027_S317986815,9,27,317986815,stage1_60s,0.006951431202434352,205,False,,0.006951431202434352,0.6951431202434353,205,0,,,,,,REGISTRY_AND_OBSERVED_SCREENING_CONFIG_VERIFIED
F009_C028_S1783745952,9,28,1783745952,stage1_60s,0.002184708251250076,311,False,,0.002184708251250076,0.2184708251250076,311,0,,,,,,REGISTRY_AND_OBSERVED_SCREENING_CONFIG_VERIFIED
F009_C029_S628196374,9,29,628196374,stage1_60s,0.00013083438093159264,390,False,,0.00013083438093159264,0.013083438093159264,390,0,,,,,,REGISTRY_AND_OBSERVED_SCREENING_CONFIG_VERIFIED
F009_C030_S2111625489,9,30,2111625489,stage1_60s,0.009655130209324476,153,False,,0.009655130209324476,0.9655130209324476,153,0,,,,,,REGISTRY_AND_OBSERVED_SCREENING_CONFIG_VERIFIED
F009_C031_S748477721,9,31,748477721,stage1_60s,0.012135033065304383,115,False,,0.012135033065304383,1.2135033065304384,115,0,,,,,,REGISTRY_AND_OBSERVED_SCREENING_CONFIG_VERIFIED
F009_C032_S1684936827,9,32,1684936827,stage1_60s,0.000458166331601501,371,False,,0.000458166331601501,0.045816633160150104,371,0,,,,,,REGISTRY_AND_OBSERVED_SCREENING_CONFIG_VERIFIED
F009_C033_S2061899946,9,33,2061899946,stage1_60s,0.0014375604372045133,324,False,,0.0014375604372045133,0.14375604372045134,324,0,,,,,,REGISTRY_AND_OBSERVED_SCREENING_CONFIG_VERIFIED
F009_C034_S677753333,9,34,677753333,stage1_60s,0.009798345353956659,148,False,,0.009798345353956659,0.9798345353956659,148,0,,,,,,REGISTRY_AND_OBSERVED_SCREENING_CONFIG_VERIFIED
F009_C035_S2100731750,9,35,2100731750,stage1_60s,0.011324011353793663,127,False,,0.011324011353793663,1.1324011353793664,127,0,,,,,,REGISTRY_AND_OBSERVED_SCREENING_CONFIG_VERIFIED
F009_C036_S1514692595,9,36,1514692595,stage1_60s,0.00039016728906048504,381,False,,0.00039016728906048504,0.0390167289060485,381,0,,,,,,REGISTRY_AND_OBSERVED_SCREENING_CONFIG_VERIFIED
F009_C037_S2080164268,9,37,2080164268,stage1_60s,0.0020202391467460776,314,False,,0.0020202391467460776,0.20202391467460776,314,0,,,,,,REGISTRY_AND_OBSERVED_SCREENING_CONFIG_VERIFIED
F009_C038_S642486461,9,38,642486461,stage1_60s,0.009257580614926368,159,False,,0.009257580614926368,0.9257580614926368,159,0,,,,,,REGISTRY_AND_OBSERVED_SCREENING_CONFIG_VERIFIED
F009_C039_S1101566026,9,39,1101566026,stage2_300s,0.015692899439283124,41,False,,0.01738156514833205,1.738156514833205,60,1,0.015692899439283124,1.5692899439283123,41,0,,REGISTRY_AND_OBSERVED_SCREENING_CONFIG_VERIFIED
F009_C040_S1590745253,9,40,1590745253,stage1_60s,0.009723463104373482,152,False,,0.009723463104373482,0.9723463104373482,152,0,,,,,,REGISTRY_AND_OBSERVED_SCREENING_CONFIG_VERIFIED
F010_C001_S1667601611,10,1,1667601611,stage1_60s,0.005873458125215578,229,False,,0.005873458125215578,0.5873458125215578,229,0,,,,,,REGISTRY_AND_OBSERVED_SCREENING_CONFIG_VERIFIED
F010_C002_S2052998037,10,2,2052998037,stage1_60s,0.0004989918713692449,343,False,,0.0004989918713692449,0.0498991871369245,343,0,,,,,,REGISTRY_AND_OBSERVED_SCREENING_CONFIG_VERIFIED
F010_C003_S566977183,10,3,566977183,stage1_60s,0.014873368734305824,82,False,,0.014873368734305824,1.4873368734305825,82,0,,,,,,REGISTRY_AND_OBSERVED_SCREENING_CONFIG_VERIFIED
F010_C004_S445993290,10,4,445993290,stage1_60s,0.017259176190841687,61,False,,0.017259176190841687,1.7259176190841687,61,0,,,,,,REGISTRY_AND_OBSERVED_SCREENING_CONFIG_VERIFIED
F010_C005_S1702056617,10,5,1702056617,stage1_60s,0.011788288403241276,120,False,,0.011788288403241276,1.1788288403241276,120,0,,,,,,REGISTRY_AND_OBSERVED_SCREENING_CONFIG_VERIFIED
F010_C006_S1779071843,10,6,1779071843,stage1_60s,0.0004986176199018028,348,False,,0.0004986176199018028,0.049861761990180276,348,0,,,,,,REGISTRY_AND_OBSERVED_SCREENING_CONFIG_VERIFIED
F010_C007_S1105361715,10,7,1105361715,stage1_60s,0.01326148825541965,101,False,,0.01326148825541965,1.3261488255419651,101,0,,,,,,REGISTRY_AND_OBSERVED_SCREENING_CONFIG_VERIFIED
F010_C008_S320580917,10,8,320580917,stage1_60s,0.004856935647583834,249,False,,0.004856935647583834,0.48569356475838343,249,0,,,,,,REGISTRY_AND_OBSERVED_SCREENING_CONFIG_VERIFIED
F010_C009_S1788575728,10,9,1788575728,stage1_60s,0.003037829687299154,292,False,,0.003037829687299154,0.3037829687299154,292,0,,,,,,REGISTRY_AND_OBSERVED_SCREENING_CONFIG_VERIFIED
F010_C010_S1101239527,10,10,1101239527,stage1_60s,0.004734745360312646,254,False,,0.004734745360312646,0.47347453603126466,254,0,,,,,,REGISTRY_AND_OBSERVED_SCREENING_CONFIG_VERIFIED
F010_C011_S329308217,10,11,329308217,stage1_60s,0.012508673824263315,108,False,,0.012508673824263315,1.2508673824263314,108,0,,,,,,REGISTRY_AND_OBSERVED_SCREENING_CONFIG_VERIFIED
F010_C012_S291885126,10,12,291885126,stage2_300s,0.02591068331029846,13,True,R13,0.027425632859381217,2.7425632859381217,22,1,0.02591068331029846,2.591068331029846,13,1,legacy runner explicit ranks 1-20 and four formal per-instance configurations,REGISTRY_AND_OBSERVED_SCREENING_CONFIG_VERIFIED
F010_C013_S882452039,10,13,882452039,stage1_60s,0.004827131113705459,252,False,,0.004827131113705459,0.4827131113705459,252,0,,,,,,REGISTRY_AND_OBSERVED_SCREENING_CONFIG_VERIFIED
F010_C014_S1479694572,10,14,1479694572,stage1_60s,0.002364374704621534,306,False,,0.002364374704621534,0.2364374704621534,306,0,,,,,,REGISTRY_AND_OBSERVED_SCREENING_CONFIG_VERIFIED
F010_C015_S866858020,10,15,866858020,stage1_60s,0.00695095080634197,206,False,,0.00695095080634197,0.695095080634197,206,0,,,,,,REGISTRY_AND_OBSERVED_SCREENING_CONFIG_VERIFIED
F010_C016_S1807639472,10,16,1807639472,stage2_300s,0.010151914593377043,57,False,,0.024272519781816694,2.4272519781816695,27,1,0.010151914593377043,1.0151914593377043,57,0,,REGISTRY_AND_OBSERVED_SCREENING_CONFIG_VERIFIED
F010_C017_S17445413,10,17,17445413,stage1_60s,0.0020222309235012857,313,False,,0.0020222309235012857,0.20222309235012859,313,0,,,,,,REGISTRY_AND_OBSERVED_SCREENING_CONFIG_VERIFIED
F010_C018_S913773613,10,18,913773613,stage1_60s,0.009569268041623294,155,False,,0.009569268041623294,0.9569268041623293,155,0,,,,,,REGISTRY_AND_OBSERVED_SCREENING_CONFIG_VERIFIED
F010_C019_S1125691529,10,19,1125691529,stage1_60s,0.00034138100343874183,385,False,,0.00034138100343874183,0.034138100343874184,385,0,,,,,,REGISTRY_AND_OBSERVED_SCREENING_CONFIG_VERIFIED
F010_C020_S2054982943,10,20,2054982943,stage1_60s,0.0009436646922844218,332,False,,0.0009436646922844218,0.09436646922844218,332,0,,,,,,REGISTRY_AND_OBSERVED_SCREENING_CONFIG_VERIFIED
F010_C021_S505385130,10,21,505385130,stage2_300s,0.020578073667113197,25,False,,0.023233021414614207,2.3233021414614208,31,1,0.020578073667113197,2.0578073667113195,25,1,,REGISTRY_AND_OBSERVED_SCREENING_CONFIG_VERIFIED
F010_C022_S1772388919,10,22,1772388919,stage2_300s,0.017976392383887985,33,False,,0.018636065964500462,1.8636065964500463,50,1,0.017976392383887985,1.7976392383887985,33,0,,REGISTRY_AND_OBSERVED_SCREENING_CONFIG_VERIFIED
F010_C023_S154274979,10,23,154274979,stage1_60s,0.0004657082711072058,370,False,,0.0004657082711072058,0.04657082711072058,370,0,,,,,,REGISTRY_AND_OBSERVED_SCREENING_CONFIG_VERIFIED
F010_C024_S726311852,10,24,726311852,stage1_60s,0.010121428120452455,141,False,,0.010121428120452455,1.0121428120452456,141,0,,,,,,REGISTRY_AND_OBSERVED_SCREENING_CONFIG_VERIFIED
F010_C025_S1607876997,10,25,1607876997,stage1_60s,0.008049339341257674,185,False,,0.008049339341257674,0.8049339341257674,185,0,,,,,,REGISTRY_AND_OBSERVED_SCREENING_CONFIG_VERIFIED
F010_C026_S1236436360,10,26,1236436360,stage1_60s,0.0004968427221544966,356,False,,0.0004968427221544966,0.04968427221544966,356,0,,,,,,REGISTRY_AND_OBSERVED_SCREENING_CONFIG_VERIFIED
F010_C027_S2015896794,10,27,2015896794,stage1_60s,0.014322202567339933,86,False,,0.014322202567339933,1.4322202567339932,86,0,,,,,,REGISTRY_AND_OBSERVED_SCREENING_CONFIG_VERIFIED
F010_C028_S1617703435,10,28,1617703435,stage1_60s,0.002918516715940757,294,False,,0.002918516715940757,0.2918516715940757,294,0,,,,,,REGISTRY_AND_OBSERVED_SCREENING_CONFIG_VERIFIED
F010_C029_S1963530690,10,29,1963530690,stage1_60s,0.008349115937446664,178,False,,0.008349115937446664,0.8349115937446664,178,0,,,,,,REGISTRY_AND_OBSERVED_SCREENING_CONFIG_VERIFIED
F010_C030_S1776192178,10,30,1776192178,stage2_300s,0.013893781319296503,48,False,,0.018180289134345187,1.8180289134345187,54,1,0.013893781319296503,1.3893781319296503,48,0,,REGISTRY_AND_OBSERVED_SCREENING_CONFIG_VERIFIED
F010_C031_S291610352,10,31,291610352,stage1_60s,0.010296604653619583,136,False,,0.010296604653619583,1.0296604653619583,136,0,,,,,,REGISTRY_AND_OBSERVED_SCREENING_CONFIG_VERIFIED
F010_C032_S2004543851,10,32,2004543851,stage1_60s,0.0010689623508631399,329,False,,0.0010689623508631399,0.10689623508631399,329,0,,,,,,REGISTRY_AND_OBSERVED_SCREENING_CONFIG_VERIFIED
F010_C033_S1813750616,10,33,1813750616,stage1_60s,0.00237135736397382,305,False,,0.00237135736397382,0.237135736397382,305,0,,,,,,REGISTRY_AND_OBSERVED_SCREENING_CONFIG_VERIFIED
F010_C034_S311373735,10,34,311373735,stage1_60s,0.0038120162493605657,277,False,,0.0038120162493605657,0.3812016249360566,277,0,,,,,,REGISTRY_AND_OBSERVED_SCREENING_CONFIG_VERIFIED
F010_C035_S2101290457,10,35,2101290457,stage1_60s,0.007385094982329449,196,False,,0.007385094982329449,0.7385094982329449,196,0,,,,,,REGISTRY_AND_OBSERVED_SCREENING_CONFIG_VERIFIED
F010_C036_S1601121310,10,36,1601121310,stage1_60s,0.00046668605677820595,369,False,,0.00046668605677820595,0.04666860567782059,369,0,,,,,,REGISTRY_AND_OBSERVED_SCREENING_CONFIG_VERIFIED
F010_C037_S674980032,10,37,674980032,stage1_60s,0.003936051309753393,271,False,,0.003936051309753393,0.39360513097533933,271,0,,,,,,REGISTRY_AND_OBSERVED_SCREENING_CONFIG_VERIFIED
F010_C038_S299254839,10,38,299254839,stage1_60s,0.006588137870731794,219,False,,0.006588137870731794,0.6588137870731794,219,0,,,,,,REGISTRY_AND_OBSERVED_SCREENING_CONFIG_VERIFIED
F010_C039_S834470986,10,39,834470986,stage1_60s,0.007343070656326895,197,False,,0.007343070656326895,0.7343070656326894,197,0,,,,,,REGISTRY_AND_OBSERVED_SCREENING_CONFIG_VERIFIED
F010_C040_S1946755679,10,40,1946755679,stage1_60s,0.004904641951456491,248,False,,0.004904641951456491,0.4904641951456491,248,0,,,,,,REGISTRY_AND_OBSERVED_SCREENING_CONFIG_VERIFIED
