job_id,changed_field,classification,old_path_sha256,latest_path_sha256,formal_parameters_changed
2d_B0300_gurobi,/out_dir,PATH_ONLY,16a82b51f74af2408ffbbce87a3fa8709195368dfb45ad0706f06fc1af0dbd2c,d920a39bada2844ca2abd94d5037e30e11659ce042ad19e29f06583586c31268,NO
2d_B0300_p1p2,/out_dir,PATH_ONLY,6fc033035c814ae63d85be827e9af9f1903ac9de404144e560c34d6656a059d3,0ff57ffdb66e3237f4324161cedb340e1894b68cc9a111581b6afca612e2e1f3,NO
2d_B0300_p1_norho,/out_dir,PATH_ONLY,6ac5eb0bb927ad5447384d6ab67480c8cd449de5e4856cffede2bd8e4e3bd0f5,466c7ef5db3141ea60a50fdd7f0fea55dfd70002d867c9429e26e85f95a3191d,NO
2d_B0360_gurobi,/out_dir,PATH_ONLY,68744d09301df2029bf886e929ce9664b3fd7c7a3375ba7adda08d8ff6f2c888,217fc84f877ccf29e1e02a3225cc8fb55732790674043d7b2c2d71df5fdfa271,NO
2d_B0360_p1p2,/out_dir,PATH_ONLY,0d80047d45c3afb3da6e379983d47b425a05e69876fbf0dc9733252c3498f63a,64c183feb007cff3f9e2190ebdf747c66df28bc1eaf6bc58f7a7575bbee9f05b,NO
2d_B0360_p1_norho,/out_dir,PATH_ONLY,dbb9a50f12bab21cc613a82801a3551e1b19b35ab2e26ab7d8bd2a94f6b0350b,fcc10a079a37772f9b36bdea06eb4b5159afbdf6a5b3f5a117ed0cc198cef7e6,NO
2d_B0420_gurobi,/out_dir,PATH_ONLY,2970e9c1ce5ebbf4a218f75376201b010f6ba631fbcffc41923b7751c1ee2bbb,99a2dfd10d26d3ceb7b54e27ba7ac646a414409500933c5cb63d337d490cbaac,NO
2d_B0420_p1p2,/out_dir,PATH_ONLY,e51faae2fc724c14a039078821dceaba2f58b5042375e400aafe21300a7c222c,1f945b8d20d8859ae021a67ef267e31617b005ff353684c14d4dbaec5cbe8ccd,NO
2d_B0420_p1_norho,/out_dir,PATH_ONLY,517991ba894daefb3c26d90d03330471489ceff61de7987484872d2e578d8f58,d29523e25f34fbcd38d5de4c0c8a19d69da16d19fc0a3d4f12c28cf996fc08b0,NO
2d_B0480_gurobi,/out_dir,PATH_ONLY,f9eec0e12a5b7230b0704f10f42bf180afd001edea303384f81cf00411ef299f,9bfc9cc26aec7e64bdd7453e60ef44366bbc26b9ed274b18d581afd2782b267d,NO
2d_B0480_p1p2,/out_dir,PATH_ONLY,b56c9501de26fab9a4e1abc0623ddffd7f568b20d3fadaa22837b2bb01fdc499,98ffb2a28ced952c917d827106115b0a4ff04f429141a6b078ac266c8d5486c9,NO
2d_B0480_p1_norho,/out_dir,PATH_ONLY,f4f5aebc78ac4724e915a859881f99df5fdb722968f97da76e2fa6b2a610e361,ae53107604962e6a45150fd6e74f95d948f85b5c3262815ebc4f72e3c1ba3050,NO
2d_B0540_gurobi,/out_dir,PATH_ONLY,34ad85427c7d55adf0c113c7c50f2559675af29b90d7d2b5eb66923796481d5d,582284de27d155aa52d275b0d0964b05804ac4d426c4d0256354cceca623357c,NO
2d_B0540_p1p2,/out_dir,PATH_ONLY,6e17ed236cdf3c249c45c248a1e7847e25f20bdea5e1fcba2bbd0858e1f9dd0c,cace2dbcc30ea95cb1826778ed6ac99e0f6501ec60c80021ebfc3bf3e8d9a9c4,NO
2d_B0540_p1_norho,/out_dir,PATH_ONLY,3a6405b1a261bca7d09f8c02f9c7875ad244c3eb401c7629372ff5d6097dee52,0e4f6940d476706dc912f6b79e17fb9751ce4161813c4c8a14d94a0ba51f6403,NO
2d_B0600_gurobi,/out_dir,PATH_ONLY,3b839e0faa81201c57d2953c85376a078c12b73362f868c3e7d588e4c27d4e4f,bb3032fc9db674eac85c9c9ff552205306f73c03b4bc060c8da9f6d1ee6ce8b8,NO
2d_B0600_p1p2,/out_dir,PATH_ONLY,92f8334628a18aa43777203b54f0de31968d61287480cfa97c2df61467649a75,b39744e27f802e8ea0b6d5c1ca105aedd2bb5e85892675a789f39d75ec6f36b5,NO
2d_B0600_p1_norho,/out_dir,PATH_ONLY,6a21096716b04ff97fbb986411e382e80b19147e739a078dfe0a49dc05007087,ee54910410e07ae9e22cfbe2095393ee6beb68121d05b14dee02be00fbba4b14,NO
2d_B0660_gurobi,/out_dir,PATH_ONLY,c04fc549f829a7ec2bdd2d025a185222bf037fa77c37a30ae5e17fb24f6260a6,13fa8a5ae4f1a4969566beec1ecec1c46dafe021dffcd7c58e7c5e3ef14ff056,NO
2d_B0660_p1p2,/out_dir,PATH_ONLY,10623eb5a1eaf21a8b9b34a5ba6a7cdbae9bfa3486dc37e8b40ff83a71f39095,a67cad01a2be5a90bd0f0e2d661c032e710698b291355c21b053e52368b6fa72,NO
2d_B0660_p1_norho,/out_dir,PATH_ONLY,47224b90929465d1595186ff50180b0ca3036563f1a9095c15579d2f96b59ba7,8466e93bfbcc3cc88cabedd6388f8310dcaa5493b49818bf80e121a24cf98f93,NO
2d_B0720_gurobi,/out_dir,PATH_ONLY,092ed432404278c06c57338f492c2cafdbbc43c4bad334989f362ec06e16024a,4e8f0bcbc43cef2d64db4b6768594041bcf67a91536c4ca1a48cce7e71e54a90,NO
2d_B0720_p1p2,/out_dir,PATH_ONLY,8329757486ec09873680211e7405318262d99998d7848b70ef69d0003964d7ec,00ba5207937337b7b34163c290c038be4203d70aedd82703a9edc61c25548220,NO
2d_B0720_p1_norho,/out_dir,PATH_ONLY,1ae11c5eba558dbb02edb25ab86c30980f181896b7a7df78bd8db4f2226d1ec8,383e9246c4ea68977135f2a058b5738e9c22c3d3f898599ba281130f0bc49e35,NO
2d_B0780_gurobi,/out_dir,PATH_ONLY,44e893a9e6539b274b8c94339ed9bc23b643c56a9e688677f326a49bcf7384f7,cc0c325644514d8198a9b0617801d15dccf8f5b416d0e5a586f110ca6dcdacb6,NO
2d_B0780_p1p2,/out_dir,PATH_ONLY,94bc2c55cc70463df93cff198ba26d93af1a44a11f5f16b002bd9d173b07710b,0e2bd101083bad4c17cd774497226638d4f195836a08789954dbb6d6cdbb4db8,NO
2d_B0780_p1_norho,/out_dir,PATH_ONLY,dc7ab254c7828c9e9c9946dc5fbc993fedcf652e5e37d297bcf777829976d5b8,8d202ca3efa90ac4bd1bc33e2617955fdb71085e269f3872d736564198dadf7a,NO
2d_B0840_gurobi,/out_dir,PATH_ONLY,7b2c78e75ceb8405064a564b8892fb48107e90cf1e76a2b124d3d6800248f629,8dab992ca0d4f29687b84e63e2416f20752d2a294310fdfb0e52dc6cbed087cf,NO
2d_B0840_p1p2,/out_dir,PATH_ONLY,6c97596f7dfa7c4ecd1b52a37f48180664ff973438ecd9d7523d2c9510d68dd7,b09bfa42a93c5baf8ee725d227352c5a17fb7300cf0bbeadb1873f598482c988,NO
2d_B0840_p1_norho,/out_dir,PATH_ONLY,f0f0c5d45cb28a8b49d8f9d9d28b9fd608d1cc752aa2d698804560fb07d23937,fc8884be7e21572ec98f2a0dcfaf1d7b22c7b84a0d020e3a19a994115f90a0dc,NO
2d_B0900_gurobi,/out_dir,PATH_ONLY,32e6f6c20eed9e55d6ccec041aa8979dc1c2e998eabe4482e6cc60a1f6566ad9,d68558fcf501d0bc4b7bbdc138ec3819f2f260a3753d4ccff481d66e9786ee68,NO
2d_B0900_p1p2,/out_dir,PATH_ONLY,e28177addea6c45ac10791b4bd65cbb6c4b91732259f9db785f1d7f54ab811e1,2d853cd5165744be000fbe169a9fa4f0d3671c53625e04e61b37aaebb0c54a97,NO
2d_B0900_p1_norho,/out_dir,PATH_ONLY,597c1887b95b7bd9e27f790e78ef8043a4c7c5c9f67e2220225dee9f6de55b6d,95ba54a94e15be3d493222cfc03f68b70c8aadaf7e6e051b90227a2b09a3e718,NO
2d_B0960_gurobi,/out_dir,PATH_ONLY,00a846574821511f13c0b4754336949c5828a217e222afb8e4a84eacd8ef3081,45877c9d0aff92096009592361f6ee70774922b3db7a1fa951bd56764cb28678,NO
2d_B0960_p1p2,/out_dir,PATH_ONLY,12826b9656619aaa2f7de62368430a91dba760a19ce0279eeed5024b79e409e4,3dff6a12a58a288a2f83c5ef7789a8df0aa20a0a4a11b2e568aadf259bdadd02,NO
2d_B0960_p1_norho,/out_dir,PATH_ONLY,241121f7af972fafa3926e2917b9bdd75a9c8fdeb2af125804a038b5b237e2e7,d4bcee01f8aa2abfe9e666f383e69d851db89e929effa8ca0670391279607c09,NO
2d_B1020_gurobi,/out_dir,PATH_ONLY,2613197b7cac0fa8d38f70c031605aeb695e7f437a235598396017a533fa8012,bde23b983ebbdc427d8770014e8fd33a715eb7474824be95752362e95b100595,NO
2d_B1020_p1p2,/out_dir,PATH_ONLY,93864d8c1958e7ec042275837d8f3e631491bc6ba3b10467e7316823bd4608b7,0cdfb5946b9dca7b683535deff61f2723030daea09fef4417f46836654091763,NO
2d_B1020_p1_norho,/out_dir,PATH_ONLY,f4d790580be59e3b9cbea97038644ad7ebab0d9589befbf1f9b5b0a0520cc511,3be74d4882ffc60ec3b21caf488d9390baf62af381059fa60b6e6c5147bdbe5f,NO
2d_B1080_gurobi,/out_dir,PATH_ONLY,1a3f4797bdf788d65ed4e5e165e09e875f2f791a9d5ac0761ecb50203e3f45fb,1be9e3d1eed8928e3570e234271c6f02c4076ee07ad820cccf92b949f2f8f2c6,NO
2d_B1080_p1p2,/out_dir,PATH_ONLY,7cd133a72acda5a49fc105803bd548c424d9c47005253b2dd259c68fc9117e5c,95570a525e91b3081dbb00dbfb5213c58bc89e014a4fae1326d0d890bcd8afd4,NO
2d_B1080_p1_norho,/out_dir,PATH_ONLY,932915726ff95d97076762fc6122bf3772c535fce9b0433d625286388e7d79f9,8ab2ff92ecaf044af4883f8cbc8be39fe379dab3cb313f292237c8269b030d6a,NO
2d_B1140_gurobi,/out_dir,PATH_ONLY,33d8796d0c21c5c66e6d9f5357c050cbdc931dd14af4cc782422bd939096e728,440087b035d363e5a988adcaff1e542e6262f685327523b65cc488832cde63df,NO
2d_B1140_p1p2,/out_dir,PATH_ONLY,8ca66f0f9fb626a08bed5a60cd1df98a2e0e935937d451330f2694f4777e4f95,f9ce46d3b59816b127226349a0cff676a9b0a9ed5d75fd2c935e95c62698175a,NO
2d_B1140_p1_norho,/out_dir,PATH_ONLY,3ac347a4e33bfdbd8fd4b94c05b6c7883de79e46b4f1c6164ad8317555baef15,82bf765dee7d7bf07ecc259917edcc83db5cdf36bc1947dff3b1bbf5c1395c01,NO
2d_B1200_gurobi,/out_dir,PATH_ONLY,f8c925042bc7d5ae493a1b93a183041540591c86013474a88a3f420da3a88e09,fc619d97dadd361ed7b480aaf0c3b1676d3f7cde2f2ce395513e4de4b20f8fd1,NO
2d_B1200_p1p2,/out_dir,PATH_ONLY,730f9551ec3462606ac91e108f27b4e2fbe3c086d720990f09ec495468652aa2,da5be11d70221c0dd6a596c7d2ecddc4a7500dab2f522159c10b3f95c654d215,NO
2d_B1200_p1_norho,/out_dir,PATH_ONLY,ff1d4e0c14747bb47b6bd16632fcd0cad0dceaf70941ae7e80cf4392a9c1f2f8,e058ef835581d89d291ee71bde3bf2414e47c80ae4230fb61556e1b516be01f0,NO
2d_B1260_gurobi,/out_dir,PATH_ONLY,1130efd709dc08ead5780275c7302f86d535be8ce4478696856044e90d92468e,ee846f39d9c08b7b114660010cd181baba94da529d63ab859813533e3baeb059,NO
2d_B1260_p1p2,/out_dir,PATH_ONLY,f1df732f16239745a5866c6cacd312a7bb63b2210765523868ff60f8998a4ff9,2bb1aa83f0a37f6e5a80224fa10e97e8ccb6e72d1139ea4ebc39bc69e79bf78c,NO
2d_B1260_p1_norho,/out_dir,PATH_ONLY,7fead1e407b733a9c627b06e3a29ea6a7c32e400b51f8a3c2a3f8f440e2245fa,2daa9ca8f064afff4cd882982b6d8351db1a44b827f24fafebb9a1d9f7c57751,NO
2d_B1320_gurobi,/out_dir,PATH_ONLY,5c4b1356b3489c58cf02961ebfbe9ba334bcff5fa24e3e03d76e9e7a7c54a59d,83fe6e50e4b0402213adf91156771a2e5e454896c8a5bee314ca44cd8e6a417f,NO
2d_B1320_p1p2,/out_dir,PATH_ONLY,d7c1914cbd7d74de54ba57c20a727e3296f7d17a4c0bc90b650d44e60216d718,81c686ac817f936ddb6994461e22dd840063eeb52da29d03739769e63fd9f6b7,NO
2d_B1320_p1_norho,/out_dir,PATH_ONLY,f1d7bba6ac60aa11a3862059f43e567e0509576d780462786f4a8d8d2d4f7a49,84ca391af404df2279f668ba2a19ae09f1a601d553742854a75efb6b6d70a533,NO
2d_B1380_gurobi,/out_dir,PATH_ONLY,e23913cbad25144825cd3cde4a78694af6a2dbfc25763983e2919db9ee3891a3,64e3356669065a70ab636696fb9fbe03e7695474e6d75189e8a23e0719096acf,NO
2d_B1380_p1p2,/out_dir,PATH_ONLY,c2388a59109900e1005836bd1d801f64a616b037fc2f6921776d261c9d8cc2c5,8a133b9bd6b3da9d937bed2fa8bdd6bde8b660bb599dbffcb878ab3987804124,NO
2d_B1380_p1_norho,/out_dir,PATH_ONLY,802106474b2613638b5a8ef46c736f34fe1f538bc0dd01734e9149260d8e41a3,bb886c8fbf30164e26367e8ee4b78c0400ac0be8c744fa790c1a5d3a9afeb709,NO
2d_B1440_gurobi,/out_dir,PATH_ONLY,8aaf0c137bf94689b749eb5e0b3b4be0deb904fc84a61257c2c9345449aed5a0,13554039f32dff5d553903df5105620cab8d5389c76fa7d0a089c3b77b1b3373,NO
2d_B1440_p1p2,/out_dir,PATH_ONLY,1ab59fc736fd59e4356ba9db837793430869e8cb16c07d6227906c4eb2ef5611,f259b3366973f72de9596441612dcbfd8fc864331c8d83a46a21df17e9fcfe17,NO
2d_B1440_p1_norho,/out_dir,PATH_ONLY,f6bd3dadc2c9604f0d7e842fcbd1d7b8c310068fd7868741b183f03cfed8aa8b,775c13d8295bf5d143f9b8bba24d93752d96e8c67a18250449aa966df98410c2,NO
3d_R01_gurobi,/out_dir,PATH_ONLY,7f358c366417422785e025d50db29c25c163cdaebd643ec08730e325d4ed7e70,d2ddfc4b37c2651db19b7be5b758a15967a76328b5acb8fcf762e8f44fabf1e7,NO
3d_R01_p2,/out_dir,PATH_ONLY,b56e5c98428f5cec2c2c9675e69887d9bcfeae8a129137e874b5e381fe526079,bb71de171ac1832036b448df3ec0b8edd51ae2ffc5e671a7511642a3a1e3323a,NO
3d_R01_p1,/out_dir,PATH_ONLY,3c01df742b4ee39a59e8f067b2c4eea2677806ceb7378d56967371ce6b5b108f,05f1437cdafcb4a8e4888876f413f93f949a79e288718fa0f76db5ec2ee1bbce,NO
3d_R01_p1_norho,/out_dir,PATH_ONLY,0b405f099bad7497681b703fa8a36c3909e2b10c4165af2fe6df966e33582751,d3fc768e67c8ad1750a330cd3951e920588ea12f67669c106ff5d3d137ca56f8,NO
3d_R02_gurobi,/out_dir,PATH_ONLY,b3178903826f307585bb636efc73ebcba6d33a310e5acd5380e17b9d4e6b78b0,7ddd7c61698fc4249d86573d7c2ed51e45fb42f7ce3961b861d37ce41dccc48e,NO
3d_R02_p2,/out_dir,PATH_ONLY,03f2733f4bd73f61954db4f5d02524b15588ced89f44af4182ed989f1a9de88d,5c157bfd8a8709927f1ba62ae98124963c5720d6241196e5d5f374cef81bb45d,NO
3d_R02_p1,/out_dir,PATH_ONLY,e3081b846aaf6a3ecee83a73a6932e785c5554e740566729315548a345c39ecb,50979369501f8e856d8ce1ba7353223a444520d47233876cb67ba548e1aba64e,NO
3d_R02_p1_norho,/out_dir,PATH_ONLY,514a58a660211da42c2279cb1106cf68c43592f57d411e07f46fb4b5782e1acd,b6049665579bef898526db25d30b138b6820ea495758ad7676178840dea538ef,NO
3d_R03_gurobi,/out_dir,PATH_ONLY,3f9c5f05ee90ef08fb6bdbf305802029daad2f52607ed9c682ebaa7912ea355e,45cb313ca7cc4724cc25fadf16c72044222e1b877ec96c8b7b4ee611c8cdd39f,NO
3d_R03_p2,/out_dir,PATH_ONLY,84abf12dfaf39f382086b1a1a4c29c65b6ff10c2c5d237118f14ae990f3a8bc3,f9c703d27ad829b7f13a04b7076d0fecd81f70e1006ebf33969e017942db85d6,NO
3d_R03_p1,/out_dir,PATH_ONLY,e28b3f0ba4619b33071506477704701d76845baf7477788486a970854679298a,d8a48212e416aa0063d43a77530c1789504759e3a38bbc3802bec5fe1519176c,NO
3d_R03_p1_norho,/out_dir,PATH_ONLY,c8ff905b72056f2b7408c7792fa123446a895d5886bae9e6676bd1cc1d324625,9b3da0986b04a5b339986096185537f99753632a4bf193e274e485f7568ab01b,NO
3d_R04_gurobi,/out_dir,PATH_ONLY,3b924f607072a2f66beecb3958c352c0463d64cf1dcd87f3793d9eb46494f2f5,920553e3cc2e0572569e7d0bf5967a5812177203226bc97cfd7b6295e8f38fa5,NO
3d_R04_p2,/out_dir,PATH_ONLY,7bb508eec285c40ca049c2a0a913e3b287acb40573acba51bf8b9479e07a8189,dfd5fe051664af609cc39629de466d7e265c894d23076ecfa4d7463d0f43eba1,NO
3d_R04_p1,/out_dir,PATH_ONLY,31ea64dfd4313459342c982e7c7164439b616605bd864900f3ea49902dae3035,62e7087c96610214971120299f90ecd241ff380106d896589337b18dfea1a4eb,NO
3d_R04_p1_norho,/out_dir,PATH_ONLY,f1a72828acc949982bfc7c3dedb320235040b9dc066d29d199960877e4dc7bd3,71d1833643d756ac6ddaa9a5ffee4be11f4306f8d74d1aae8d06a318ede2b4b2,NO
3d_R05_gurobi,/out_dir,PATH_ONLY,3d1dfe5ae04fcd795e0de76b237725a9750a98107947bfed79aa5e863971f2bf,1c376613c441a44580c9d30b98ca34fadda635c05896562b1b5648ef8ec77532,NO
3d_R05_p2,/out_dir,PATH_ONLY,22df5a3cfaad92b1aeed6bb73b7cc9ef9cacd1add476fc906bf0dfd201368175,3ef0fda40f4df58f1b5a345079f914b70b8c0002566fb521dd7fdfba584019c7,NO
3d_R05_p1,/out_dir,PATH_ONLY,a06d28bac6574b28718b3289018eebf358e4a66fef80c11e7cceae89c4b37cfd,237b260832f58766d8213a7f8f1e8e0545e12a714eab6e3917d1ad1ea79e395d,NO
3d_R05_p1_norho,/out_dir,PATH_ONLY,27b508f4e98e1292bd1de1546715724735014e71b6624d9b83b759ce1e4ecf7c,160f87bb4e44d4561f28deaf06934efc07031ec69ad6f7787a0462e426167dd5,NO
3d_R06_gurobi,/out_dir,PATH_ONLY,b22726a9ae14383300a4e7232e342b9833a7fb88c0e35429085954fa25b3f7f6,94414d2a0fc77998fc1fb43016886ebeec0d347c6566d5555c34cb446632debf,NO
3d_R06_p2,/out_dir,PATH_ONLY,eff91a5b95b75df750a388f1e81a07b211284e6ec1545c40a58bd1713de0e101,81e08f92e170e354158262df5a0ce3c20ba55d762e8fd2d4714bf83b5bbd6b22,NO
3d_R06_p1,/out_dir,PATH_ONLY,58412cd0ebb9e659f485ce0a7d8229a3bfc1e45d4691e158bbb3bad313d09470,644188e065a97362da9e42450e14ebb375908a3cee5da52a2884a7c70c37241f,NO
3d_R06_p1_norho,/out_dir,PATH_ONLY,59c3f90ce399c2c432a8d20899c4136a519456ddf776a19dc8033a0e583cd4fa,0a4cb0feaa1a0d4c3868f410abdd857e842407a2638e75b8df7341d8e5cbfdd4,NO
3d_R07_gurobi,/out_dir,PATH_ONLY,9e55267e4419bb87ed2b8b9a5c35e9b3cba0a86816bcc2f61d97b6aecfdb3b4d,35f40d94d5b4873f592a099041cf809047d306e7caa378d3b69d873b0fbefcae,NO
3d_R07_p2,/out_dir,PATH_ONLY,eaccbec54e11fa951399ff7c6b586cfd0cbce6e4ffae608f439d2a6165bee79b,5492ca1bf7d9241a8a53e80409aa79fb54948b526681b374eb9802b0a26a6595,NO
3d_R07_p1,/out_dir,PATH_ONLY,bad1f05a9d2375b9f17039cc8478abab87f17fd10908c2c62aad8d5d3f3777fc,067be71848ef674a32e1edd22288d1071c63080bb7ec2c6e11997ef5422a8f86,NO
3d_R07_p1_norho,/out_dir,PATH_ONLY,dd501c1dc2364c9215e5d17aba89e9268866f79fcaec85fa23353dfdbdefaf3f,66a6fe35ffb867c08756c997b8f975be0d7bfd2116864a6412670708ba9b5829,NO
3d_R08_gurobi,/out_dir,PATH_ONLY,141a9b2dd04e2ad936140162aae2e6c4c4fca159306a41ee61b34f0d5a93ea30,ae8feedf48d4d18a7b1c7f764f3d0dcd5ec26ace3bb147ddc81a451e9cd67929,NO
3d_R08_p2,/out_dir,PATH_ONLY,7eadd8613d9968321b1386fe924277f8de7c6e7a21ab012e9874f4b20f27715a,c9cfacf8806d47717a18286a277ae95aebcf10eb58c5f95c23e8b75a26fad500,NO
3d_R08_p1,/out_dir,PATH_ONLY,e65d62c2592e5d926dfaf0764d49fa19dcbc1c741d16feea63514891f273fa89,c5e817dedba632afc6892164d21069d44ba2ef271bf70ffde5106ab159fefc59,NO
3d_R08_p1_norho,/out_dir,PATH_ONLY,e4104459856ae3a5634f151fd09e46a84fd36c587ab903f30a16c0c0698e4522,26b08da2154c63f7dbd99c4a4037229b705adf8869c264476c713ac9c3d050a5,NO
3d_R09_gurobi,/out_dir,PATH_ONLY,dbca244dfba698e3cd7c2e1155f4b33381bde08241160183ee489db799eb85ca,d486e1fbd8751cb28978813ed799f92485752cb9400c6149a3c2abcb372f6a56,NO
3d_R09_p2,/out_dir,PATH_ONLY,d1aad16d439467abfc16a27af84abc73be8418a1fbbf7e144bc6fb90e0687adc,467b02d41a6729fd8986dd033218e5ef9312c9ea7f671e8249e4594576de30d5,NO
3d_R09_p1,/out_dir,PATH_ONLY,545813dbb1f495bb9462f899d0219982544fe9ec5069295184cf45cc0c09314a,b39dbba260dd3992a175c3532d3d2a2cbd6e81c0f2a8179bdd8cff8bff429750,NO
3d_R09_p1_norho,/out_dir,PATH_ONLY,6a998d370cee42cf648e1e617b0fe51a2431b9635dbf09342ebfd76851711dff,9c2e4354a6d6bbe73030d755c23a184dad4ae15866fbf221148505e893694921,NO
3d_R10_gurobi,/out_dir,PATH_ONLY,d3ad30d4f7c6971d9f3dec096d65abecfc511cfaa2985fca7e0e71605537b5ef,f583bb788b214e5f8f8b9abf55d631f0895fbbf7409e7699eb025800ee11c031,NO
3d_R10_p2,/out_dir,PATH_ONLY,f94eb63af6e5c10606a07fa9c241145e9beede5bfcf109e2b79cbfd923b0d9af,fa4b8d772966b1eb2941cd1bf0aa24e50bf812298f9531275439f06d93740184,NO
3d_R10_p1,/out_dir,PATH_ONLY,1284c0dfd8d5f39f6d7a0aa7d4d286f5596a3c4cb53e7ed4a5cf0e7d3fb55e63,c749909678e664c79f837f349578e838e55372df1816b0e1b921a6f3fd58d83a,NO
3d_R10_p1_norho,/out_dir,PATH_ONLY,33dbe17b08dae85e30e745d20ca6fac0100169c55bd214868dc037c46f382776,1d81bc94a88406a2a547cf997025603958a546b221c760728ecc771b2094a623,NO
3d_R11_gurobi,/out_dir,PATH_ONLY,3c7f270902c3c3c9cca06be06e9ce09dde0f001fe69a26965baadb1749d06650,75e9d0ce0a08a73379faf11aa283c39c42e82781894438bf17be72e5188ea1c1,NO
3d_R11_p2,/out_dir,PATH_ONLY,ecf229a539fb85960deca2443ea2e243799c515f3e1c88d146846b6dda315830,4dd6d42dc39c6d919b626c082e5dad3dde2beaa105752cdcb30af2e7ed7dd2d4,NO
3d_R11_p1,/out_dir,PATH_ONLY,eee37328e02aaec0104f3342684085734e196e24b81a880160c6c1a76f0f8762,82ed97824922d84aea1f171145b7d15547bf40e1bc3cbfb234d3782d4d5268ac,NO
3d_R11_p1_norho,/out_dir,PATH_ONLY,aed8a953f5e8a9cbe8f70321bcb5e5b3a0241c11f2ce8d8e09e506320073384c,b75c0a5a56503e1f45aae0aaf37255706b840e453f64d70caace016fe578df25,NO
3d_R12_gurobi,/out_dir,PATH_ONLY,1754ca9c5c42857d744948817fbf65835c893e2cf106f6ce18f53e8e2123c200,ad3dd5c87293fb9ad6e0c82b7fd975b92ca941c4a52702e97f950e137aff9064,NO
3d_R12_p2,/out_dir,PATH_ONLY,93d9ec337ab1e8aad3bb3704b2b9a656a5e009cad9eb6f2712f07c5097067bdd,78e276fe0e6a31aeef5b9f1540c808f51ac5d3c05b12ea036312eb1aa9cd38d2,NO
3d_R12_p1,/out_dir,PATH_ONLY,f0fb517be2f4e2e3351fc1dc2b18cf1f94cbd93e856ed84358a11322fb728689,f6be47447fd016ae478bb01c7b3029e7981c56e2aa6996eaa19857f079c8e953,NO
3d_R12_p1_norho,/out_dir,PATH_ONLY,716fdb408bb4bfbf7ca736e54e7265e1ad7f8b46b1c79b61ede1f0ed85094094,c38be120d9e634d530e33a8927ffab4f815baab158ea3c1215804bbf26c61fc1,NO
3d_R13_gurobi,/out_dir,PATH_ONLY,a0b03eed9032a1c851bcd06db9399a33a7319f351d80a362dba924cc35d1dd8d,133212d753ec257d4a0eb758c4f7720b2d9562ceb022dd8e8d6d622c626c7ba4,NO
3d_R13_p2,/out_dir,PATH_ONLY,79fa1b14cf73193fafc50912eb7176af3cf889be9a60d7738ee56178f11af701,6ad53d156031f6c37d78343f870fbe643400ac02f0430630ece917b67bc83b02,NO
3d_R13_p1,/out_dir,PATH_ONLY,65df4b98c63d3d87b58621b170f81c04ca16b31c7af3f34509f240d7a7d1f5fb,f32d082f53ce8c1085c30d2308a58168442cfb8d24e41f5666605825185058f3,NO
3d_R13_p1_norho,/out_dir,PATH_ONLY,51f7da094971f38ccb9754a86818cf4d218611f08cfa5a09a3ad62aaa66c00f3,366cc30d00d0f7c8adbe4770c0d4f91cc3cd24476581d15d40d36e366054c798,NO
3d_R14_gurobi,/out_dir,PATH_ONLY,8208929aae1e8b0379b3d66a17bce5142b7d41d42a861b75884d6e911f12c8f8,78916deabbf32738d5203b8b05dab3f2d0b59063bd227833ca0a3b0cc29adaeb,NO
3d_R14_p2,/out_dir,PATH_ONLY,2cff4443f06aac04da87fa09e3f62cc333ec700dd4046e07a2ec1f974a53940c,c61731b7379bba56c46aae0878ebaefa30cd4d32dd94ea7a283abfeaf90abaea,NO
3d_R14_p1,/out_dir,PATH_ONLY,ccc88a251f1555e52e44b1599227f0307796a64346a7f92a2b93912cbe2772e6,f8a053a91341f17c071f30dfbbb166064a6aaff868e7f93842fc9ead7a7171b1,NO
3d_R14_p1_norho,/out_dir,PATH_ONLY,5e5104489a91ba4e09a7df0ab6c45b68cad2f3362098d2bccf0629ccb008fa5b,48773450c930e5c81cab82a3960eb7236d52acfb4434355efd1217832add0021,NO
3d_R15_gurobi,/out_dir,PATH_ONLY,db4f23154af496095a66a400f8789ec65bd6a0208a85b2fe1388fc5d8025cf70,daf87330f8bc5e55bb493cefc0115c7b2b7c124b5a9b001bf210dbf2dafbd99d,NO
3d_R15_p2,/out_dir,PATH_ONLY,ac62cc07148f9e0896d7b3011fd0f561bbfe464037f5bdfafe46bf8092c84cb5,0afdde8d60098cff987ea21846eee935a2f481f8f548bd97138f580db3aabba9,NO
3d_R15_p1,/out_dir,PATH_ONLY,eddf8bf98f5104e9b69fd263e345903fabd757902043476eb552d3944bbf2832,167c0492258d453944bfa46723cd710ddd033cb9ac4426f2738d739bf1a6ee6f,NO
3d_R15_p1_norho,/out_dir,PATH_ONLY,3988d1d3cc338da45fd3e208f46d7f517784aae07749b41923042761ff95461a,f354e0ede74d852bd0c3c2fe8683c01b9b5f11cf76717bfba9e521969bca2ae6,NO
3d_R16_gurobi,/out_dir,PATH_ONLY,18f8b88a6c36bc1d2dd3bd6ee6f60606d4093a083a8564c809d190a3fbe79cd6,1abb157637fe238246b6f862deea8d58be03664cbd67126069d8655ffbcf1d49,NO
3d_R16_p2,/out_dir,PATH_ONLY,169d629390b0d4d4d74ec1fc9d44771d0ce4aad31f6f3144b7444226794dacee,06c68a7e5b1a288e999e4d115d8532ad8a3604a3be9983bbe2368fbbaf2d03cd,NO
3d_R16_p1,/out_dir,PATH_ONLY,3afa8acb6a3441ee94a8d998d73cb30f66ac9647314f28583cc1eca3732d7cf5,279f806ce51070563d356776e36e6fa251d2aeee2b68a0a337ff1db1dfd6b5e8,NO
3d_R16_p1_norho,/out_dir,PATH_ONLY,ee610cdd959c49048b9678f2537174f88a810b13638301d97d7f921c270a09fc,1f6bf1afcc31efc48989e23822d64e63096a46838928658da3e8970e23bf568b,NO
3d_R17_gurobi,/out_dir,PATH_ONLY,66881efbcae5fe13b875839ccb97f0d9b0455ae58377d587b0acbeed3a4b2fc0,e26f149157fcd828ff5497179a9ae5fe6d1c0651d02b9c3cf55aa2faf5d96c9a,NO
3d_R17_p2,/out_dir,PATH_ONLY,9d173fbe89c49e2cf3df17e7302706675745055c652b30a1cfcf882b964df063,10e5803d325d98130601150ce37f49d643e2e8b4869fbb1aef3c9aee1bb1494a,NO
3d_R17_p1,/out_dir,PATH_ONLY,74494e290ff695db3bebc3b918039c918eefc8f40833c6e719fb6cd50ede542f,bd21a2fdae37c0939f43c1b513bc5a062962023f33996ff8decc5842bfbdbb79,NO
3d_R17_p1_norho,/out_dir,PATH_ONLY,d7802a4139074e31863a57828f4254d7c49799a5cd500decacfece2945ea03c3,e17368b4d05eeae91ce791b70e983a8547c367b69b7bc9ee0ec99bf486a155b1,NO
3d_R18_gurobi,/out_dir,PATH_ONLY,a5cad41cc2a4c17b205c4250c78c3bcc8b5985653b80178b365c76544e770f3c,5d4ed14fda64a91d7729138cdc6163917102c4c45b54169a1eea59e214590847,NO
3d_R18_p2,/out_dir,PATH_ONLY,255bf51782f61b516d45ff70b69dfe36ff21b7bc7d3359177e6b61e773082b40,f60973fe20948a5adb1c21a12c282352bd5119272fef85ec2a5b35ba1a86bd41,NO
3d_R18_p1,/out_dir,PATH_ONLY,35a91099fae186dd09b217fd7d5cfcd4d5a6498d66973d7a7e76958d46ba0b8b,564640a224fe2dd25d25d674d6ec402afa76b5336907e0d226a28bbab1104f41,NO
3d_R18_p1_norho,/out_dir,PATH_ONLY,8de2e616d9a53ff7f6021153b6f7e5835ff8dd39b032263598a94a2846172aba,1af13961787190a9a60c2e06d7a766b4a07348599acb622ba944f9d7770f3571,NO
3d_R19_gurobi,/out_dir,PATH_ONLY,e809bf6788adb5ed193630ce0088b4ec96f66e1632b427f9e4b081019e6dc53c,f64bbc87561d72632820836c773c48e23e54893239596475f68bb8180a04f937,NO
3d_R19_p2,/out_dir,PATH_ONLY,05fa71123504e0a5a132c5c4719d3fae55852831619fe4e8a7503f1a5be3b1a4,33f186214d75c39cedd81a6c3e68db837aae2e6d0a30ecf832956556107185b0,NO
3d_R19_p1,/out_dir,PATH_ONLY,5299d56aac071d4b9ab206f8151c86f3d43e613e731c8a4ddd6c804fa7c9c2d7,5a3b1a31469c10cdcd423cf8f17c4d4430ae37204b1a177b0a455b159d8c25b3,NO
3d_R19_p1_norho,/out_dir,PATH_ONLY,652efc8ffe333712c9accfd4ed15c26a3f1e6b27ca1e555ea4c55f4276105354,6127b215919bdd9aebd167254aa4a7fcf19d8f53a07af6c674a596a7eec74895,NO
3d_R20_gurobi,/out_dir,PATH_ONLY,d1381c0ff4427800ad6cdebfc5d73dc42a42892f1bb14bf0e9a8f75682536925,606ebb830ad40ac0516c6987b253d13f79c0a662f8137cee711cf3f07496abe1,NO
3d_R20_p2,/out_dir,PATH_ONLY,3d6cdfb23b4b5cda9187e08a7e321f0eeeac456211f90d2123d8faced39dca7c,9ce0553f15254f6be9c8f2d1aa7aef226fae5611fb94cf543e17dd7142308426,NO
3d_R20_p1,/out_dir,PATH_ONLY,39a3e067bc00b6aebd89f2cf40e0ff4333fd40a5e8424a8cfab2382e3103537b,d99a58151cc9f39143ee1650ae32bcc9b0d4feae9dc81b2197eb83a4afa7eabc,NO
3d_R20_p1_norho,/out_dir,PATH_ONLY,e4d75143eb324803cdfaa268cbb15c5662add6596f2ed2cb60164ad9a1a9b3dc,9b68c630a679c5fd7a644ecb2704e05647f069355f4064b82a6763d519feb861,NO
