job_id,frozen_validate_args,target_to_baseline_sync_idempotent,recorded_post_tuning_arguments_replayed_without_change,profile,tuning_assignments,method
2d_B0300_gurobi,PASS,True,True,none,,"Actual frozen validation/tuning functions; minimal instance interface, no generator or solver invocation"
2d_B0300_p1p2,PASS,True,True,balanced,p1_history_keep=10,"Actual frozen validation/tuning functions; minimal instance interface, no generator or solver invocation"
2d_B0300_p1_norho,PASS,True,True,balanced,p1_history_keep=10,"Actual frozen validation/tuning functions; minimal instance interface, no generator or solver invocation"
2d_B0360_gurobi,PASS,True,True,none,,"Actual frozen validation/tuning functions; minimal instance interface, no generator or solver invocation"
2d_B0360_p1p2,PASS,True,True,balanced,p1_history_keep=10,"Actual frozen validation/tuning functions; minimal instance interface, no generator or solver invocation"
2d_B0360_p1_norho,PASS,True,True,balanced,p1_history_keep=10,"Actual frozen validation/tuning functions; minimal instance interface, no generator or solver invocation"
2d_B0420_gurobi,PASS,True,True,none,,"Actual frozen validation/tuning functions; minimal instance interface, no generator or solver invocation"
2d_B0420_p1p2,PASS,True,True,balanced,p1_history_keep=10,"Actual frozen validation/tuning functions; minimal instance interface, no generator or solver invocation"
2d_B0420_p1_norho,PASS,True,True,balanced,p1_history_keep=10,"Actual frozen validation/tuning functions; minimal instance interface, no generator or solver invocation"
2d_B0480_gurobi,PASS,True,True,none,,"Actual frozen validation/tuning functions; minimal instance interface, no generator or solver invocation"
2d_B0480_p1p2,PASS,True,True,balanced,p1_history_keep=10,"Actual frozen validation/tuning functions; minimal instance interface, no generator or solver invocation"
2d_B0480_p1_norho,PASS,True,True,balanced,p1_history_keep=10,"Actual frozen validation/tuning functions; minimal instance interface, no generator or solver invocation"
2d_B0540_gurobi,PASS,True,True,none,,"Actual frozen validation/tuning functions; minimal instance interface, no generator or solver invocation"
2d_B0540_p1p2,PASS,True,True,balanced,p1_history_keep=10,"Actual frozen validation/tuning functions; minimal instance interface, no generator or solver invocation"
2d_B0540_p1_norho,PASS,True,True,balanced,p1_history_keep=10,"Actual frozen validation/tuning functions; minimal instance interface, no generator or solver invocation"
2d_B0600_gurobi,PASS,True,True,none,,"Actual frozen validation/tuning functions; minimal instance interface, no generator or solver invocation"
2d_B0600_p1p2,PASS,True,True,balanced,p1_history_keep=10,"Actual frozen validation/tuning functions; minimal instance interface, no generator or solver invocation"
2d_B0600_p1_norho,PASS,True,True,balanced,p1_history_keep=10,"Actual frozen validation/tuning functions; minimal instance interface, no generator or solver invocation"
2d_B0660_gurobi,PASS,True,True,none,,"Actual frozen validation/tuning functions; minimal instance interface, no generator or solver invocation"
2d_B0660_p1p2,PASS,True,True,balanced,p1_history_keep=10,"Actual frozen validation/tuning functions; minimal instance interface, no generator or solver invocation"
2d_B0660_p1_norho,PASS,True,True,balanced,p1_history_keep=10,"Actual frozen validation/tuning functions; minimal instance interface, no generator or solver invocation"
2d_B0720_gurobi,PASS,True,True,none,,"Actual frozen validation/tuning functions; minimal instance interface, no generator or solver invocation"
2d_B0720_p1p2,PASS,True,True,balanced,p1_history_keep=10,"Actual frozen validation/tuning functions; minimal instance interface, no generator or solver invocation"
2d_B0720_p1_norho,PASS,True,True,balanced,p1_history_keep=10,"Actual frozen validation/tuning functions; minimal instance interface, no generator or solver invocation"
2d_B0780_gurobi,PASS,True,True,none,,"Actual frozen validation/tuning functions; minimal instance interface, no generator or solver invocation"
2d_B0780_p1p2,PASS,True,True,balanced,p1_history_keep=10,"Actual frozen validation/tuning functions; minimal instance interface, no generator or solver invocation"
2d_B0780_p1_norho,PASS,True,True,balanced,p1_history_keep=10,"Actual frozen validation/tuning functions; minimal instance interface, no generator or solver invocation"
2d_B0840_gurobi,PASS,True,True,none,,"Actual frozen validation/tuning functions; minimal instance interface, no generator or solver invocation"
2d_B0840_p1p2,PASS,True,True,balanced,p1_history_keep=10,"Actual frozen validation/tuning functions; minimal instance interface, no generator or solver invocation"
2d_B0840_p1_norho,PASS,True,True,balanced,p1_history_keep=10,"Actual frozen validation/tuning functions; minimal instance interface, no generator or solver invocation"
2d_B0900_gurobi,PASS,True,True,none,,"Actual frozen validation/tuning functions; minimal instance interface, no generator or solver invocation"
2d_B0900_p1p2,PASS,True,True,balanced,p1_history_keep=10,"Actual frozen validation/tuning functions; minimal instance interface, no generator or solver invocation"
2d_B0900_p1_norho,PASS,True,True,balanced,p1_history_keep=10,"Actual frozen validation/tuning functions; minimal instance interface, no generator or solver invocation"
2d_B0960_gurobi,PASS,True,True,none,,"Actual frozen validation/tuning functions; minimal instance interface, no generator or solver invocation"
2d_B0960_p1p2,PASS,True,True,balanced,p1_history_keep=10,"Actual frozen validation/tuning functions; minimal instance interface, no generator or solver invocation"
2d_B0960_p1_norho,PASS,True,True,balanced,p1_history_keep=10,"Actual frozen validation/tuning functions; minimal instance interface, no generator or solver invocation"
2d_B1020_gurobi,PASS,True,True,none,,"Actual frozen validation/tuning functions; minimal instance interface, no generator or solver invocation"
2d_B1020_p1p2,PASS,True,True,balanced,p1_history_keep=10,"Actual frozen validation/tuning functions; minimal instance interface, no generator or solver invocation"
2d_B1020_p1_norho,PASS,True,True,balanced,p1_history_keep=10,"Actual frozen validation/tuning functions; minimal instance interface, no generator or solver invocation"
2d_B1080_gurobi,PASS,True,True,none,,"Actual frozen validation/tuning functions; minimal instance interface, no generator or solver invocation"
2d_B1080_p1p2,PASS,True,True,balanced,p1_history_keep=10,"Actual frozen validation/tuning functions; minimal instance interface, no generator or solver invocation"
2d_B1080_p1_norho,PASS,True,True,balanced,p1_history_keep=10,"Actual frozen validation/tuning functions; minimal instance interface, no generator or solver invocation"
2d_B1140_gurobi,PASS,True,True,none,,"Actual frozen validation/tuning functions; minimal instance interface, no generator or solver invocation"
2d_B1140_p1p2,PASS,True,True,balanced,p1_history_keep=10,"Actual frozen validation/tuning functions; minimal instance interface, no generator or solver invocation"
2d_B1140_p1_norho,PASS,True,True,balanced,p1_history_keep=10,"Actual frozen validation/tuning functions; minimal instance interface, no generator or solver invocation"
2d_B1200_gurobi,PASS,True,True,none,,"Actual frozen validation/tuning functions; minimal instance interface, no generator or solver invocation"
2d_B1200_p1p2,PASS,True,True,balanced,p1_history_keep=10,"Actual frozen validation/tuning functions; minimal instance interface, no generator or solver invocation"
2d_B1200_p1_norho,PASS,True,True,balanced,p1_history_keep=10,"Actual frozen validation/tuning functions; minimal instance interface, no generator or solver invocation"
2d_B1260_gurobi,PASS,True,True,none,,"Actual frozen validation/tuning functions; minimal instance interface, no generator or solver invocation"
2d_B1260_p1p2,PASS,True,True,balanced,p1_history_keep=10,"Actual frozen validation/tuning functions; minimal instance interface, no generator or solver invocation"
2d_B1260_p1_norho,PASS,True,True,balanced,p1_history_keep=10,"Actual frozen validation/tuning functions; minimal instance interface, no generator or solver invocation"
2d_B1320_gurobi,PASS,True,True,none,,"Actual frozen validation/tuning functions; minimal instance interface, no generator or solver invocation"
2d_B1320_p1p2,PASS,True,True,balanced,p1_history_keep=10,"Actual frozen validation/tuning functions; minimal instance interface, no generator or solver invocation"
2d_B1320_p1_norho,PASS,True,True,balanced,p1_history_keep=10,"Actual frozen validation/tuning functions; minimal instance interface, no generator or solver invocation"
2d_B1380_gurobi,PASS,True,True,none,,"Actual frozen validation/tuning functions; minimal instance interface, no generator or solver invocation"
2d_B1380_p1p2,PASS,True,True,balanced,p1_history_keep=10,"Actual frozen validation/tuning functions; minimal instance interface, no generator or solver invocation"
2d_B1380_p1_norho,PASS,True,True,balanced,p1_history_keep=10,"Actual frozen validation/tuning functions; minimal instance interface, no generator or solver invocation"
2d_B1440_gurobi,PASS,True,True,none,,"Actual frozen validation/tuning functions; minimal instance interface, no generator or solver invocation"
2d_B1440_p1p2,PASS,True,True,balanced,p1_history_keep=10,"Actual frozen validation/tuning functions; minimal instance interface, no generator or solver invocation"
2d_B1440_p1_norho,PASS,True,True,balanced,p1_history_keep=10,"Actual frozen validation/tuning functions; minimal instance interface, no generator or solver invocation"
3d_R01_gurobi,PASS,True,True,none,,"Actual frozen validation/tuning functions; minimal instance interface, no generator or solver invocation"
3d_R01_p2,PASS,True,True,none,,"Actual frozen validation/tuning functions; minimal instance interface, no generator or solver invocation"
3d_R01_p1,PASS,True,True,balanced,p1_history_keep=10,"Actual frozen validation/tuning functions; minimal instance interface, no generator or solver invocation"
3d_R01_p1_norho,PASS,True,True,balanced,p1_history_keep=10,"Actual frozen validation/tuning functions; minimal instance interface, no generator or solver invocation"
3d_R02_gurobi,PASS,True,True,none,,"Actual frozen validation/tuning functions; minimal instance interface, no generator or solver invocation"
3d_R02_p2,PASS,True,True,none,,"Actual frozen validation/tuning functions; minimal instance interface, no generator or solver invocation"
3d_R02_p1,PASS,True,True,balanced,p1_history_keep=10,"Actual frozen validation/tuning functions; minimal instance interface, no generator or solver invocation"
3d_R02_p1_norho,PASS,True,True,balanced,p1_history_keep=10,"Actual frozen validation/tuning functions; minimal instance interface, no generator or solver invocation"
3d_R03_gurobi,PASS,True,True,none,,"Actual frozen validation/tuning functions; minimal instance interface, no generator or solver invocation"
3d_R03_p2,PASS,True,True,none,,"Actual frozen validation/tuning functions; minimal instance interface, no generator or solver invocation"
3d_R03_p1,PASS,True,True,balanced,p1_history_keep=10,"Actual frozen validation/tuning functions; minimal instance interface, no generator or solver invocation"
3d_R03_p1_norho,PASS,True,True,balanced,p1_history_keep=10,"Actual frozen validation/tuning functions; minimal instance interface, no generator or solver invocation"
3d_R04_gurobi,PASS,True,True,none,,"Actual frozen validation/tuning functions; minimal instance interface, no generator or solver invocation"
3d_R04_p2,PASS,True,True,none,,"Actual frozen validation/tuning functions; minimal instance interface, no generator or solver invocation"
3d_R04_p1,PASS,True,True,balanced,p1_history_keep=10,"Actual frozen validation/tuning functions; minimal instance interface, no generator or solver invocation"
3d_R04_p1_norho,PASS,True,True,balanced,p1_history_keep=10,"Actual frozen validation/tuning functions; minimal instance interface, no generator or solver invocation"
3d_R05_gurobi,PASS,True,True,none,,"Actual frozen validation/tuning functions; minimal instance interface, no generator or solver invocation"
3d_R05_p2,PASS,True,True,none,,"Actual frozen validation/tuning functions; minimal instance interface, no generator or solver invocation"
3d_R05_p1,PASS,True,True,balanced,p1_history_keep=10,"Actual frozen validation/tuning functions; minimal instance interface, no generator or solver invocation"
3d_R05_p1_norho,PASS,True,True,balanced,p1_history_keep=10,"Actual frozen validation/tuning functions; minimal instance interface, no generator or solver invocation"
3d_R06_gurobi,PASS,True,True,none,,"Actual frozen validation/tuning functions; minimal instance interface, no generator or solver invocation"
3d_R06_p2,PASS,True,True,none,,"Actual frozen validation/tuning functions; minimal instance interface, no generator or solver invocation"
3d_R06_p1,PASS,True,True,balanced,p1_history_keep=10,"Actual frozen validation/tuning functions; minimal instance interface, no generator or solver invocation"
3d_R06_p1_norho,PASS,True,True,balanced,p1_history_keep=10,"Actual frozen validation/tuning functions; minimal instance interface, no generator or solver invocation"
3d_R07_gurobi,PASS,True,True,none,,"Actual frozen validation/tuning functions; minimal instance interface, no generator or solver invocation"
3d_R07_p2,PASS,True,True,none,,"Actual frozen validation/tuning functions; minimal instance interface, no generator or solver invocation"
3d_R07_p1,PASS,True,True,balanced,p1_history_keep=10,"Actual frozen validation/tuning functions; minimal instance interface, no generator or solver invocation"
3d_R07_p1_norho,PASS,True,True,balanced,p1_history_keep=10,"Actual frozen validation/tuning functions; minimal instance interface, no generator or solver invocation"
3d_R08_gurobi,PASS,True,True,none,,"Actual frozen validation/tuning functions; minimal instance interface, no generator or solver invocation"
3d_R08_p2,PASS,True,True,none,,"Actual frozen validation/tuning functions; minimal instance interface, no generator or solver invocation"
3d_R08_p1,PASS,True,True,balanced,p1_history_keep=10,"Actual frozen validation/tuning functions; minimal instance interface, no generator or solver invocation"
3d_R08_p1_norho,PASS,True,True,balanced,p1_history_keep=10,"Actual frozen validation/tuning functions; minimal instance interface, no generator or solver invocation"
3d_R09_gurobi,PASS,True,True,none,,"Actual frozen validation/tuning functions; minimal instance interface, no generator or solver invocation"
3d_R09_p2,PASS,True,True,none,,"Actual frozen validation/tuning functions; minimal instance interface, no generator or solver invocation"
3d_R09_p1,PASS,True,True,balanced,p1_history_keep=10,"Actual frozen validation/tuning functions; minimal instance interface, no generator or solver invocation"
3d_R09_p1_norho,PASS,True,True,balanced,p1_history_keep=10,"Actual frozen validation/tuning functions; minimal instance interface, no generator or solver invocation"
3d_R10_gurobi,PASS,True,True,none,,"Actual frozen validation/tuning functions; minimal instance interface, no generator or solver invocation"
3d_R10_p2,PASS,True,True,none,,"Actual frozen validation/tuning functions; minimal instance interface, no generator or solver invocation"
3d_R10_p1,PASS,True,True,balanced,p1_history_keep=10,"Actual frozen validation/tuning functions; minimal instance interface, no generator or solver invocation"
3d_R10_p1_norho,PASS,True,True,balanced,p1_history_keep=10,"Actual frozen validation/tuning functions; minimal instance interface, no generator or solver invocation"
3d_R11_gurobi,PASS,True,True,none,,"Actual frozen validation/tuning functions; minimal instance interface, no generator or solver invocation"
3d_R11_p2,PASS,True,True,none,,"Actual frozen validation/tuning functions; minimal instance interface, no generator or solver invocation"
3d_R11_p1,PASS,True,True,balanced,p1_history_keep=10,"Actual frozen validation/tuning functions; minimal instance interface, no generator or solver invocation"
3d_R11_p1_norho,PASS,True,True,balanced,p1_history_keep=10,"Actual frozen validation/tuning functions; minimal instance interface, no generator or solver invocation"
3d_R12_gurobi,PASS,True,True,none,,"Actual frozen validation/tuning functions; minimal instance interface, no generator or solver invocation"
3d_R12_p2,PASS,True,True,none,,"Actual frozen validation/tuning functions; minimal instance interface, no generator or solver invocation"
3d_R12_p1,PASS,True,True,balanced,p1_history_keep=10,"Actual frozen validation/tuning functions; minimal instance interface, no generator or solver invocation"
3d_R12_p1_norho,PASS,True,True,balanced,p1_history_keep=10,"Actual frozen validation/tuning functions; minimal instance interface, no generator or solver invocation"
3d_R13_gurobi,PASS,True,True,none,,"Actual frozen validation/tuning functions; minimal instance interface, no generator or solver invocation"
3d_R13_p2,PASS,True,True,none,,"Actual frozen validation/tuning functions; minimal instance interface, no generator or solver invocation"
3d_R13_p1,PASS,True,True,balanced,p1_history_keep=10,"Actual frozen validation/tuning functions; minimal instance interface, no generator or solver invocation"
3d_R13_p1_norho,PASS,True,True,balanced,p1_history_keep=10,"Actual frozen validation/tuning functions; minimal instance interface, no generator or solver invocation"
3d_R14_gurobi,PASS,True,True,none,,"Actual frozen validation/tuning functions; minimal instance interface, no generator or solver invocation"
3d_R14_p2,PASS,True,True,none,,"Actual frozen validation/tuning functions; minimal instance interface, no generator or solver invocation"
3d_R14_p1,PASS,True,True,balanced,p1_history_keep=10,"Actual frozen validation/tuning functions; minimal instance interface, no generator or solver invocation"
3d_R14_p1_norho,PASS,True,True,balanced,p1_history_keep=10,"Actual frozen validation/tuning functions; minimal instance interface, no generator or solver invocation"
3d_R15_gurobi,PASS,True,True,none,,"Actual frozen validation/tuning functions; minimal instance interface, no generator or solver invocation"
3d_R15_p2,PASS,True,True,none,,"Actual frozen validation/tuning functions; minimal instance interface, no generator or solver invocation"
3d_R15_p1,PASS,True,True,balanced,p1_history_keep=10,"Actual frozen validation/tuning functions; minimal instance interface, no generator or solver invocation"
3d_R15_p1_norho,PASS,True,True,balanced,p1_history_keep=10,"Actual frozen validation/tuning functions; minimal instance interface, no generator or solver invocation"
3d_R16_gurobi,PASS,True,True,none,,"Actual frozen validation/tuning functions; minimal instance interface, no generator or solver invocation"
3d_R16_p2,PASS,True,True,none,,"Actual frozen validation/tuning functions; minimal instance interface, no generator or solver invocation"
3d_R16_p1,PASS,True,True,balanced,p1_history_keep=10,"Actual frozen validation/tuning functions; minimal instance interface, no generator or solver invocation"
3d_R16_p1_norho,PASS,True,True,balanced,p1_history_keep=10,"Actual frozen validation/tuning functions; minimal instance interface, no generator or solver invocation"
3d_R17_gurobi,PASS,True,True,none,,"Actual frozen validation/tuning functions; minimal instance interface, no generator or solver invocation"
3d_R17_p2,PASS,True,True,none,,"Actual frozen validation/tuning functions; minimal instance interface, no generator or solver invocation"
3d_R17_p1,PASS,True,True,balanced,p1_history_keep=10,"Actual frozen validation/tuning functions; minimal instance interface, no generator or solver invocation"
3d_R17_p1_norho,PASS,True,True,balanced,p1_history_keep=10,"Actual frozen validation/tuning functions; minimal instance interface, no generator or solver invocation"
3d_R18_gurobi,PASS,True,True,none,,"Actual frozen validation/tuning functions; minimal instance interface, no generator or solver invocation"
3d_R18_p2,PASS,True,True,none,,"Actual frozen validation/tuning functions; minimal instance interface, no generator or solver invocation"
3d_R18_p1,PASS,True,True,balanced,p1_history_keep=10,"Actual frozen validation/tuning functions; minimal instance interface, no generator or solver invocation"
3d_R18_p1_norho,PASS,True,True,balanced,p1_history_keep=10,"Actual frozen validation/tuning functions; minimal instance interface, no generator or solver invocation"
3d_R19_gurobi,PASS,True,True,none,,"Actual frozen validation/tuning functions; minimal instance interface, no generator or solver invocation"
3d_R19_p2,PASS,True,True,none,,"Actual frozen validation/tuning functions; minimal instance interface, no generator or solver invocation"
3d_R19_p1,PASS,True,True,balanced,p1_history_keep=10,"Actual frozen validation/tuning functions; minimal instance interface, no generator or solver invocation"
3d_R19_p1_norho,PASS,True,True,balanced,p1_history_keep=10,"Actual frozen validation/tuning functions; minimal instance interface, no generator or solver invocation"
3d_R20_gurobi,PASS,True,True,none,,"Actual frozen validation/tuning functions; minimal instance interface, no generator or solver invocation"
3d_R20_p2,PASS,True,True,none,,"Actual frozen validation/tuning functions; minimal instance interface, no generator or solver invocation"
3d_R20_p1,PASS,True,True,balanced,p1_history_keep=10,"Actual frozen validation/tuning functions; minimal instance interface, no generator or solver invocation"
3d_R20_p1_norho,PASS,True,True,balanced,p1_history_keep=10,"Actual frozen validation/tuning functions; minimal instance interface, no generator or solver invocation"
