job_id,source_config,source_config_sha256,source_manifest,source_manifest_sha256,payload_sha256,source_output_directory
2d_B0300_gurobi,仿真文件(1).zip!/仿真文件/Study1_2D_Scaling.zip!/Study1_2D_Scaling/B0300/Gurobi/config.json,79b2d923c51d65853b998ae5b1ed309da4abedb8540146b80bc8aa1cdc8cab78,仿真文件(1).zip!/仿真文件/Study1_2D_Scaling.zip!/Study1_2D_Scaling/B0300/Gurobi/instance_manifest.json,cdb7e5d127aa304ebf112d7b76b07791e287c94c724dde2f1a043d4af37dbf84,cb688fd284029ecd164a0d0d682257359d6d49c35b50f13b41a6f694501b66fc,B0300/Gurobi
2d_B0300_p1p2,仿真文件(1).zip!/仿真文件/Study1_2D_Scaling.zip!/Study1_2D_Scaling/B0300/SCP-ALM_and_RD-ALM/config.json,3897a6f20d3a593b6eba43c61cd93912566af600319e77aad8657ac83e4752aa,仿真文件(1).zip!/仿真文件/Study1_2D_Scaling.zip!/Study1_2D_Scaling/B0300/SCP-ALM_and_RD-ALM/instance_manifest.json,6fab315d8902df65c05ec78c9d15af821f7d020b3378b2cfbcb5065f27f4f12f,cb688fd284029ecd164a0d0d682257359d6d49c35b50f13b41a6f694501b66fc,B0300/SCP-ALM_and_RD-ALM
2d_B0300_p1_norho,仿真文件(1).zip!/仿真文件/Study1_2D_Scaling.zip!/Study1_2D_Scaling/B0300/SCP-LR/config.json,8a89cf60678f8c203eec403f29b65c8c50ef320160a2ff5d5a9e302e31d088ff,仿真文件(1).zip!/仿真文件/Study1_2D_Scaling.zip!/Study1_2D_Scaling/B0300/SCP-LR/instance_manifest.json,7a93ac14a4bfe8f387dd6ba3ed2bde4c841855dd261a0a77d17f0101cc291b49,cb688fd284029ecd164a0d0d682257359d6d49c35b50f13b41a6f694501b66fc,B0300/SCP-LR
2d_B0360_gurobi,仿真文件(1).zip!/仿真文件/Study1_2D_Scaling.zip!/Study1_2D_Scaling/B0360/Gurobi/config.json,fb8dfcdd7637bad25c78b115f862f12ab3d7270365e01e2bb87c313bc824a6ac,仿真文件(1).zip!/仿真文件/Study1_2D_Scaling.zip!/Study1_2D_Scaling/B0360/Gurobi/instance_manifest.json,5a50d7eef94b6db4388faf18d3db2d7275807ca5a39719f3399355f990323cf6,e42c3d4d4b9951cb8a293ab26890559c9c3a032abb5c51a65a9ce9420c6a65aa,B0360/Gurobi
2d_B0360_p1p2,仿真文件(1).zip!/仿真文件/Study1_2D_Scaling.zip!/Study1_2D_Scaling/B0360/SCP-ALM_and_RD-ALM/config.json,909a0c8292d87fb6f92d1daa0fb82e92f521c52cf3370a7ce79c90bae3efec7c,仿真文件(1).zip!/仿真文件/Study1_2D_Scaling.zip!/Study1_2D_Scaling/B0360/SCP-ALM_and_RD-ALM/instance_manifest.json,cb692066ba8a8f0000ae6f20507a4177a2429e1f876ad5499b36fab013310ced,e42c3d4d4b9951cb8a293ab26890559c9c3a032abb5c51a65a9ce9420c6a65aa,B0360/SCP-ALM_and_RD-ALM
2d_B0360_p1_norho,仿真文件(1).zip!/仿真文件/Study1_2D_Scaling.zip!/Study1_2D_Scaling/B0360/SCP-LR/config.json,fc3abcbf64d22f7727755ed164fffc173cd40d125f68e913059f06fd49014cca,仿真文件(1).zip!/仿真文件/Study1_2D_Scaling.zip!/Study1_2D_Scaling/B0360/SCP-LR/instance_manifest.json,b67801bf9ef2cd5f49ab821bf3f1ad0f7a7aac6de882845c43d6c8ec6e2ba6fa,e42c3d4d4b9951cb8a293ab26890559c9c3a032abb5c51a65a9ce9420c6a65aa,B0360/SCP-LR
2d_B0420_gurobi,仿真文件(1).zip!/仿真文件/Study1_2D_Scaling.zip!/Study1_2D_Scaling/B0420/Gurobi/config.json,9c72fa6101fb6146825460a8d64a12ac1d82025ec5446ff86f22695f884e2c61,仿真文件(1).zip!/仿真文件/Study1_2D_Scaling.zip!/Study1_2D_Scaling/B0420/Gurobi/instance_manifest.json,de195d9a6d793b67343c60b33bbcf0134b9ff23a3bfc11c21990740b28b12eff,7b8cc27f35a36877f552b4ab3cb0e3aa59a4448671bb01abe9ee2614b0918a27,B0420/Gurobi
2d_B0420_p1p2,仿真文件(1).zip!/仿真文件/Study1_2D_Scaling.zip!/Study1_2D_Scaling/B0420/SCP-ALM_and_RD-ALM/config.json,f492bce5b4af3fe5103b1c995a313d90084d3fba000511daf0146743234a0250,仿真文件(1).zip!/仿真文件/Study1_2D_Scaling.zip!/Study1_2D_Scaling/B0420/SCP-ALM_and_RD-ALM/instance_manifest.json,805e1b19ac2bb59913aa9d971e7eacce3cbc906d1db4dcacc1b9e672a418e689,7b8cc27f35a36877f552b4ab3cb0e3aa59a4448671bb01abe9ee2614b0918a27,B0420/SCP-ALM_and_RD-ALM
2d_B0420_p1_norho,仿真文件(1).zip!/仿真文件/Study1_2D_Scaling.zip!/Study1_2D_Scaling/B0420/SCP-LR/config.json,b57a02f0a775b9fecca86507e5126ad5124407b7b1132fd4dc8048cdd9fa5175,仿真文件(1).zip!/仿真文件/Study1_2D_Scaling.zip!/Study1_2D_Scaling/B0420/SCP-LR/instance_manifest.json,8255832cb737946ecca54357e991ba997f62d95523a43d11763fe115684b4a70,7b8cc27f35a36877f552b4ab3cb0e3aa59a4448671bb01abe9ee2614b0918a27,B0420/SCP-LR
2d_B0480_gurobi,仿真文件(1).zip!/仿真文件/Study1_2D_Scaling.zip!/Study1_2D_Scaling/B0480/Gurobi/config.json,4cd12c9aa8ac342321d32e049545fdd2472c7d6d995c5862d73e92e057cee8c0,仿真文件(1).zip!/仿真文件/Study1_2D_Scaling.zip!/Study1_2D_Scaling/B0480/Gurobi/instance_manifest.json,e073b9e8f45981c28772071d736e4d22dac3d5c042fa2f532746d08606913dd5,5f2b1d21aae95d90328bb14ce2dac5be5dce41005520d9d7dcd7e7c2c02af144,B0480/Gurobi
2d_B0480_p1p2,仿真文件(1).zip!/仿真文件/Study1_2D_Scaling.zip!/Study1_2D_Scaling/B0480/SCP-ALM_and_RD-ALM/config.json,382d29cf50b7ebff16e544406596e84eb2f980582e0f7f130f168cb3ab0be19c,仿真文件(1).zip!/仿真文件/Study1_2D_Scaling.zip!/Study1_2D_Scaling/B0480/SCP-ALM_and_RD-ALM/instance_manifest.json,7ab3e82bf299b1c311908e04fc550a2f65c5196d5a406e971228f00456b8ee66,5f2b1d21aae95d90328bb14ce2dac5be5dce41005520d9d7dcd7e7c2c02af144,B0480/SCP-ALM_and_RD-ALM
2d_B0480_p1_norho,仿真文件(1).zip!/仿真文件/Study1_2D_Scaling.zip!/Study1_2D_Scaling/B0480/SCP-LR/config.json,09a5bc837ec80ccb590d6f8dd002cd90a8c7402536d96ecc07c5d36a8168a265,仿真文件(1).zip!/仿真文件/Study1_2D_Scaling.zip!/Study1_2D_Scaling/B0480/SCP-LR/instance_manifest.json,b59df1072fb2d33f4c67dd74ba9f71bc90edd0825f5319e09ac8f23abffbb941,5f2b1d21aae95d90328bb14ce2dac5be5dce41005520d9d7dcd7e7c2c02af144,B0480/SCP-LR
2d_B0540_gurobi,仿真文件(1).zip!/仿真文件/Study1_2D_Scaling.zip!/Study1_2D_Scaling/B0540/Gurobi/config.json,0709bc7d16663e1c1fcd78ad5ada672ae42895e3a124bb082ea5537b86b2e5b6,仿真文件(1).zip!/仿真文件/Study1_2D_Scaling.zip!/Study1_2D_Scaling/B0540/Gurobi/instance_manifest.json,a9ba8d9a07c9d2536c04835f6159ee5129ab2b5f94b2765a2c723e8fded24a0b,9ae5236b381cc41a3fa2f45252e1bfbc3e5654f865c9eab14920200cbf4ea781,B0540/Gurobi
2d_B0540_p1p2,仿真文件(1).zip!/仿真文件/Study1_2D_Scaling.zip!/Study1_2D_Scaling/B0540/SCP-ALM_and_RD-ALM/config.json,0c27f71a884426a035393900f2085cc9d378f3dad37d78347ea815b4a26d51c5,仿真文件(1).zip!/仿真文件/Study1_2D_Scaling.zip!/Study1_2D_Scaling/B0540/SCP-ALM_and_RD-ALM/instance_manifest.json,f69dba6f29759efcd8b4b8eace73833156bd43d36de1c921b1c9e8ef4e4a1076,9ae5236b381cc41a3fa2f45252e1bfbc3e5654f865c9eab14920200cbf4ea781,B0540/SCP-ALM_and_RD-ALM
2d_B0540_p1_norho,仿真文件(1).zip!/仿真文件/Study1_2D_Scaling.zip!/Study1_2D_Scaling/B0540/SCP-LR/config.json,d6234ddb17bb7e67c6aa2be275b3f01337363993df457d88469c0b796f960e92,仿真文件(1).zip!/仿真文件/Study1_2D_Scaling.zip!/Study1_2D_Scaling/B0540/SCP-LR/instance_manifest.json,fa99496229c563f969981d602723e363e79b987b4d11a32aea833cb7f170d69d,9ae5236b381cc41a3fa2f45252e1bfbc3e5654f865c9eab14920200cbf4ea781,B0540/SCP-LR
2d_B0600_gurobi,仿真文件(1).zip!/仿真文件/Study1_2D_Scaling.zip!/Study1_2D_Scaling/B0600/Gurobi/config.json,30127f2bcbd5f0177e62a6b957c99e626d142793c07eae982f07699e73378ad6,仿真文件(1).zip!/仿真文件/Study1_2D_Scaling.zip!/Study1_2D_Scaling/B0600/Gurobi/instance_manifest.json,87ae1cfba46ac15aaeeaecabf9c05ea43096f86e18bf727a84dd3b6ff2c90496,c289b726429b49e2a642fb2b1251c7b4d29f72f37ae1232a281a99fb7ea2392f,B0600/Gurobi
2d_B0600_p1p2,仿真文件(1).zip!/仿真文件/Study1_2D_Scaling.zip!/Study1_2D_Scaling/B0600/SCP-ALM_and_RD-ALM/config.json,8c2c7ce8c05cc781eeb2b410cbb787a042eaaf0ece5860257fedebf04c699fe4,仿真文件(1).zip!/仿真文件/Study1_2D_Scaling.zip!/Study1_2D_Scaling/B0600/SCP-ALM_and_RD-ALM/instance_manifest.json,b6218dccee454a7bc9d7d640cde27adb79a8577234914d5986fb581b418c3e35,c289b726429b49e2a642fb2b1251c7b4d29f72f37ae1232a281a99fb7ea2392f,B0600/SCP-ALM_and_RD-ALM
2d_B0600_p1_norho,仿真文件(1).zip!/仿真文件/Study1_2D_Scaling.zip!/Study1_2D_Scaling/B0600/SCP-LR/config.json,8b82647e14c350c1e6cf995cedd2d32fafabf82f376a3e95591e1307a4fb8950,仿真文件(1).zip!/仿真文件/Study1_2D_Scaling.zip!/Study1_2D_Scaling/B0600/SCP-LR/instance_manifest.json,a1f6e498ccaac8530b5e83930b5b475c35725da753f7f5a4b083402c0f4a8c8c,c289b726429b49e2a642fb2b1251c7b4d29f72f37ae1232a281a99fb7ea2392f,B0600/SCP-LR
2d_B0660_gurobi,仿真文件(1).zip!/仿真文件/Study1_2D_Scaling.zip!/Study1_2D_Scaling/B0660/Gurobi/config.json,bf7742ecd2d854cd751810eaabb5f16ee3181ead1ee5439eaad441fa64911911,仿真文件(1).zip!/仿真文件/Study1_2D_Scaling.zip!/Study1_2D_Scaling/B0660/Gurobi/instance_manifest.json,b7fc7240266bcbd2060ef3c457b55bfa9ca14a19503be6ff998ad18e5c1f7a2f,d193a34e84c05a472218813dd06f3df17141773c8884778ecaa29b85b0a69007,B0660/Gurobi
2d_B0660_p1p2,仿真文件(1).zip!/仿真文件/Study1_2D_Scaling.zip!/Study1_2D_Scaling/B0660/SCP-ALM_and_RD-ALM/config.json,586824c36140ba423f236724593f5dc284360c46f763b7d6395ae1ceaacba4f4,仿真文件(1).zip!/仿真文件/Study1_2D_Scaling.zip!/Study1_2D_Scaling/B0660/SCP-ALM_and_RD-ALM/instance_manifest.json,7c745b6206602371a1b8ba558692e1bbf126180cd4fb54d6d505a97e002201b7,d193a34e84c05a472218813dd06f3df17141773c8884778ecaa29b85b0a69007,B0660/SCP-ALM_and_RD-ALM
2d_B0660_p1_norho,仿真文件(1).zip!/仿真文件/Study1_2D_Scaling.zip!/Study1_2D_Scaling/B0660/SCP-LR/config.json,8e252fa0cbb4a6b8e3f2f47dc2e25b92e9d031a4bba094acb8a2ff9ed69e04cb,仿真文件(1).zip!/仿真文件/Study1_2D_Scaling.zip!/Study1_2D_Scaling/B0660/SCP-LR/instance_manifest.json,81df9000ced675a04206a492b94a5e3aece1f792bc6ae4719382fe9b1ab79649,d193a34e84c05a472218813dd06f3df17141773c8884778ecaa29b85b0a69007,B0660/SCP-LR
2d_B0720_gurobi,仿真文件(1).zip!/仿真文件/Study1_2D_Scaling.zip!/Study1_2D_Scaling/B0720/Gurobi/config.json,233602854da193ab1706727083d3d3b7d1cdeb74538984e506630c9abe288309,仿真文件(1).zip!/仿真文件/Study1_2D_Scaling.zip!/Study1_2D_Scaling/B0720/Gurobi/instance_manifest.json,bbd30db1ce6473b4facad2136fe003eb7cd99a913d0a8254a7e8a43908292057,5ccc12e229e39928b34bdd60a763de94c01df659ff0f5a4c42e4b1bfd28bb864,B0720/Gurobi
2d_B0720_p1p2,仿真文件(1).zip!/仿真文件/Study1_2D_Scaling.zip!/Study1_2D_Scaling/B0720/SCP-ALM_and_RD-ALM/config.json,ffeb7336b3ed7b3f9021912f79538dc5997955a58a5dce20d4276c1d56c06b4e,仿真文件(1).zip!/仿真文件/Study1_2D_Scaling.zip!/Study1_2D_Scaling/B0720/SCP-ALM_and_RD-ALM/instance_manifest.json,050f77170a9e6a66082c6d7ed11c2f2be19299bc7729e7d05c4c97d83d20aeda,5ccc12e229e39928b34bdd60a763de94c01df659ff0f5a4c42e4b1bfd28bb864,B0720/SCP-ALM_and_RD-ALM
2d_B0720_p1_norho,仿真文件(1).zip!/仿真文件/Study1_2D_Scaling.zip!/Study1_2D_Scaling/B0720/SCP-LR/config.json,860ec23bcde9e2fd65f24d2a43633bf1e59795544ac63733599b59dabb5ea0a2,仿真文件(1).zip!/仿真文件/Study1_2D_Scaling.zip!/Study1_2D_Scaling/B0720/SCP-LR/instance_manifest.json,76894ac85f33b2e8854d5e94fc4a3a7e2d7a100f0385e11af655349f01e77e36,5ccc12e229e39928b34bdd60a763de94c01df659ff0f5a4c42e4b1bfd28bb864,B0720/SCP-LR
2d_B0780_gurobi,仿真文件(1).zip!/仿真文件/Study1_2D_Scaling.zip!/Study1_2D_Scaling/B0780/Gurobi/config.json,6ef92a642aa2736611013c72da13a405d1b94a901a55adc013124360c261bdd9,仿真文件(1).zip!/仿真文件/Study1_2D_Scaling.zip!/Study1_2D_Scaling/B0780/Gurobi/instance_manifest.json,36945a4b1fa85ede081567dbf0217cb88d231bb277f4ce087c1039c057c57188,86b2a167ffc3bd21f5970bc36fdf428c4a94a0001a8c659e972aa7aca509222b,B0780/Gurobi
2d_B0780_p1p2,仿真文件(1).zip!/仿真文件/Study1_2D_Scaling.zip!/Study1_2D_Scaling/B0780/SCP-ALM_and_RD-ALM/config.json,8999d887a395045b1588e476ed429a05c69ad9001e4a98920071c19d99b75774,仿真文件(1).zip!/仿真文件/Study1_2D_Scaling.zip!/Study1_2D_Scaling/B0780/SCP-ALM_and_RD-ALM/instance_manifest.json,ade3af1cf3367a93411dde9ab8c0ab28a26eeafecd4c03daf0914be1d3af2c3f,86b2a167ffc3bd21f5970bc36fdf428c4a94a0001a8c659e972aa7aca509222b,B0780/SCP-ALM_and_RD-ALM
2d_B0780_p1_norho,仿真文件(1).zip!/仿真文件/Study1_2D_Scaling.zip!/Study1_2D_Scaling/B0780/SCP-LR/config.json,9c6b44565e1441c9b11341cc4ae6b7b54f5374a6bb11f10b4ac07eea8629ce96,仿真文件(1).zip!/仿真文件/Study1_2D_Scaling.zip!/Study1_2D_Scaling/B0780/SCP-LR/instance_manifest.json,bbed42b10cfef8b61470f4f2d03801837be94c3389b97b908bdf34baac546443,86b2a167ffc3bd21f5970bc36fdf428c4a94a0001a8c659e972aa7aca509222b,B0780/SCP-LR
2d_B0840_gurobi,仿真文件(1).zip!/仿真文件/Study1_2D_Scaling.zip!/Study1_2D_Scaling/B0840/Gurobi/config.json,8e2694f88a1c8965a3c30a5740549e445d097fc12dcf960540ae9ca2a4fed49b,仿真文件(1).zip!/仿真文件/Study1_2D_Scaling.zip!/Study1_2D_Scaling/B0840/Gurobi/instance_manifest.json,09dff864a20612071477b63aa26932deda877621896fb0c37db61bd9a70b6a13,702b061bab177443985d55b62e5b3af5f7528779db1f193a6ed12566e864e881,B0840/Gurobi
2d_B0840_p1p2,仿真文件(1).zip!/仿真文件/Study1_2D_Scaling.zip!/Study1_2D_Scaling/B0840/SCP-ALM_and_RD-ALM/config.json,de1df3671046256349c8aed4f1c389553007891afbbbc139a8a353ec43222b9a,仿真文件(1).zip!/仿真文件/Study1_2D_Scaling.zip!/Study1_2D_Scaling/B0840/SCP-ALM_and_RD-ALM/instance_manifest.json,eb665f2a75de9dbe8f253fe6e1b261bc375232b5409ed473b7db31ee96fd4b34,702b061bab177443985d55b62e5b3af5f7528779db1f193a6ed12566e864e881,B0840/SCP-ALM_and_RD-ALM
2d_B0840_p1_norho,仿真文件(1).zip!/仿真文件/Study1_2D_Scaling.zip!/Study1_2D_Scaling/B0840/SCP-LR/config.json,2805a02bf4bf5bace0312d58718c09f50280c02cb91a73f568f9c0d76515a1a8,仿真文件(1).zip!/仿真文件/Study1_2D_Scaling.zip!/Study1_2D_Scaling/B0840/SCP-LR/instance_manifest.json,b44d12ed17e929b131bffb0d1e15919c7fb1af6907f226c37724622111675c5f,702b061bab177443985d55b62e5b3af5f7528779db1f193a6ed12566e864e881,B0840/SCP-LR
2d_B0900_gurobi,仿真文件(1).zip!/仿真文件/Study1_2D_Scaling.zip!/Study1_2D_Scaling/B0900/Gurobi/config.json,561d20dbc65c352cb35eb5138e0f9b17bfd8eed2ba56101d5745360f9677afa0,仿真文件(1).zip!/仿真文件/Study1_2D_Scaling.zip!/Study1_2D_Scaling/B0900/Gurobi/instance_manifest.json,fef623aed4097292da3f2ef4cc6f380cc07ee7abbb87baecfe9c008fb172746e,e45576bbb5d0caced9c80b96068c19b35cad0af77bf97bd7c870f019f849e937,B0900/Gurobi
2d_B0900_p1p2,仿真文件(1).zip!/仿真文件/Study1_2D_Scaling.zip!/Study1_2D_Scaling/B0900/SCP-ALM_and_RD-ALM/config.json,75042de954a803b6d00b20e3142afe73cfad084c1d48439276409a945815321d,仿真文件(1).zip!/仿真文件/Study1_2D_Scaling.zip!/Study1_2D_Scaling/B0900/SCP-ALM_and_RD-ALM/instance_manifest.json,086eaf035db4d9b28d2b65fee91484afdae0acf058ed8fcd006579fe00fd082c,e45576bbb5d0caced9c80b96068c19b35cad0af77bf97bd7c870f019f849e937,B0900/SCP-ALM_and_RD-ALM
2d_B0900_p1_norho,仿真文件(1).zip!/仿真文件/Study1_2D_Scaling.zip!/Study1_2D_Scaling/B0900/SCP-LR/config.json,8c2a660fdc02982af9dec5b270bb2289b36e1d917bbc2e1209e4e8319b2ca09e,仿真文件(1).zip!/仿真文件/Study1_2D_Scaling.zip!/Study1_2D_Scaling/B0900/SCP-LR/instance_manifest.json,f6822cb2915a43dce7ea57d5350dd37b6a0c2996aeed4dd7b6e7cecec2ccec2a,e45576bbb5d0caced9c80b96068c19b35cad0af77bf97bd7c870f019f849e937,B0900/SCP-LR
2d_B0960_gurobi,仿真文件(1).zip!/仿真文件/Study1_2D_Scaling.zip!/Study1_2D_Scaling/B0960/Gurobi/config.json,ff9ff26b8cc831285c719e1759ac96877e4d071c75f77bf025f56f497efc3c97,仿真文件(1).zip!/仿真文件/Study1_2D_Scaling.zip!/Study1_2D_Scaling/B0960/Gurobi/instance_manifest.json,282e8d18e96edbbfe19594d101542fc8880ac981e633e5d7e5eca597e5401ee0,15dc8cb7886f0030ef445bd85d138bc3b2b67a2d2a66d9d48f352f8f464965f0,B0960/Gurobi
2d_B0960_p1p2,仿真文件(1).zip!/仿真文件/Study1_2D_Scaling.zip!/Study1_2D_Scaling/B0960/SCP-ALM_and_RD-ALM/config.json,5f7597f756f153a2d783238a4c7dcfdc2ddf5b7f37b6e5957903d9adeebde6fa,仿真文件(1).zip!/仿真文件/Study1_2D_Scaling.zip!/Study1_2D_Scaling/B0960/SCP-ALM_and_RD-ALM/instance_manifest.json,f9a6b59c2379fb3807103e4e2ae94f578ec340737a0ac7454c4ef76632df1420,15dc8cb7886f0030ef445bd85d138bc3b2b67a2d2a66d9d48f352f8f464965f0,B0960/SCP-ALM_and_RD-ALM
2d_B0960_p1_norho,仿真文件(1).zip!/仿真文件/Study1_2D_Scaling.zip!/Study1_2D_Scaling/B0960/SCP-LR/config.json,59554d63a87c0e76b1cb1073ad01c7df40263f4fefe5c248cb33ad7aaa0cb5ad,仿真文件(1).zip!/仿真文件/Study1_2D_Scaling.zip!/Study1_2D_Scaling/B0960/SCP-LR/instance_manifest.json,5f7e6b1a3986a9d2c26ad092d0a6d49e4dd69dc9bac1fcbb57f3a3df7d57d6a1,15dc8cb7886f0030ef445bd85d138bc3b2b67a2d2a66d9d48f352f8f464965f0,B0960/SCP-LR
2d_B1020_gurobi,仿真文件(1).zip!/仿真文件/Study1_2D_Scaling.zip!/Study1_2D_Scaling/B1020/Gurobi/config.json,4e1fab736df125928e7c8a8229c18111258d3527ccaef48e918e017edf4e4909,仿真文件(1).zip!/仿真文件/Study1_2D_Scaling.zip!/Study1_2D_Scaling/B1020/Gurobi/instance_manifest.json,3a05a52faa3271836591d28f5ec1cd400ad81f2e3ced57b53c27d88322e1524a,83811af91d6c497856d27a6ac44fd1c71f0effb2dd97d61be8213c6cbf679f9b,B1020/Gurobi
2d_B1020_p1p2,仿真文件(1).zip!/仿真文件/Study1_2D_Scaling.zip!/Study1_2D_Scaling/B1020/SCP-ALM_and_RD-ALM/config.json,9254045ba32aa96ab4a0b877a6a87b5a1cca6365fb04e59b11bab9f58d3b9f32,仿真文件(1).zip!/仿真文件/Study1_2D_Scaling.zip!/Study1_2D_Scaling/B1020/SCP-ALM_and_RD-ALM/instance_manifest.json,a00243a23caf6e4417d1978b1e74e46be91cf4752d9a585593407c8751884ba2,83811af91d6c497856d27a6ac44fd1c71f0effb2dd97d61be8213c6cbf679f9b,B1020/SCP-ALM_and_RD-ALM
2d_B1020_p1_norho,仿真文件(1).zip!/仿真文件/Study1_2D_Scaling.zip!/Study1_2D_Scaling/B1020/SCP-LR/config.json,a153d85d22c14f8f2f23ba632ba5f0dac43063ab285466a1b47dddbd83f647da,仿真文件(1).zip!/仿真文件/Study1_2D_Scaling.zip!/Study1_2D_Scaling/B1020/SCP-LR/instance_manifest.json,f11836472830da77dd0537243f3cedc24c1ab223cbd87356253c7999024929aa,83811af91d6c497856d27a6ac44fd1c71f0effb2dd97d61be8213c6cbf679f9b,B1020/SCP-LR
2d_B1080_gurobi,仿真文件(1).zip!/仿真文件/Study1_2D_Scaling.zip!/Study1_2D_Scaling/B1080/Gurobi/config.json,199f6f71b28d873af13391d7c15620f89ca6b44e7efbeac1bbea335d6753be6b,仿真文件(1).zip!/仿真文件/Study1_2D_Scaling.zip!/Study1_2D_Scaling/B1080/Gurobi/instance_manifest.json,7e1079d4092e14c6900dd2fb97028a7584be5f8435806b9af832344ec8bae59e,02502eb0aa0db0a6e92e4a1adb93f4201691397ef8aaba6e55c9729f05f470cf,B1080/Gurobi
2d_B1080_p1p2,仿真文件(1).zip!/仿真文件/Study1_2D_Scaling.zip!/Study1_2D_Scaling/B1080/SCP-ALM_and_RD-ALM/config.json,94e86238f0f9fbf7613f4645e04f2946e7639bd8d74ed31a5164e240f6fe5744,仿真文件(1).zip!/仿真文件/Study1_2D_Scaling.zip!/Study1_2D_Scaling/B1080/SCP-ALM_and_RD-ALM/instance_manifest.json,77cc48ce6cb85364110286e82bd82a22a0711982c7cccfaeac57881f103a2098,02502eb0aa0db0a6e92e4a1adb93f4201691397ef8aaba6e55c9729f05f470cf,B1080/SCP-ALM_and_RD-ALM
2d_B1080_p1_norho,仿真文件(1).zip!/仿真文件/Study1_2D_Scaling.zip!/Study1_2D_Scaling/B1080/SCP-LR/config.json,ce08dd2771427d9e0f089063e6fb54ba46a14089fc495bedb328ed7a8220bb99,仿真文件(1).zip!/仿真文件/Study1_2D_Scaling.zip!/Study1_2D_Scaling/B1080/SCP-LR/instance_manifest.json,2a2e13f60cc656e112fa5c0db18989d26d1fcc311010a25e16b7724e52588d42,02502eb0aa0db0a6e92e4a1adb93f4201691397ef8aaba6e55c9729f05f470cf,B1080/SCP-LR
2d_B1140_gurobi,仿真文件(1).zip!/仿真文件/Study1_2D_Scaling.zip!/Study1_2D_Scaling/B1140/Gurobi/config.json,b52891057efb606f58d682381f0937bedab325b26c8ef4fef72e44584378ea2f,仿真文件(1).zip!/仿真文件/Study1_2D_Scaling.zip!/Study1_2D_Scaling/B1140/Gurobi/instance_manifest.json,140a18ecf954b5fad0b18b8d66a4aee85e9dd54ae3262b7d0bf57f0ea37b8b45,fc96e7f9951a3834077941e903a373c803a946422e236f0664202695531921e1,B1140/Gurobi
2d_B1140_p1p2,仿真文件(1).zip!/仿真文件/Study1_2D_Scaling.zip!/Study1_2D_Scaling/B1140/SCP-ALM_and_RD-ALM/config.json,f096a44847c84979d544e2019d3bf6cf13953bdf1fb160d14a625cd83a3e2fe1,仿真文件(1).zip!/仿真文件/Study1_2D_Scaling.zip!/Study1_2D_Scaling/B1140/SCP-ALM_and_RD-ALM/instance_manifest.json,87d1f76d985f8a914d8b89001bc6f6464147e32075699db2e9dd5d1e7ae6a557,fc96e7f9951a3834077941e903a373c803a946422e236f0664202695531921e1,B1140/SCP-ALM_and_RD-ALM
2d_B1140_p1_norho,仿真文件(1).zip!/仿真文件/Study1_2D_Scaling.zip!/Study1_2D_Scaling/B1140/SCP-LR/config.json,1553f9a6d30884f97a1788fe74f3293df39ee6026a8c2c5f1e6d785f0c1cd515,仿真文件(1).zip!/仿真文件/Study1_2D_Scaling.zip!/Study1_2D_Scaling/B1140/SCP-LR/instance_manifest.json,541f58cd4b984b17e0401cc4f09f77c24cd3897bf703cda46ad8b68e41a2b708,fc96e7f9951a3834077941e903a373c803a946422e236f0664202695531921e1,B1140/SCP-LR
2d_B1200_gurobi,仿真文件(1).zip!/仿真文件/Study1_2D_Scaling.zip!/Study1_2D_Scaling/B1200/Gurobi/config.json,7f542888c7f9a7913424d239a5ecff6a87edc03f383390a17e2ecc7cc5b268ad,仿真文件(1).zip!/仿真文件/Study1_2D_Scaling.zip!/Study1_2D_Scaling/B1200/Gurobi/instance_manifest.json,4c487045dbc49a82d09781f47f07f3d3bbb79b86c4ae1a65ee48564d22250d46,b39c5eb505467f3389e04f0dfb30cbab16c2b37142168a856e1c9259f7137f74,B1200/Gurobi
2d_B1200_p1p2,仿真文件(1).zip!/仿真文件/Study1_2D_Scaling.zip!/Study1_2D_Scaling/B1200/SCP-ALM_and_RD-ALM/config.json,720768d0cbea470a97b88be90ed0eeed750b07da8a6b18f45ff5030e1bf6d102,仿真文件(1).zip!/仿真文件/Study1_2D_Scaling.zip!/Study1_2D_Scaling/B1200/SCP-ALM_and_RD-ALM/instance_manifest.json,fb2c93f8ca33b154d79919c295e8e88f71e8d9db8c2b2cb6c4a686f90bcccdf3,b39c5eb505467f3389e04f0dfb30cbab16c2b37142168a856e1c9259f7137f74,B1200/SCP-ALM_and_RD-ALM
2d_B1200_p1_norho,仿真文件(1).zip!/仿真文件/Study1_2D_Scaling.zip!/Study1_2D_Scaling/B1200/SCP-LR/config.json,05cd4feae5c27e04686e0987f6c230fe161a23d277c32b9bda9ebfe56c00f346,仿真文件(1).zip!/仿真文件/Study1_2D_Scaling.zip!/Study1_2D_Scaling/B1200/SCP-LR/instance_manifest.json,3975f9aeb95ed12b1961a75c2ae281889e51d2208fa58554f8a95037f32bea2a,b39c5eb505467f3389e04f0dfb30cbab16c2b37142168a856e1c9259f7137f74,B1200/SCP-LR
2d_B1260_gurobi,仿真文件(1).zip!/仿真文件/Study1_2D_Scaling.zip!/Study1_2D_Scaling/B1260/Gurobi/config.json,27193629e1519747b58198af683bacd4d494b96dafcabd81e51569d027901205,仿真文件(1).zip!/仿真文件/Study1_2D_Scaling.zip!/Study1_2D_Scaling/B1260/Gurobi/instance_manifest.json,d768742013e8463f1d2679c85c4e49d58645556e765d2c64290d81fbf3406aa6,3ff100925c66664ddcd7c0377007ad28a2a89ff114702cab59746505068a4d6a,B1260/Gurobi
2d_B1260_p1p2,仿真文件(1).zip!/仿真文件/Study1_2D_Scaling.zip!/Study1_2D_Scaling/B1260/SCP-ALM_and_RD-ALM/config.json,8aa549182dc0401b8a6867e9f217001c3a2febe611c11ace6421a391382d7a5a,仿真文件(1).zip!/仿真文件/Study1_2D_Scaling.zip!/Study1_2D_Scaling/B1260/SCP-ALM_and_RD-ALM/instance_manifest.json,3bd1b4e4d660187d88686ddef078de6d26bc97de24c4137848d728a01aadfd11,3ff100925c66664ddcd7c0377007ad28a2a89ff114702cab59746505068a4d6a,B1260/SCP-ALM_and_RD-ALM
2d_B1260_p1_norho,仿真文件(1).zip!/仿真文件/Study1_2D_Scaling.zip!/Study1_2D_Scaling/B1260/SCP-LR/config.json,c9a7c82f4b688d5253a0db1b1d0aff8a79b943eebc6e5dc295cc4afdf883ecdb,仿真文件(1).zip!/仿真文件/Study1_2D_Scaling.zip!/Study1_2D_Scaling/B1260/SCP-LR/instance_manifest.json,cd86cd4db19adaa4f09df26e25c2a9941e71bc300f2b8cdad06699e699641d74,3ff100925c66664ddcd7c0377007ad28a2a89ff114702cab59746505068a4d6a,B1260/SCP-LR
2d_B1320_gurobi,仿真文件(1).zip!/仿真文件/Study1_2D_Scaling.zip!/Study1_2D_Scaling/B1320/Gurobi/config.json,35af5b4f20933ee30bf45d21fe833a1ca9df6a817d9bf5b6d84affd34be113c9,仿真文件(1).zip!/仿真文件/Study1_2D_Scaling.zip!/Study1_2D_Scaling/B1320/Gurobi/instance_manifest.json,d7323c282d403de7877964c7ac0f1c3cadc06dc04878c323ac5b926ea02717d2,9acd39e6d44abe700436c417e0a96872d1de765f343a06ed9c994ab11ef45d5d,B1320/Gurobi
2d_B1320_p1p2,仿真文件(1).zip!/仿真文件/Study1_2D_Scaling.zip!/Study1_2D_Scaling/B1320/SCP-ALM_and_RD-ALM/config.json,423f32848da5aa91ca5e5a0069dcb3436dea70bd9af6248f8317ca8ed430f82b,仿真文件(1).zip!/仿真文件/Study1_2D_Scaling.zip!/Study1_2D_Scaling/B1320/SCP-ALM_and_RD-ALM/instance_manifest.json,e1db56c518879fdb6885a8a87d22e6100feea2aa835455ea85bfa6d491d02719,9acd39e6d44abe700436c417e0a96872d1de765f343a06ed9c994ab11ef45d5d,B1320/SCP-ALM_and_RD-ALM
2d_B1320_p1_norho,仿真文件(1).zip!/仿真文件/Study1_2D_Scaling.zip!/Study1_2D_Scaling/B1320/SCP-LR/config.json,15a475e4b1c1fe2c766c794bd8ccefe596f2d83dc6ff3fcd1a9f3f9f314fad57,仿真文件(1).zip!/仿真文件/Study1_2D_Scaling.zip!/Study1_2D_Scaling/B1320/SCP-LR/instance_manifest.json,d36e0e0031d56f1e19e24871d8598f5d05756b8c7976f47ddd392abd16bb41c6,9acd39e6d44abe700436c417e0a96872d1de765f343a06ed9c994ab11ef45d5d,B1320/SCP-LR
2d_B1380_gurobi,仿真文件(1).zip!/仿真文件/Study1_2D_Scaling.zip!/Study1_2D_Scaling/B1380/Gurobi/config.json,41afba7ef6c241daf0e88f07e372b42086ad0ddf38aa8f95900b2c6a91b20fd0,仿真文件(1).zip!/仿真文件/Study1_2D_Scaling.zip!/Study1_2D_Scaling/B1380/Gurobi/instance_manifest.json,d3425d55c828656f02963e38c9e369132520a74b1badf0d9182e732e30256baa,f9782994d19ad056dac4c681344952aaa75934339d59f984339e3988459072f7,B1380/Gurobi
2d_B1380_p1p2,仿真文件(1).zip!/仿真文件/Study1_2D_Scaling.zip!/Study1_2D_Scaling/B1380/SCP-ALM_and_RD-ALM/config.json,11a55f8d8f654facbd2dbb271e5091b46a2d5410b2058c69443a691c67767d00,仿真文件(1).zip!/仿真文件/Study1_2D_Scaling.zip!/Study1_2D_Scaling/B1380/SCP-ALM_and_RD-ALM/instance_manifest.json,a49d100e6464dc8b573337cb9895899785ca249bc3145957ddcee8d9f4527086,f9782994d19ad056dac4c681344952aaa75934339d59f984339e3988459072f7,B1380/SCP-ALM_and_RD-ALM
2d_B1380_p1_norho,仿真文件(1).zip!/仿真文件/Study1_2D_Scaling.zip!/Study1_2D_Scaling/B1380/SCP-LR/config.json,d94264aab3ab1484a329910ee65f73d343a6218fd1fc8a86670211b1e7cb64b6,仿真文件(1).zip!/仿真文件/Study1_2D_Scaling.zip!/Study1_2D_Scaling/B1380/SCP-LR/instance_manifest.json,61289d7b3f2a4fe52374359ace2eb7f43f0317da320945c508c139558675c54d,f9782994d19ad056dac4c681344952aaa75934339d59f984339e3988459072f7,B1380/SCP-LR
2d_B1440_gurobi,仿真文件(1).zip!/仿真文件/Study1_2D_Scaling.zip!/Study1_2D_Scaling/B1440/Gurobi/config.json,caea359402c2fa24d95c98cb619b117d680a42fa9186fceab5b141ce6cbe3815,仿真文件(1).zip!/仿真文件/Study1_2D_Scaling.zip!/Study1_2D_Scaling/B1440/Gurobi/instance_manifest.json,d88a032d6db98df0ace04967d3e33f4352bbf6bd2d8705cc29e72f51f788522a,bb087512b3fced80e991335e3ef4712dcd95408e93dbf02c7b2c73884dd8c3e5,B1440/Gurobi
2d_B1440_p1p2,仿真文件(1).zip!/仿真文件/Study1_2D_Scaling.zip!/Study1_2D_Scaling/B1440/SCP-ALM_and_RD-ALM/config.json,c9b2327973b5ee606bc7199a65e6a6c84a5d9d1b402a614d8f864aa0a044b777,仿真文件(1).zip!/仿真文件/Study1_2D_Scaling.zip!/Study1_2D_Scaling/B1440/SCP-ALM_and_RD-ALM/instance_manifest.json,39041ef233c3222addd80465c467a2994e95a0480106c05fab5528e227733bf7,bb087512b3fced80e991335e3ef4712dcd95408e93dbf02c7b2c73884dd8c3e5,B1440/SCP-ALM_and_RD-ALM
2d_B1440_p1_norho,仿真文件(1).zip!/仿真文件/Study1_2D_Scaling.zip!/Study1_2D_Scaling/B1440/SCP-LR/config.json,cd79ed7979a21694e5e4ec0f26ca66f8bf1d31e3826c2d7bb5279f13f1aa79b3,仿真文件(1).zip!/仿真文件/Study1_2D_Scaling.zip!/Study1_2D_Scaling/B1440/SCP-LR/instance_manifest.json,0a28e40a52ca654db23d7e6382cc88ac1a521768bf660e90c0bb2eb84444b6de,bb087512b3fced80e991335e3ef4712dcd95408e93dbf02c7b2c73884dd8c3e5,B1440/SCP-LR
3d_R01_gurobi,仿真文件(1).zip!/仿真文件/Study2_3D_Difficult.zip!/Study2_3D_Difficult/R01_F08_C39_S813017037/Gurobi/config.json,653331c8141fb66e1d1ce04f5548748efa5e04ea2df8b92871075217a7c8e1ca,仿真文件(1).zip!/仿真文件/Study2_3D_Difficult.zip!/Study2_3D_Difficult/R01_F08_C39_S813017037/Gurobi/instance_manifest.json,cbd86f24749dc585cf63c999b9b3363a4cd40cd5420902d939e123fdb2b560e6,e09882924009749a27450c583934b2142e1ad8503d44c2cc435f602d934c0a4c,R01_F08_C39_S813017037/Gurobi
3d_R01_p2,仿真文件(1).zip!/仿真文件/Study2_3D_Difficult.zip!/Study2_3D_Difficult/R01_F08_C39_S813017037/RD-ALM/config.json,49cecc36cd1671d740645a19f451c08693a9612c4566104b527e61d45e78d7c1,仿真文件(1).zip!/仿真文件/Study2_3D_Difficult.zip!/Study2_3D_Difficult/R01_F08_C39_S813017037/RD-ALM/instance_manifest.json,31ea0292058b125c848490b3a7f8ed41d06e458440d5bc0e03d089163428f954,e09882924009749a27450c583934b2142e1ad8503d44c2cc435f602d934c0a4c,R01_F08_C39_S813017037/RD-ALM
3d_R01_p1,仿真文件(1).zip!/仿真文件/Study2_3D_Difficult.zip!/Study2_3D_Difficult/R01_F08_C39_S813017037/SCP-ALM/config.json,4c75dad2b7e47e076fe4b9aae63257f5f9c2a8a48e3dd9795a92fc5b7216a256,仿真文件(1).zip!/仿真文件/Study2_3D_Difficult.zip!/Study2_3D_Difficult/R01_F08_C39_S813017037/SCP-ALM/instance_manifest.json,cc3e291e50503a90d95e1f1b6b507f64db588bd522db9ef04f213505d64d4e93,e09882924009749a27450c583934b2142e1ad8503d44c2cc435f602d934c0a4c,R01_F08_C39_S813017037/SCP-ALM
3d_R01_p1_norho,仿真文件(1).zip!/仿真文件/Study2_3D_Difficult.zip!/Study2_3D_Difficult/R01_F08_C39_S813017037/SCP-LR/config.json,108682204c536234206fce0d3b761b2b0e1a2f32a2c1216ffb8f6039416f5b84,仿真文件(1).zip!/仿真文件/Study2_3D_Difficult.zip!/Study2_3D_Difficult/R01_F08_C39_S813017037/SCP-LR/instance_manifest.json,233867ad4e399aa57857aaffe8ec4bcdf0e1e5b8ded3978c5a8e761f4adb7e0d,e09882924009749a27450c583934b2142e1ad8503d44c2cc435f602d934c0a4c,R01_F08_C39_S813017037/SCP-LR
3d_R02_gurobi,仿真文件(1).zip!/仿真文件/Study2_3D_Difficult.zip!/Study2_3D_Difficult/R02_F03_C33_S1688352591/Gurobi/config.json,990c84e451922bcbdb94d8e66062f7d55acc7682fde16863e16d97b1f5b74d27,仿真文件(1).zip!/仿真文件/Study2_3D_Difficult.zip!/Study2_3D_Difficult/R02_F03_C33_S1688352591/Gurobi/instance_manifest.json,89607adea99ce1d8f44a010bb76882b70e2f185e6a907e5342383ab83a43d905,bc1b4ed608f5c14b0a51389dcce5319bf5d9405170d60d5c3f18c15ad5337871,R02_F03_C33_S1688352591/Gurobi
3d_R02_p2,仿真文件(1).zip!/仿真文件/Study2_3D_Difficult.zip!/Study2_3D_Difficult/R02_F03_C33_S1688352591/RD-ALM/config.json,849c935680b875377ab783ea9bb4db5cfc93a484442bb06608995573ffedb94f,仿真文件(1).zip!/仿真文件/Study2_3D_Difficult.zip!/Study2_3D_Difficult/R02_F03_C33_S1688352591/RD-ALM/instance_manifest.json,4ddc68598e2fe4cf11ffafa3ab3fec0e689817e8fac5240d3a85f10eda36fb67,bc1b4ed608f5c14b0a51389dcce5319bf5d9405170d60d5c3f18c15ad5337871,R02_F03_C33_S1688352591/RD-ALM
3d_R02_p1,仿真文件(1).zip!/仿真文件/Study2_3D_Difficult.zip!/Study2_3D_Difficult/R02_F03_C33_S1688352591/SCP-ALM/config.json,4021d5e8e0694d0e87b5a500af4b33bb5ad396d386397d9a08965d0d9cbc3abc,仿真文件(1).zip!/仿真文件/Study2_3D_Difficult.zip!/Study2_3D_Difficult/R02_F03_C33_S1688352591/SCP-ALM/instance_manifest.json,a8413a53638ff5a914eaea39d644c61230563c5209d3cb08d949eb0702842bc2,bc1b4ed608f5c14b0a51389dcce5319bf5d9405170d60d5c3f18c15ad5337871,R02_F03_C33_S1688352591/SCP-ALM
3d_R02_p1_norho,仿真文件(1).zip!/仿真文件/Study2_3D_Difficult.zip!/Study2_3D_Difficult/R02_F03_C33_S1688352591/SCP-LR/config.json,3e9c87c3682e030d35375df849c2713da93cbb7682fd3bb00719bc799a8ed05c,仿真文件(1).zip!/仿真文件/Study2_3D_Difficult.zip!/Study2_3D_Difficult/R02_F03_C33_S1688352591/SCP-LR/instance_manifest.json,f9acbba69ac1a2560cc5deb7b3bedd3842f33bd472795203ece3d01b9c70ef6f,bc1b4ed608f5c14b0a51389dcce5319bf5d9405170d60d5c3f18c15ad5337871,R02_F03_C33_S1688352591/SCP-LR
3d_R03_gurobi,仿真文件(1).zip!/仿真文件/Study2_3D_Difficult.zip!/Study2_3D_Difficult/R03_F06_C37_S1177541701/Gurobi/config.json,bbd4ec6d354db1e542b3b9fde099f2062fb63b3237bcbd283633f4bdb3327c28,仿真文件(1).zip!/仿真文件/Study2_3D_Difficult.zip!/Study2_3D_Difficult/R03_F06_C37_S1177541701/Gurobi/instance_manifest.json,1f7e372b13bcc7d923d7c6bb0c45299af14c56e280b78a3cb7c4362e9e3a896e,92552afac3528d727a778f82e68c485b1a288f58183b8859e39dc505babf3573,R03_F06_C37_S1177541701/Gurobi
3d_R03_p2,仿真文件(1).zip!/仿真文件/Study2_3D_Difficult.zip!/Study2_3D_Difficult/R03_F06_C37_S1177541701/RD-ALM/config.json,2d26dcf1af8697a9d0fc8b3086d62b85806ee5b1550aefcbe74e0455f887a95a,仿真文件(1).zip!/仿真文件/Study2_3D_Difficult.zip!/Study2_3D_Difficult/R03_F06_C37_S1177541701/RD-ALM/instance_manifest.json,055c263f7779f8c6b5eccda45c4fbbe340911ba0ea3c9a8a25da2c7b99a9149e,92552afac3528d727a778f82e68c485b1a288f58183b8859e39dc505babf3573,R03_F06_C37_S1177541701/RD-ALM
3d_R03_p1,仿真文件(1).zip!/仿真文件/Study2_3D_Difficult.zip!/Study2_3D_Difficult/R03_F06_C37_S1177541701/SCP-ALM/config.json,70e076fca92dc81ee631b7931a0ac7750cf43b5e4f1ee86908fe5f9eaddb1338,仿真文件(1).zip!/仿真文件/Study2_3D_Difficult.zip!/Study2_3D_Difficult/R03_F06_C37_S1177541701/SCP-ALM/instance_manifest.json,aef99fb047d4f0bd57395c7a4daf6832ec0aca85fa32d94b660db0efcebdc3d8,92552afac3528d727a778f82e68c485b1a288f58183b8859e39dc505babf3573,R03_F06_C37_S1177541701/SCP-ALM
3d_R03_p1_norho,仿真文件(1).zip!/仿真文件/Study2_3D_Difficult.zip!/Study2_3D_Difficult/R03_F06_C37_S1177541701/SCP-LR/config.json,f48e4c6bec34d2cf0eb4ce963b04d0e3dec1056454b22b30ebe2bfe7491e7ae7,仿真文件(1).zip!/仿真文件/Study2_3D_Difficult.zip!/Study2_3D_Difficult/R03_F06_C37_S1177541701/SCP-LR/instance_manifest.json,4a11b43dd408e52e7cf99ec25655327bb2ec728626b15af360911d28ff588938,92552afac3528d727a778f82e68c485b1a288f58183b8859e39dc505babf3573,R03_F06_C37_S1177541701/SCP-LR
3d_R04_gurobi,仿真文件(1).zip!/仿真文件/Study2_3D_Difficult.zip!/Study2_3D_Difficult/R04_F05_C22_S1400951998/Gurobi/config.json,a0bb3538523512447de3eadb80328ed4f0751cd0b49b02738441676de2f60d52,仿真文件(1).zip!/仿真文件/Study2_3D_Difficult.zip!/Study2_3D_Difficult/R04_F05_C22_S1400951998/Gurobi/instance_manifest.json,5969dceca6abfd3377cd0038235062bd3911ec2ad6b7ebdcbeb2c4b9a89ad23c,a072f41263b0f55c7621a57bd21322cc8d5ce6c5907f45eef81bfced2e7a6627,R04_F05_C22_S1400951998/Gurobi
3d_R04_p2,仿真文件(1).zip!/仿真文件/Study2_3D_Difficult.zip!/Study2_3D_Difficult/R04_F05_C22_S1400951998/RD-ALM/config.json,0ef9d13638c0f2a15096937b94b1543ecbabdbc3af3e36fce0d8f531dcc85987,仿真文件(1).zip!/仿真文件/Study2_3D_Difficult.zip!/Study2_3D_Difficult/R04_F05_C22_S1400951998/RD-ALM/instance_manifest.json,8ecfb94bdf30d3ed1b0a9a03fdbb45ad11d6daf7993f86d1bb9e988c975982b5,a072f41263b0f55c7621a57bd21322cc8d5ce6c5907f45eef81bfced2e7a6627,R04_F05_C22_S1400951998/RD-ALM
3d_R04_p1,仿真文件(1).zip!/仿真文件/Study2_3D_Difficult.zip!/Study2_3D_Difficult/R04_F05_C22_S1400951998/SCP-ALM/config.json,9d96612baa6ef4f11fcbd53491f48ccd76bd93ce6976612fc9cfdf133da97076,仿真文件(1).zip!/仿真文件/Study2_3D_Difficult.zip!/Study2_3D_Difficult/R04_F05_C22_S1400951998/SCP-ALM/instance_manifest.json,f45d5e6ab99bda471e72b8af67396fd064cc618d4e19e940c90489087bca0ae9,a072f41263b0f55c7621a57bd21322cc8d5ce6c5907f45eef81bfced2e7a6627,R04_F05_C22_S1400951998/SCP-ALM
3d_R04_p1_norho,仿真文件(1).zip!/仿真文件/Study2_3D_Difficult.zip!/Study2_3D_Difficult/R04_F05_C22_S1400951998/SCP-LR/config.json,87716d87e766078a1169be29ba1f4ed750e026ae2418aca551667cefaaef5454,仿真文件(1).zip!/仿真文件/Study2_3D_Difficult.zip!/Study2_3D_Difficult/R04_F05_C22_S1400951998/SCP-LR/instance_manifest.json,639aa92b155fad2a480b205f1f44a44b28325ea6d629a25fbe5f9ef84cf0b614,a072f41263b0f55c7621a57bd21322cc8d5ce6c5907f45eef81bfced2e7a6627,R04_F05_C22_S1400951998/SCP-LR
3d_R05_gurobi,仿真文件(1).zip!/仿真文件/Study2_3D_Difficult.zip!/Study2_3D_Difficult/R05_F06_C30_S1775975473/Gurobi/config.json,6bfb9baa348597a491f6bc03113b1a832da37c5c3cb472b5328f75688906b986,仿真文件(1).zip!/仿真文件/Study2_3D_Difficult.zip!/Study2_3D_Difficult/R05_F06_C30_S1775975473/Gurobi/instance_manifest.json,2b80094251be5f7e61bc7c59211a656de71059ce4d5a6c264ee5dcb05fd6159e,541b745bdba2a065e187d1a05193b454e5524d789605f46573c343cd8f532e32,R05_F06_C30_S1775975473/Gurobi
3d_R05_p2,仿真文件(1).zip!/仿真文件/Study2_3D_Difficult.zip!/Study2_3D_Difficult/R05_F06_C30_S1775975473/RD-ALM/config.json,a67b6a7e45d196d89c4687d7c651b990fe76265042b16df4452a39da640f258a,仿真文件(1).zip!/仿真文件/Study2_3D_Difficult.zip!/Study2_3D_Difficult/R05_F06_C30_S1775975473/RD-ALM/instance_manifest.json,bbb45a1d443adf9abc289a79bcd52f0c3d9992e804704cfc7b47360bae5f6899,541b745bdba2a065e187d1a05193b454e5524d789605f46573c343cd8f532e32,R05_F06_C30_S1775975473/RD-ALM
3d_R05_p1,仿真文件(1).zip!/仿真文件/Study2_3D_Difficult.zip!/Study2_3D_Difficult/R05_F06_C30_S1775975473/SCP-ALM/config.json,78507710c2af867b8f49e16c923da68cff3d1a315beaa31d30f8ad4a10324ae1,仿真文件(1).zip!/仿真文件/Study2_3D_Difficult.zip!/Study2_3D_Difficult/R05_F06_C30_S1775975473/SCP-ALM/instance_manifest.json,ab6d6477293184831913628e787842f5921df22c96582cca62470d9b39cfcb53,541b745bdba2a065e187d1a05193b454e5524d789605f46573c343cd8f532e32,R05_F06_C30_S1775975473/SCP-ALM
3d_R05_p1_norho,仿真文件(1).zip!/仿真文件/Study2_3D_Difficult.zip!/Study2_3D_Difficult/R05_F06_C30_S1775975473/SCP-LR/config.json,bb7ffbf91736f1bacfb2ec9c7a02cc01212f9e4bb6aebd12418813780cdb3925,仿真文件(1).zip!/仿真文件/Study2_3D_Difficult.zip!/Study2_3D_Difficult/R05_F06_C30_S1775975473/SCP-LR/instance_manifest.json,e750b1f4b57b7541bdbe1b7f9d03c8505bf42049dd80b27e7fb6782016f1436a,541b745bdba2a065e187d1a05193b454e5524d789605f46573c343cd8f532e32,R05_F06_C30_S1775975473/SCP-LR
3d_R06_gurobi,仿真文件(1).zip!/仿真文件/Study2_3D_Difficult.zip!/Study2_3D_Difficult/R06_F08_C09_S1373808879/Gurobi/config.json,f7214fc78726a7c46ed6b458c38f7baee2be2f30766bcd5f3e41e3d34cac03d0,仿真文件(1).zip!/仿真文件/Study2_3D_Difficult.zip!/Study2_3D_Difficult/R06_F08_C09_S1373808879/Gurobi/instance_manifest.json,a434300c733f382d715c55526ca5757ca281c83ca65eb61d8a3ab6ef342dc955,413e70cd8fd1aa9effd49266aacc34e3634e0aae5e342a37c76c15c78ddbcc95,R06_F08_C09_S1373808879/Gurobi
3d_R06_p2,仿真文件(1).zip!/仿真文件/Study2_3D_Difficult.zip!/Study2_3D_Difficult/R06_F08_C09_S1373808879/RD-ALM/config.json,860e78ed8ef1b6f8660d580d4fe20bfd719f17c37efdb30d3d7135331ed0a757,仿真文件(1).zip!/仿真文件/Study2_3D_Difficult.zip!/Study2_3D_Difficult/R06_F08_C09_S1373808879/RD-ALM/instance_manifest.json,a7688b666079d6743451ae070f76920ada7bf025b0f0ac5c1f08ee63087a4700,413e70cd8fd1aa9effd49266aacc34e3634e0aae5e342a37c76c15c78ddbcc95,R06_F08_C09_S1373808879/RD-ALM
3d_R06_p1,仿真文件(1).zip!/仿真文件/Study2_3D_Difficult.zip!/Study2_3D_Difficult/R06_F08_C09_S1373808879/SCP-ALM/config.json,ad904e314730fcab7f9a05a1ab6eec677dfc347be40871b28e00fab24aa2e04f,仿真文件(1).zip!/仿真文件/Study2_3D_Difficult.zip!/Study2_3D_Difficult/R06_F08_C09_S1373808879/SCP-ALM/instance_manifest.json,20c2bc2274ea5ecb1b32dbcbf92e58058bcb9c8a7272d357632364c211befa30,413e70cd8fd1aa9effd49266aacc34e3634e0aae5e342a37c76c15c78ddbcc95,R06_F08_C09_S1373808879/SCP-ALM
3d_R06_p1_norho,仿真文件(1).zip!/仿真文件/Study2_3D_Difficult.zip!/Study2_3D_Difficult/R06_F08_C09_S1373808879/SCP-LR/config.json,4abaf7cbc08671e88c7039db4097021a8bad2555436ca65dc59752c37035c8c9,仿真文件(1).zip!/仿真文件/Study2_3D_Difficult.zip!/Study2_3D_Difficult/R06_F08_C09_S1373808879/SCP-LR/instance_manifest.json,5899032809dc04f22efe080c57b70c56f112828870a02eee29dd3b5d012b86f9,413e70cd8fd1aa9effd49266aacc34e3634e0aae5e342a37c76c15c78ddbcc95,R06_F08_C09_S1373808879/SCP-LR
3d_R07_gurobi,仿真文件(1).zip!/仿真文件/Study2_3D_Difficult.zip!/Study2_3D_Difficult/R07_F06_C04_S737168579/Gurobi/config.json,700e3f462aa65b2218997c72767d906e8f08aac94e8413cb590d9670de7b6819,仿真文件(1).zip!/仿真文件/Study2_3D_Difficult.zip!/Study2_3D_Difficult/R07_F06_C04_S737168579/Gurobi/instance_manifest.json,094e9f9f636c8bbae78fe807ed264f69cac702ce2db5b433ca3e474f0593f8ed,39db42503e68b4042f4691ee2043ec1f1947688e6ece1af91ce03835ceff87f8,R07_F06_C04_S737168579/Gurobi
3d_R07_p2,仿真文件(1).zip!/仿真文件/Study2_3D_Difficult.zip!/Study2_3D_Difficult/R07_F06_C04_S737168579/RD-ALM/config.json,adb7477ae6c8b6c2d9c2564d8c4042017192253140e5701c40d22859481711d2,仿真文件(1).zip!/仿真文件/Study2_3D_Difficult.zip!/Study2_3D_Difficult/R07_F06_C04_S737168579/RD-ALM/instance_manifest.json,64b793aa6769d2c01814e348f4ecb6a8dd9a21345011d1feab5bd2950f9b76fb,39db42503e68b4042f4691ee2043ec1f1947688e6ece1af91ce03835ceff87f8,R07_F06_C04_S737168579/RD-ALM
3d_R07_p1,仿真文件(1).zip!/仿真文件/Study2_3D_Difficult.zip!/Study2_3D_Difficult/R07_F06_C04_S737168579/SCP-ALM/config.json,12be55f0bd165eb12168ca6aabade503425340fe5a4646f68d347a0b069dcd7d,仿真文件(1).zip!/仿真文件/Study2_3D_Difficult.zip!/Study2_3D_Difficult/R07_F06_C04_S737168579/SCP-ALM/instance_manifest.json,5c14707b1f4514662187fb5cc7878436b865f3d224989e37bf6515ebdc514c56,39db42503e68b4042f4691ee2043ec1f1947688e6ece1af91ce03835ceff87f8,R07_F06_C04_S737168579/SCP-ALM
3d_R07_p1_norho,仿真文件(1).zip!/仿真文件/Study2_3D_Difficult.zip!/Study2_3D_Difficult/R07_F06_C04_S737168579/SCP-LR/config.json,4dc83465f4c92bc13847498eeba0ec62fe28c359500ffac2dcd904fbb7ca57a7,仿真文件(1).zip!/仿真文件/Study2_3D_Difficult.zip!/Study2_3D_Difficult/R07_F06_C04_S737168579/SCP-LR/instance_manifest.json,ca70aead48bea6c0011a3c5595dd101faa73528e23dc854c4be182f966fcb95a,39db42503e68b4042f4691ee2043ec1f1947688e6ece1af91ce03835ceff87f8,R07_F06_C04_S737168579/SCP-LR
3d_R08_gurobi,仿真文件(1).zip!/仿真文件/Study2_3D_Difficult.zip!/Study2_3D_Difficult/R08_F05_C08_S613753789/Gurobi/config.json,3eff2cc9019a1eee0121ccdf7e3bcda9ae2ae9249dda597d6da901f51390a40b,仿真文件(1).zip!/仿真文件/Study2_3D_Difficult.zip!/Study2_3D_Difficult/R08_F05_C08_S613753789/Gurobi/instance_manifest.json,b9c2ca9b52ed2d118b426eae77dbff4cbedabe885d4b7122dd70fe2e137ec25d,3b5bf3c964905df897d42c0c259a4fa83348c4450d7ff2ab102cd0c5f6ebf141,R08_F05_C08_S613753789/Gurobi
3d_R08_p2,仿真文件(1).zip!/仿真文件/Study2_3D_Difficult.zip!/Study2_3D_Difficult/R08_F05_C08_S613753789/RD-ALM/config.json,611ebac00635b69b73185b58dcecb7667eeab1f6b1bb96491b80d6751eceaed6,仿真文件(1).zip!/仿真文件/Study2_3D_Difficult.zip!/Study2_3D_Difficult/R08_F05_C08_S613753789/RD-ALM/instance_manifest.json,9cd6e40b7c33ae92a3aa12bbfd6d7f88b7ed00d1419541c91d9974fb13eb6c7c,3b5bf3c964905df897d42c0c259a4fa83348c4450d7ff2ab102cd0c5f6ebf141,R08_F05_C08_S613753789/RD-ALM
3d_R08_p1,仿真文件(1).zip!/仿真文件/Study2_3D_Difficult.zip!/Study2_3D_Difficult/R08_F05_C08_S613753789/SCP-ALM/config.json,29373319567cb6f6c0230a5059ab378878faf7575e89b5854d718a8505615a66,仿真文件(1).zip!/仿真文件/Study2_3D_Difficult.zip!/Study2_3D_Difficult/R08_F05_C08_S613753789/SCP-ALM/instance_manifest.json,ec7304d7a2277a12c06387fee320641343ec35532f8a9126aa7b8c6045527bf7,3b5bf3c964905df897d42c0c259a4fa83348c4450d7ff2ab102cd0c5f6ebf141,R08_F05_C08_S613753789/SCP-ALM
3d_R08_p1_norho,仿真文件(1).zip!/仿真文件/Study2_3D_Difficult.zip!/Study2_3D_Difficult/R08_F05_C08_S613753789/SCP-LR/config.json,4fc7339368e7ea52eb77f0ee62fefd53a8cb373211b975e0d4e5953695d6500d,仿真文件(1).zip!/仿真文件/Study2_3D_Difficult.zip!/Study2_3D_Difficult/R08_F05_C08_S613753789/SCP-LR/instance_manifest.json,b8f5f33c4677fbff39b4a13a26fa04feddac0b5d043eb38bb7af389612f39c33,3b5bf3c964905df897d42c0c259a4fa83348c4450d7ff2ab102cd0c5f6ebf141,R08_F05_C08_S613753789/SCP-LR
3d_R09_gurobi,仿真文件(1).zip!/仿真文件/Study2_3D_Difficult.zip!/Study2_3D_Difficult/R09_F06_C22_S111087679/Gurobi/config.json,baebdf72e3eb00ee758f1618953c5255abf690e8d8d9e51e86b2a1e297373c18,仿真文件(1).zip!/仿真文件/Study2_3D_Difficult.zip!/Study2_3D_Difficult/R09_F06_C22_S111087679/Gurobi/instance_manifest.json,254939fb23b9d4bdc6d2862afd4f32b0bdb6f2ae6fe01616fbd1397317c6cf33,e3d095cc66717c99009ab7e147da5cf08faf11d3c4134851e4094450248b6df5,R09_F06_C22_S111087679/Gurobi
3d_R09_p2,仿真文件(1).zip!/仿真文件/Study2_3D_Difficult.zip!/Study2_3D_Difficult/R09_F06_C22_S111087679/RD-ALM/config.json,2d9c55cac400d26a25a1e19125be8c489cf0dbd0e09e1a0ca1540f4e1b93daa7,仿真文件(1).zip!/仿真文件/Study2_3D_Difficult.zip!/Study2_3D_Difficult/R09_F06_C22_S111087679/RD-ALM/instance_manifest.json,5015802e348e821081a6bf6d427cde97125e3fcccaf542527ebb73968e115f8c,e3d095cc66717c99009ab7e147da5cf08faf11d3c4134851e4094450248b6df5,R09_F06_C22_S111087679/RD-ALM
3d_R09_p1,仿真文件(1).zip!/仿真文件/Study2_3D_Difficult.zip!/Study2_3D_Difficult/R09_F06_C22_S111087679/SCP-ALM/config.json,1603a0ec973de20a8d044c5c9ce9a603c776cf4259ad27413a9ad5bc68eaf7a2,仿真文件(1).zip!/仿真文件/Study2_3D_Difficult.zip!/Study2_3D_Difficult/R09_F06_C22_S111087679/SCP-ALM/instance_manifest.json,e2f914747e50f3000aa1bf254be513acecad02bcf216a91633b833a80569afce,e3d095cc66717c99009ab7e147da5cf08faf11d3c4134851e4094450248b6df5,R09_F06_C22_S111087679/SCP-ALM
3d_R09_p1_norho,仿真文件(1).zip!/仿真文件/Study2_3D_Difficult.zip!/Study2_3D_Difficult/R09_F06_C22_S111087679/SCP-LR/config.json,f6fc33f81ca8b5a81b05ab5ed73b22db0348f06686da7d75f9ded573f414c9ad,仿真文件(1).zip!/仿真文件/Study2_3D_Difficult.zip!/Study2_3D_Difficult/R09_F06_C22_S111087679/SCP-LR/instance_manifest.json,08262edba89690aa55bb918983025118b2bf0095c9f0961595d75f86a6d51a41,e3d095cc66717c99009ab7e147da5cf08faf11d3c4134851e4094450248b6df5,R09_F06_C22_S111087679/SCP-LR
3d_R10_gurobi,仿真文件(1).zip!/仿真文件/Study2_3D_Difficult.zip!/Study2_3D_Difficult/R10_F09_C24_S139917572/Gurobi/config.json,c4c90b34f22594e01cf4688d83a24ecdf80db75cc7d728dc714382b3769c8dfe,仿真文件(1).zip!/仿真文件/Study2_3D_Difficult.zip!/Study2_3D_Difficult/R10_F09_C24_S139917572/Gurobi/instance_manifest.json,961e7620c23858879d290ff09b0316e361bf18f719ee5a9ed498d75d21b4be90,9ed605cd2a11c99604978c78ff9657980dd6cd8ce2cba5e3fea0828de4cbd018,R10_F09_C24_S139917572/Gurobi
3d_R10_p2,仿真文件(1).zip!/仿真文件/Study2_3D_Difficult.zip!/Study2_3D_Difficult/R10_F09_C24_S139917572/RD-ALM/config.json,7cd8724b2380dd6193cf8ed885f05d503d080636be09395d5ea1521186185fdb,仿真文件(1).zip!/仿真文件/Study2_3D_Difficult.zip!/Study2_3D_Difficult/R10_F09_C24_S139917572/RD-ALM/instance_manifest.json,e201be40d0622b41ceea395e10465d4309d193d0b28f045c41523d9fa39141e6,9ed605cd2a11c99604978c78ff9657980dd6cd8ce2cba5e3fea0828de4cbd018,R10_F09_C24_S139917572/RD-ALM
3d_R10_p1,仿真文件(1).zip!/仿真文件/Study2_3D_Difficult.zip!/Study2_3D_Difficult/R10_F09_C24_S139917572/SCP-ALM/config.json,862bc72f58669b5ee0c0fc6f41a525e7d8090d2e12c67c4067c26c0928167b12,仿真文件(1).zip!/仿真文件/Study2_3D_Difficult.zip!/Study2_3D_Difficult/R10_F09_C24_S139917572/SCP-ALM/instance_manifest.json,35ced7409e8f5c1328c8da0aa6de51d49cce972704477d9cd9105a4cf93fa745,9ed605cd2a11c99604978c78ff9657980dd6cd8ce2cba5e3fea0828de4cbd018,R10_F09_C24_S139917572/SCP-ALM
3d_R10_p1_norho,仿真文件(1).zip!/仿真文件/Study2_3D_Difficult.zip!/Study2_3D_Difficult/R10_F09_C24_S139917572/SCP-LR/config.json,4623e059c1cb4c32b39c7f2fb5284ad9d83cb561d6a8faa84b00cbe6fd34e786,仿真文件(1).zip!/仿真文件/Study2_3D_Difficult.zip!/Study2_3D_Difficult/R10_F09_C24_S139917572/SCP-LR/instance_manifest.json,b54bf8bd4460ffe3acd9d66e781639a68a845ab63ff76a4fa31168dac2ab5efc,9ed605cd2a11c99604978c78ff9657980dd6cd8ce2cba5e3fea0828de4cbd018,R10_F09_C24_S139917572/SCP-LR
3d_R11_gurobi,仿真文件(1).zip!/仿真文件/Study2_3D_Difficult.zip!/Study2_3D_Difficult/R11_F08_C35_S956872797/Gurobi/config.json,cdb9020f769b5c9fc8f8b1737eab720f73e896fdb5eff138c03b0522a8fe69fe,仿真文件(1).zip!/仿真文件/Study2_3D_Difficult.zip!/Study2_3D_Difficult/R11_F08_C35_S956872797/Gurobi/instance_manifest.json,be432d59fb2c8b1516b12bda44c8e69ccae59ba90b87d4b64f43e819dd14d9fb,dd5e36eb7357a5382b043810655a0b9c27d79aec393134c892a6274447a33ba3,R11_F08_C35_S956872797/Gurobi
3d_R11_p2,仿真文件(1).zip!/仿真文件/Study2_3D_Difficult.zip!/Study2_3D_Difficult/R11_F08_C35_S956872797/RD-ALM/config.json,026760cacddd62e0c55ee544a56edacf3f8cfa9b69ad827e8399a0b5aa2862e2,仿真文件(1).zip!/仿真文件/Study2_3D_Difficult.zip!/Study2_3D_Difficult/R11_F08_C35_S956872797/RD-ALM/instance_manifest.json,8db5d1815e963356f68f3c9f58b796afccb26c6520ca35daa588198cb57b9d30,dd5e36eb7357a5382b043810655a0b9c27d79aec393134c892a6274447a33ba3,R11_F08_C35_S956872797/RD-ALM
3d_R11_p1,仿真文件(1).zip!/仿真文件/Study2_3D_Difficult.zip!/Study2_3D_Difficult/R11_F08_C35_S956872797/SCP-ALM/config.json,5a5b59aa2f744010670961e57390424807ec47856297486cb4449d1097274ec5,仿真文件(1).zip!/仿真文件/Study2_3D_Difficult.zip!/Study2_3D_Difficult/R11_F08_C35_S956872797/SCP-ALM/instance_manifest.json,7c3237dd7e5485a576338f8ef3391bfe2779a64e3f3f56f1c08819f66923ef0b,dd5e36eb7357a5382b043810655a0b9c27d79aec393134c892a6274447a33ba3,R11_F08_C35_S956872797/SCP-ALM
3d_R11_p1_norho,仿真文件(1).zip!/仿真文件/Study2_3D_Difficult.zip!/Study2_3D_Difficult/R11_F08_C35_S956872797/SCP-LR/config.json,f630feb1d174f3a3e8aa17802f9c0b0e8900b6aa85e85d7a9ad570ed730bb926,仿真文件(1).zip!/仿真文件/Study2_3D_Difficult.zip!/Study2_3D_Difficult/R11_F08_C35_S956872797/SCP-LR/instance_manifest.json,6166ac9666bef268e6b5cce86572f8d06152ce54c0eee5c7d84bb8645d502eb5,dd5e36eb7357a5382b043810655a0b9c27d79aec393134c892a6274447a33ba3,R11_F08_C35_S956872797/SCP-LR
3d_R12_gurobi,仿真文件(1).zip!/仿真文件/Study2_3D_Difficult.zip!/Study2_3D_Difficult/R12_F07_C15_S1073283950/Gurobi/config.json,ae72bc0c2382202e9d325269a9fd9410c2ce6777822bcf8cc5e5130dc81e20b0,仿真文件(1).zip!/仿真文件/Study2_3D_Difficult.zip!/Study2_3D_Difficult/R12_F07_C15_S1073283950/Gurobi/instance_manifest.json,961a45fadc832d6f9f5e11b70efc682b4b04f5c1a93f1e0a531c67851c938d70,2840ecf807410911517573f209eec7b80b0980535331f49476fe379b4425e248,R12_F07_C15_S1073283950/Gurobi
3d_R12_p2,仿真文件(1).zip!/仿真文件/Study2_3D_Difficult.zip!/Study2_3D_Difficult/R12_F07_C15_S1073283950/RD-ALM/config.json,70ad1af761cac9c5ff392867db4f9ce186d0498ceb0ada7c153d0b3b5c787260,仿真文件(1).zip!/仿真文件/Study2_3D_Difficult.zip!/Study2_3D_Difficult/R12_F07_C15_S1073283950/RD-ALM/instance_manifest.json,707ec42f2421a4287e59a6b69004b22220e78aa56e5ead2c15ab110cf5ad845c,2840ecf807410911517573f209eec7b80b0980535331f49476fe379b4425e248,R12_F07_C15_S1073283950/RD-ALM
3d_R12_p1,仿真文件(1).zip!/仿真文件/Study2_3D_Difficult.zip!/Study2_3D_Difficult/R12_F07_C15_S1073283950/SCP-ALM/config.json,ad5745044dba42eac41d8f30e70218fa3fb7217776a00792cc2e2dac1f5e9fee,仿真文件(1).zip!/仿真文件/Study2_3D_Difficult.zip!/Study2_3D_Difficult/R12_F07_C15_S1073283950/SCP-ALM/instance_manifest.json,b9362fd12828d7521f9a8cd1d434cb873a7797dec36d97f83f9311d2a8e9dcb9,2840ecf807410911517573f209eec7b80b0980535331f49476fe379b4425e248,R12_F07_C15_S1073283950/SCP-ALM
3d_R12_p1_norho,仿真文件(1).zip!/仿真文件/Study2_3D_Difficult.zip!/Study2_3D_Difficult/R12_F07_C15_S1073283950/SCP-LR/config.json,74cca778d1e9e5929b51e83c34e33c073c6c25020cac19346934d5ec0110d71c,仿真文件(1).zip!/仿真文件/Study2_3D_Difficult.zip!/Study2_3D_Difficult/R12_F07_C15_S1073283950/SCP-LR/instance_manifest.json,7a593217fdf2da1f324b4340713edad425bbefd3ec6ec10657d32b0ac54c92a9,2840ecf807410911517573f209eec7b80b0980535331f49476fe379b4425e248,R12_F07_C15_S1073283950/SCP-LR
3d_R13_gurobi,仿真文件(1).zip!/仿真文件/Study2_3D_Difficult.zip!/Study2_3D_Difficult/R13_F10_C12_S291885126/Gurobi/config.json,2eca69d63e364d677bcebb6248d736e17126502d74b5c91edceab1a90c8fb8bf,仿真文件(1).zip!/仿真文件/Study2_3D_Difficult.zip!/Study2_3D_Difficult/R13_F10_C12_S291885126/Gurobi/instance_manifest.json,37ac7112d07a6b15049b9423bcc5d445248775328756c7fbb6c32acd3d594b20,28dff04b5e727d0675a996376b26837eac3e49ee332a0f8480c0e09bf80b88dc,R13_F10_C12_S291885126/Gurobi
3d_R13_p2,仿真文件(1).zip!/仿真文件/Study2_3D_Difficult.zip!/Study2_3D_Difficult/R13_F10_C12_S291885126/RD-ALM/config.json,a5ddc27b4dabdfe6dbbce6b42b059463a1ba03760e70eadd7f5aa8bd513cecf3,仿真文件(1).zip!/仿真文件/Study2_3D_Difficult.zip!/Study2_3D_Difficult/R13_F10_C12_S291885126/RD-ALM/instance_manifest.json,c766ee88dc66a73bd620e35675ca32bfea140566877008a0b45fefc31d4422de,28dff04b5e727d0675a996376b26837eac3e49ee332a0f8480c0e09bf80b88dc,R13_F10_C12_S291885126/RD-ALM
3d_R13_p1,仿真文件(1).zip!/仿真文件/Study2_3D_Difficult.zip!/Study2_3D_Difficult/R13_F10_C12_S291885126/SCP-ALM/config.json,3d82b6c193985b3414bee6c968c29e1506d9857ef4d9602527354131e857b73a,仿真文件(1).zip!/仿真文件/Study2_3D_Difficult.zip!/Study2_3D_Difficult/R13_F10_C12_S291885126/SCP-ALM/instance_manifest.json,84027742f36839c99889583ced58852bec98843d868866377fd12b1cce57f6d5,28dff04b5e727d0675a996376b26837eac3e49ee332a0f8480c0e09bf80b88dc,R13_F10_C12_S291885126/SCP-ALM
3d_R13_p1_norho,仿真文件(1).zip!/仿真文件/Study2_3D_Difficult.zip!/Study2_3D_Difficult/R13_F10_C12_S291885126/SCP-LR/config.json,e4bc98df51634edd4b540658f9f5a6bcad0c106bdc3a694e8726da1e8ffcc2f5,仿真文件(1).zip!/仿真文件/Study2_3D_Difficult.zip!/Study2_3D_Difficult/R13_F10_C12_S291885126/SCP-LR/instance_manifest.json,6929d70d816503442923691304815c10ab13e0bd23bce7e04ae6f2f7056d62f3,28dff04b5e727d0675a996376b26837eac3e49ee332a0f8480c0e09bf80b88dc,R13_F10_C12_S291885126/SCP-LR
3d_R14_gurobi,仿真文件(1).zip!/仿真文件/Study2_3D_Difficult.zip!/Study2_3D_Difficult/R14_F02_C18_S590492220/Gurobi/config.json,b366a32f4ff194a97c59c8ffd2b623ea928b8057f791753c6de71ce5d7326292,仿真文件(1).zip!/仿真文件/Study2_3D_Difficult.zip!/Study2_3D_Difficult/R14_F02_C18_S590492220/Gurobi/instance_manifest.json,bb53ec42dee65fea03f1bb53fd3b311ccaa7ba1a83866163ec1a73bb37337df8,28408a042887297cc8013e16051c1e98badb5b7f2299dea1c84d4efe8d67dcb4,R14_F02_C18_S590492220/Gurobi
3d_R14_p2,仿真文件(1).zip!/仿真文件/Study2_3D_Difficult.zip!/Study2_3D_Difficult/R14_F02_C18_S590492220/RD-ALM/config.json,150accbb428443e149556df0b359c3c4830491c00244810184fdc48378c8d90b,仿真文件(1).zip!/仿真文件/Study2_3D_Difficult.zip!/Study2_3D_Difficult/R14_F02_C18_S590492220/RD-ALM/instance_manifest.json,1a055386ef5cdb24528ab6ec332b605dc8a7410904a2003a44d4c93e3fb25aa0,28408a042887297cc8013e16051c1e98badb5b7f2299dea1c84d4efe8d67dcb4,R14_F02_C18_S590492220/RD-ALM
3d_R14_p1,仿真文件(1).zip!/仿真文件/Study2_3D_Difficult.zip!/Study2_3D_Difficult/R14_F02_C18_S590492220/SCP-ALM/config.json,efc888611df46bd093970800faf6118176e4ffb32085c0c7e1900ba32931bda9,仿真文件(1).zip!/仿真文件/Study2_3D_Difficult.zip!/Study2_3D_Difficult/R14_F02_C18_S590492220/SCP-ALM/instance_manifest.json,4b173c8a964d9592a8aa283386ed054a5138b024c77598ac07771d1675cf865e,28408a042887297cc8013e16051c1e98badb5b7f2299dea1c84d4efe8d67dcb4,R14_F02_C18_S590492220/SCP-ALM
3d_R14_p1_norho,仿真文件(1).zip!/仿真文件/Study2_3D_Difficult.zip!/Study2_3D_Difficult/R14_F02_C18_S590492220/SCP-LR/config.json,8d5a348f35c67f89003cfea4fdb8f65e4f8564bd1e13092bf3f307c2fc9a8ad5,仿真文件(1).zip!/仿真文件/Study2_3D_Difficult.zip!/Study2_3D_Difficult/R14_F02_C18_S590492220/SCP-LR/instance_manifest.json,8fb9a60422ae6ec5aed180a37705ccdc79f23a8f04717cf3db2763e95672920f,28408a042887297cc8013e16051c1e98badb5b7f2299dea1c84d4efe8d67dcb4,R14_F02_C18_S590492220/SCP-LR
3d_R15_gurobi,仿真文件(1).zip!/仿真文件/Study2_3D_Difficult.zip!/Study2_3D_Difficult/R15_F01_C29_S266112162/Gurobi/config.json,971ff86fc0a998ce6ccf6f34219dbfb6f8c677a2e748989482a1e8317771fa7e,仿真文件(1).zip!/仿真文件/Study2_3D_Difficult.zip!/Study2_3D_Difficult/R15_F01_C29_S266112162/Gurobi/instance_manifest.json,7e6c1ee14d3473e0c47ed1467395be72a926c3edf81532a0ad5a343c2c0330be,6bd3673363ea44ca169950040c2e1701717bd8d879996049516f15d20e0a117f,R15_F01_C29_S266112162/Gurobi
3d_R15_p2,仿真文件(1).zip!/仿真文件/Study2_3D_Difficult.zip!/Study2_3D_Difficult/R15_F01_C29_S266112162/RD-ALM/config.json,2b88e75dfa1600e886987915b5d8dc26c7756b5493b549b29f0a156b7516880c,仿真文件(1).zip!/仿真文件/Study2_3D_Difficult.zip!/Study2_3D_Difficult/R15_F01_C29_S266112162/RD-ALM/instance_manifest.json,e14dedcb0b53e58a39929610e0fbd14a6e7e5f1456663f5edc537e9589de9b24,6bd3673363ea44ca169950040c2e1701717bd8d879996049516f15d20e0a117f,R15_F01_C29_S266112162/RD-ALM
3d_R15_p1,仿真文件(1).zip!/仿真文件/Study2_3D_Difficult.zip!/Study2_3D_Difficult/R15_F01_C29_S266112162/SCP-ALM/config.json,78f0eac01f76faca70c5a856a0a6579b73a4c02117c827da24abc79ace398777,仿真文件(1).zip!/仿真文件/Study2_3D_Difficult.zip!/Study2_3D_Difficult/R15_F01_C29_S266112162/SCP-ALM/instance_manifest.json,3834859876937399646dbdc7f90e46f2f5a4da4ed1b9b58f1feb00383859c831,6bd3673363ea44ca169950040c2e1701717bd8d879996049516f15d20e0a117f,R15_F01_C29_S266112162/SCP-ALM
3d_R15_p1_norho,仿真文件(1).zip!/仿真文件/Study2_3D_Difficult.zip!/Study2_3D_Difficult/R15_F01_C29_S266112162/SCP-LR/config.json,aea2b7f804b047ba7f785e755268ad2c741d942b2bc044c25bfac5b81bcfaf99,仿真文件(1).zip!/仿真文件/Study2_3D_Difficult.zip!/Study2_3D_Difficult/R15_F01_C29_S266112162/SCP-LR/instance_manifest.json,dfb3be066458ec550cc51da80ebffc5863d4ce16225755d8b67eca43eb1ff628,6bd3673363ea44ca169950040c2e1701717bd8d879996049516f15d20e0a117f,R15_F01_C29_S266112162/SCP-LR
3d_R16_gurobi,仿真文件(1).zip!/仿真文件/Study2_3D_Difficult.zip!/Study2_3D_Difficult/R16_F07_C19_S255728784/Gurobi/config.json,4e4eef847eefba342e72f8521f79cb4403fa5c80038158797b7cb9c1a5a18339,仿真文件(1).zip!/仿真文件/Study2_3D_Difficult.zip!/Study2_3D_Difficult/R16_F07_C19_S255728784/Gurobi/instance_manifest.json,cf1a6360a3c8da54b0c09805f12d8dc688aea526844852f5cb3aa5f6a1766fb2,f58d8ed77597bad6a33e77ed6c8124a870a46d339f196496047b2784bc2d3fd7,R16_F07_C19_S255728784/Gurobi
3d_R16_p2,仿真文件(1).zip!/仿真文件/Study2_3D_Difficult.zip!/Study2_3D_Difficult/R16_F07_C19_S255728784/RD-ALM/config.json,c6d79e9a518bf27678aa6e29fd961f22dd9f007a28b08277b968081d8ae659bb,仿真文件(1).zip!/仿真文件/Study2_3D_Difficult.zip!/Study2_3D_Difficult/R16_F07_C19_S255728784/RD-ALM/instance_manifest.json,c2bc6b7df9608f1f4b8760f1cc7c7ae4529ea25fa87de628329dca53e4ffe865,f58d8ed77597bad6a33e77ed6c8124a870a46d339f196496047b2784bc2d3fd7,R16_F07_C19_S255728784/RD-ALM
3d_R16_p1,仿真文件(1).zip!/仿真文件/Study2_3D_Difficult.zip!/Study2_3D_Difficult/R16_F07_C19_S255728784/SCP-ALM/config.json,6c939456c6d9b94c6e5a5214b5bee2c60218fc514970efd07565c758aadbbea3,仿真文件(1).zip!/仿真文件/Study2_3D_Difficult.zip!/Study2_3D_Difficult/R16_F07_C19_S255728784/SCP-ALM/instance_manifest.json,f0a3671a70dfea66166e919045e06c8248d5648c0d07a30f146eb32b4883876a,f58d8ed77597bad6a33e77ed6c8124a870a46d339f196496047b2784bc2d3fd7,R16_F07_C19_S255728784/SCP-ALM
3d_R16_p1_norho,仿真文件(1).zip!/仿真文件/Study2_3D_Difficult.zip!/Study2_3D_Difficult/R16_F07_C19_S255728784/SCP-LR/config.json,f2611e376b3fbb43ebc0b172788b2b4a58b2e1258ffbfa6707962e9d9cb427b0,仿真文件(1).zip!/仿真文件/Study2_3D_Difficult.zip!/Study2_3D_Difficult/R16_F07_C19_S255728784/SCP-LR/instance_manifest.json,0557635f427218497e894f0c5484bf47aab3a90e0116d95bceab15e584d52045,f58d8ed77597bad6a33e77ed6c8124a870a46d339f196496047b2784bc2d3fd7,R16_F07_C19_S255728784/SCP-LR
3d_R17_gurobi,仿真文件(1).zip!/仿真文件/Study2_3D_Difficult.zip!/Study2_3D_Difficult/R17_F06_C39_S1606396927/Gurobi/config.json,904b8e106ad0554250577ded16817dd1de74d3ba93af099aff1833016b314e29,仿真文件(1).zip!/仿真文件/Study2_3D_Difficult.zip!/Study2_3D_Difficult/R17_F06_C39_S1606396927/Gurobi/instance_manifest.json,65d1e302c91ecec9b8d40b9042ec682abaefedab1f0a641e203a598e3f9f8a4a,c58fd67d0407c0d7ed9f16f50bec77649689cae91fe8ac8c22f43650052e85c5,R17_F06_C39_S1606396927/Gurobi
3d_R17_p2,仿真文件(1).zip!/仿真文件/Study2_3D_Difficult.zip!/Study2_3D_Difficult/R17_F06_C39_S1606396927/RD-ALM/config.json,164b47900d3e092b3bf4b9555ba5436272bbe05935b4617ed9075f29dc9055a0,仿真文件(1).zip!/仿真文件/Study2_3D_Difficult.zip!/Study2_3D_Difficult/R17_F06_C39_S1606396927/RD-ALM/instance_manifest.json,6eae9d424d86c0c67b84f3e74883e715a306189722cd65bc9ceb5d98b677f5ef,c58fd67d0407c0d7ed9f16f50bec77649689cae91fe8ac8c22f43650052e85c5,R17_F06_C39_S1606396927/RD-ALM
3d_R17_p1,仿真文件(1).zip!/仿真文件/Study2_3D_Difficult.zip!/Study2_3D_Difficult/R17_F06_C39_S1606396927/SCP-ALM/config.json,e906591b61a03d55e09c65b7e3519cfebfd14046d901e2aa4db885622d8cb7d7,仿真文件(1).zip!/仿真文件/Study2_3D_Difficult.zip!/Study2_3D_Difficult/R17_F06_C39_S1606396927/SCP-ALM/instance_manifest.json,57a6e13d29be62a3ca9953f28804b9d1b4be2246d96dd4f11634139bf97057ba,c58fd67d0407c0d7ed9f16f50bec77649689cae91fe8ac8c22f43650052e85c5,R17_F06_C39_S1606396927/SCP-ALM
3d_R17_p1_norho,仿真文件(1).zip!/仿真文件/Study2_3D_Difficult.zip!/Study2_3D_Difficult/R17_F06_C39_S1606396927/SCP-LR/config.json,fc84957c2b68974964b3841cc3beabda4c0a21ca3698c7601f45a9124d66dae8,仿真文件(1).zip!/仿真文件/Study2_3D_Difficult.zip!/Study2_3D_Difficult/R17_F06_C39_S1606396927/SCP-LR/instance_manifest.json,d128b38b9e255ff9c5e483d42663824cd0f60f39a82cd9e0063696f4f4226b04,c58fd67d0407c0d7ed9f16f50bec77649689cae91fe8ac8c22f43650052e85c5,R17_F06_C39_S1606396927/SCP-LR
3d_R18_gurobi,仿真文件(1).zip!/仿真文件/Study2_3D_Difficult.zip!/Study2_3D_Difficult/R18_F08_C08_S1693395944/Gurobi/config.json,92cc57655e556f22ce1516d68c203e9820e33a312efa85d5444164c0debbba7b,仿真文件(1).zip!/仿真文件/Study2_3D_Difficult.zip!/Study2_3D_Difficult/R18_F08_C08_S1693395944/Gurobi/instance_manifest.json,7f11eb6b993c5268f74cf287bb7babf9ec8f847d9dd55fe9071ce1190b65b803,089f186c53630c4ef5c2215f114559f4e17dd63f14fc45e3e86d848122dc4ff4,R18_F08_C08_S1693395944/Gurobi
3d_R18_p2,仿真文件(1).zip!/仿真文件/Study2_3D_Difficult.zip!/Study2_3D_Difficult/R18_F08_C08_S1693395944/RD-ALM/config.json,2805ab4748c4ecd4b36dd2ff7d3def98081c84bf9ce77529d1fdf551b5af70d2,仿真文件(1).zip!/仿真文件/Study2_3D_Difficult.zip!/Study2_3D_Difficult/R18_F08_C08_S1693395944/RD-ALM/instance_manifest.json,a24a231ecd3cff1762a276920ea5559e3179c8037d51fd3e9903971f01728177,089f186c53630c4ef5c2215f114559f4e17dd63f14fc45e3e86d848122dc4ff4,R18_F08_C08_S1693395944/RD-ALM
3d_R18_p1,仿真文件(1).zip!/仿真文件/Study2_3D_Difficult.zip!/Study2_3D_Difficult/R18_F08_C08_S1693395944/SCP-ALM/config.json,758a44451894db3eaafd5d772f417aa4ceb711c4de099fb117712283c903386c,仿真文件(1).zip!/仿真文件/Study2_3D_Difficult.zip!/Study2_3D_Difficult/R18_F08_C08_S1693395944/SCP-ALM/instance_manifest.json,260f4b8f8d9550df1a9bf213e29cc33d02180fd141b48b4297e00809a93237de,089f186c53630c4ef5c2215f114559f4e17dd63f14fc45e3e86d848122dc4ff4,R18_F08_C08_S1693395944/SCP-ALM
3d_R18_p1_norho,仿真文件(1).zip!/仿真文件/Study2_3D_Difficult.zip!/Study2_3D_Difficult/R18_F08_C08_S1693395944/SCP-LR/config.json,66b2f8b967bc4b0a890bc635c80bab7b081557845c83912440a99dd4a99bf68e,仿真文件(1).zip!/仿真文件/Study2_3D_Difficult.zip!/Study2_3D_Difficult/R18_F08_C08_S1693395944/SCP-LR/instance_manifest.json,1dfbb5ae5c75d8dfd27e09d6c163bb1a91e5f402d40b25b92cf63b1a5c0e9903,089f186c53630c4ef5c2215f114559f4e17dd63f14fc45e3e86d848122dc4ff4,R18_F08_C08_S1693395944/SCP-LR
3d_R19_gurobi,仿真文件(1).zip!/仿真文件/Study2_3D_Difficult.zip!/Study2_3D_Difficult/R19_F03_C28_S1260140335/Gurobi/config.json,6577160dbd464bee574f0fd428417609bf3c23bf18b55364d88dadf5273f5885,仿真文件(1).zip!/仿真文件/Study2_3D_Difficult.zip!/Study2_3D_Difficult/R19_F03_C28_S1260140335/Gurobi/instance_manifest.json,4b538650118fed39205ebf08b985a84548a9ee74e793b1a3a7ee612e19307d1b,506a6c97547fc8d789fa79160ec51e767637a8f321ddfb58085b3d542ada7d99,R19_F03_C28_S1260140335/Gurobi
3d_R19_p2,仿真文件(1).zip!/仿真文件/Study2_3D_Difficult.zip!/Study2_3D_Difficult/R19_F03_C28_S1260140335/RD-ALM/config.json,9295c6d783a0a606e36c0f6a11cd518fbe8bfa90ac791e526b1ef8ff76684b32,仿真文件(1).zip!/仿真文件/Study2_3D_Difficult.zip!/Study2_3D_Difficult/R19_F03_C28_S1260140335/RD-ALM/instance_manifest.json,43e5b11aede82505ec6e5c1fc928b794abdbb81e67f0dee755f9d5bfe073dc30,506a6c97547fc8d789fa79160ec51e767637a8f321ddfb58085b3d542ada7d99,R19_F03_C28_S1260140335/RD-ALM
3d_R19_p1,仿真文件(1).zip!/仿真文件/Study2_3D_Difficult.zip!/Study2_3D_Difficult/R19_F03_C28_S1260140335/SCP-ALM/config.json,51cbbca58ab40892fb86cb2c0e0ff0fc7cc51e79e3ea9918e7d40a3fee33d32d,仿真文件(1).zip!/仿真文件/Study2_3D_Difficult.zip!/Study2_3D_Difficult/R19_F03_C28_S1260140335/SCP-ALM/instance_manifest.json,ff607de964155aea153fb95ef2b7a46bf1b8047918b7993878d194520f5c127b,506a6c97547fc8d789fa79160ec51e767637a8f321ddfb58085b3d542ada7d99,R19_F03_C28_S1260140335/SCP-ALM
3d_R19_p1_norho,仿真文件(1).zip!/仿真文件/Study2_3D_Difficult.zip!/Study2_3D_Difficult/R19_F03_C28_S1260140335/SCP-LR/config.json,8f7b806ab6b4d7775347c2bb0f8fa8797b0517650043dda9be09bef39b0c88ff,仿真文件(1).zip!/仿真文件/Study2_3D_Difficult.zip!/Study2_3D_Difficult/R19_F03_C28_S1260140335/SCP-LR/instance_manifest.json,fc343770975a6d70e69a3918203b4225dfd5885d2e91352a3e6c1a77c46de0fb,506a6c97547fc8d789fa79160ec51e767637a8f321ddfb58085b3d542ada7d99,R19_F03_C28_S1260140335/SCP-LR
3d_R20_gurobi,仿真文件(1).zip!/仿真文件/Study2_3D_Difficult.zip!/Study2_3D_Difficult/R20_F01_C24_S1155653964/Gurobi/config.json,af2630d9934f20241c844a8146992fd1d2aba1a105906d68d85dac1d72dcae9e,仿真文件(1).zip!/仿真文件/Study2_3D_Difficult.zip!/Study2_3D_Difficult/R20_F01_C24_S1155653964/Gurobi/instance_manifest.json,92c4db16b98c3cd8d0ef46c5e2305f3397f1dfe86984bf93b68ede036ba83345,48ae9c4c3fb45b4191c110e16cc2de398b58854700e8ffb921716c9926fb544c,R20_F01_C24_S1155653964/Gurobi
3d_R20_p2,仿真文件(1).zip!/仿真文件/Study2_3D_Difficult.zip!/Study2_3D_Difficult/R20_F01_C24_S1155653964/RD-ALM/config.json,d56c8a73b7289e3fc49f44a5c9556f31d5e60dd7b62c6f64abfd4b288383ada3,仿真文件(1).zip!/仿真文件/Study2_3D_Difficult.zip!/Study2_3D_Difficult/R20_F01_C24_S1155653964/RD-ALM/instance_manifest.json,c87c00e142b587fd0ba7499e2635656c7c73d14af8d9fb340b09a27cf11fea07,48ae9c4c3fb45b4191c110e16cc2de398b58854700e8ffb921716c9926fb544c,R20_F01_C24_S1155653964/RD-ALM
3d_R20_p1,仿真文件(1).zip!/仿真文件/Study2_3D_Difficult.zip!/Study2_3D_Difficult/R20_F01_C24_S1155653964/SCP-ALM/config.json,4f4bac78fde04a511da5283a40341157d2238074212be0dfe020ec26b95ac5f3,仿真文件(1).zip!/仿真文件/Study2_3D_Difficult.zip!/Study2_3D_Difficult/R20_F01_C24_S1155653964/SCP-ALM/instance_manifest.json,ecd0afccc5a52131099bbb0bc0ce4678ebfca035d5df8bc8ef4c9ba26b276dbb,48ae9c4c3fb45b4191c110e16cc2de398b58854700e8ffb921716c9926fb544c,R20_F01_C24_S1155653964/SCP-ALM
3d_R20_p1_norho,仿真文件(1).zip!/仿真文件/Study2_3D_Difficult.zip!/Study2_3D_Difficult/R20_F01_C24_S1155653964/SCP-LR/config.json,ab9787e482356d9b7bd5d06e2932936c1885cad2e74a7490eac7e4036b3c3d96,仿真文件(1).zip!/仿真文件/Study2_3D_Difficult.zip!/Study2_3D_Difficult/R20_F01_C24_S1155653964/SCP-LR/instance_manifest.json,7b6523771b49be679a03a7338bd33ab25554b98e9ae450b1a05edcef7b591db4,48ae9c4c3fb45b4191c110e16cc2de398b58854700e8ffb921716c9926fb544c,R20_F01_C24_S1155653964/SCP-LR
