file,python_json_parse,duplicate_keys,format_note
configs/2d/B0300/gurobi.json,PASS,0,NaN/Infinity sentinels preserved; Python extended JSON
configs/2d/B0300/p1_norho.json,PASS,0,NaN/Infinity sentinels preserved; Python extended JSON
configs/2d/B0300/p1p2.json,PASS,0,NaN/Infinity sentinels preserved; Python extended JSON
configs/2d/B0360/gurobi.json,PASS,0,NaN/Infinity sentinels preserved; Python extended JSON
configs/2d/B0360/p1_norho.json,PASS,0,NaN/Infinity sentinels preserved; Python extended JSON
configs/2d/B0360/p1p2.json,PASS,0,NaN/Infinity sentinels preserved; Python extended JSON
configs/2d/B0420/gurobi.json,PASS,0,NaN/Infinity sentinels preserved; Python extended JSON
configs/2d/B0420/p1_norho.json,PASS,0,NaN/Infinity sentinels preserved; Python extended JSON
configs/2d/B0420/p1p2.json,PASS,0,NaN/Infinity sentinels preserved; Python extended JSON
configs/2d/B0480/gurobi.json,PASS,0,NaN/Infinity sentinels preserved; Python extended JSON
configs/2d/B0480/p1_norho.json,PASS,0,NaN/Infinity sentinels preserved; Python extended JSON
configs/2d/B0480/p1p2.json,PASS,0,NaN/Infinity sentinels preserved; Python extended JSON
configs/2d/B0540/gurobi.json,PASS,0,NaN/Infinity sentinels preserved; Python extended JSON
configs/2d/B0540/p1_norho.json,PASS,0,NaN/Infinity sentinels preserved; Python extended JSON
configs/2d/B0540/p1p2.json,PASS,0,NaN/Infinity sentinels preserved; Python extended JSON
configs/2d/B0600/gurobi.json,PASS,0,NaN/Infinity sentinels preserved; Python extended JSON
configs/2d/B0600/p1_norho.json,PASS,0,NaN/Infinity sentinels preserved; Python extended JSON
configs/2d/B0600/p1p2.json,PASS,0,NaN/Infinity sentinels preserved; Python extended JSON
configs/2d/B0660/gurobi.json,PASS,0,NaN/Infinity sentinels preserved; Python extended JSON
configs/2d/B0660/p1_norho.json,PASS,0,NaN/Infinity sentinels preserved; Python extended JSON
configs/2d/B0660/p1p2.json,PASS,0,NaN/Infinity sentinels preserved; Python extended JSON
configs/2d/B0720/gurobi.json,PASS,0,NaN/Infinity sentinels preserved; Python extended JSON
configs/2d/B0720/p1_norho.json,PASS,0,NaN/Infinity sentinels preserved; Python extended JSON
configs/2d/B0720/p1p2.json,PASS,0,NaN/Infinity sentinels preserved; Python extended JSON
configs/2d/B0780/gurobi.json,PASS,0,NaN/Infinity sentinels preserved; Python extended JSON
configs/2d/B0780/p1_norho.json,PASS,0,NaN/Infinity sentinels preserved; Python extended JSON
configs/2d/B0780/p1p2.json,PASS,0,NaN/Infinity sentinels preserved; Python extended JSON
configs/2d/B0840/gurobi.json,PASS,0,NaN/Infinity sentinels preserved; Python extended JSON
configs/2d/B0840/p1_norho.json,PASS,0,NaN/Infinity sentinels preserved; Python extended JSON
configs/2d/B0840/p1p2.json,PASS,0,NaN/Infinity sentinels preserved; Python extended JSON
configs/2d/B0900/gurobi.json,PASS,0,NaN/Infinity sentinels preserved; Python extended JSON
configs/2d/B0900/p1_norho.json,PASS,0,NaN/Infinity sentinels preserved; Python extended JSON
configs/2d/B0900/p1p2.json,PASS,0,NaN/Infinity sentinels preserved; Python extended JSON
configs/2d/B0960/gurobi.json,PASS,0,NaN/Infinity sentinels preserved; Python extended JSON
configs/2d/B0960/p1_norho.json,PASS,0,NaN/Infinity sentinels preserved; Python extended JSON
configs/2d/B0960/p1p2.json,PASS,0,NaN/Infinity sentinels preserved; Python extended JSON
configs/2d/B1020/gurobi.json,PASS,0,NaN/Infinity sentinels preserved; Python extended JSON
configs/2d/B1020/p1_norho.json,PASS,0,NaN/Infinity sentinels preserved; Python extended JSON
configs/2d/B1020/p1p2.json,PASS,0,NaN/Infinity sentinels preserved; Python extended JSON
configs/2d/B1080/gurobi.json,PASS,0,NaN/Infinity sentinels preserved; Python extended JSON
configs/2d/B1080/p1_norho.json,PASS,0,NaN/Infinity sentinels preserved; Python extended JSON
configs/2d/B1080/p1p2.json,PASS,0,NaN/Infinity sentinels preserved; Python extended JSON
configs/2d/B1140/gurobi.json,PASS,0,NaN/Infinity sentinels preserved; Python extended JSON
configs/2d/B1140/p1_norho.json,PASS,0,NaN/Infinity sentinels preserved; Python extended JSON
configs/2d/B1140/p1p2.json,PASS,0,NaN/Infinity sentinels preserved; Python extended JSON
configs/2d/B1200/gurobi.json,PASS,0,NaN/Infinity sentinels preserved; Python extended JSON
configs/2d/B1200/p1_norho.json,PASS,0,NaN/Infinity sentinels preserved; Python extended JSON
configs/2d/B1200/p1p2.json,PASS,0,NaN/Infinity sentinels preserved; Python extended JSON
configs/2d/B1260/gurobi.json,PASS,0,NaN/Infinity sentinels preserved; Python extended JSON
configs/2d/B1260/p1_norho.json,PASS,0,NaN/Infinity sentinels preserved; Python extended JSON
configs/2d/B1260/p1p2.json,PASS,0,NaN/Infinity sentinels preserved; Python extended JSON
configs/2d/B1320/gurobi.json,PASS,0,NaN/Infinity sentinels preserved; Python extended JSON
configs/2d/B1320/p1_norho.json,PASS,0,NaN/Infinity sentinels preserved; Python extended JSON
configs/2d/B1320/p1p2.json,PASS,0,NaN/Infinity sentinels preserved; Python extended JSON
configs/2d/B1380/gurobi.json,PASS,0,NaN/Infinity sentinels preserved; Python extended JSON
configs/2d/B1380/p1_norho.json,PASS,0,NaN/Infinity sentinels preserved; Python extended JSON
configs/2d/B1380/p1p2.json,PASS,0,NaN/Infinity sentinels preserved; Python extended JSON
configs/2d/B1440/gurobi.json,PASS,0,NaN/Infinity sentinels preserved; Python extended JSON
configs/2d/B1440/p1_norho.json,PASS,0,NaN/Infinity sentinels preserved; Python extended JSON
configs/2d/B1440/p1p2.json,PASS,0,NaN/Infinity sentinels preserved; Python extended JSON
configs/3d/R01/gurobi.json,PASS,0,NaN/Infinity sentinels preserved; Python extended JSON
configs/3d/R01/p1.json,PASS,0,NaN/Infinity sentinels preserved; Python extended JSON
configs/3d/R01/p1_norho.json,PASS,0,NaN/Infinity sentinels preserved; Python extended JSON
configs/3d/R01/p2.json,PASS,0,NaN/Infinity sentinels preserved; Python extended JSON
configs/3d/R02/gurobi.json,PASS,0,NaN/Infinity sentinels preserved; Python extended JSON
configs/3d/R02/p1.json,PASS,0,NaN/Infinity sentinels preserved; Python extended JSON
configs/3d/R02/p1_norho.json,PASS,0,NaN/Infinity sentinels preserved; Python extended JSON
configs/3d/R02/p2.json,PASS,0,NaN/Infinity sentinels preserved; Python extended JSON
configs/3d/R03/gurobi.json,PASS,0,NaN/Infinity sentinels preserved; Python extended JSON
configs/3d/R03/p1.json,PASS,0,NaN/Infinity sentinels preserved; Python extended JSON
configs/3d/R03/p1_norho.json,PASS,0,NaN/Infinity sentinels preserved; Python extended JSON
configs/3d/R03/p2.json,PASS,0,NaN/Infinity sentinels preserved; Python extended JSON
configs/3d/R04/gurobi.json,PASS,0,NaN/Infinity sentinels preserved; Python extended JSON
configs/3d/R04/p1.json,PASS,0,NaN/Infinity sentinels preserved; Python extended JSON
configs/3d/R04/p1_norho.json,PASS,0,NaN/Infinity sentinels preserved; Python extended JSON
configs/3d/R04/p2.json,PASS,0,NaN/Infinity sentinels preserved; Python extended JSON
configs/3d/R05/gurobi.json,PASS,0,NaN/Infinity sentinels preserved; Python extended JSON
configs/3d/R05/p1.json,PASS,0,NaN/Infinity sentinels preserved; Python extended JSON
configs/3d/R05/p1_norho.json,PASS,0,NaN/Infinity sentinels preserved; Python extended JSON
configs/3d/R05/p2.json,PASS,0,NaN/Infinity sentinels preserved; Python extended JSON
configs/3d/R06/gurobi.json,PASS,0,NaN/Infinity sentinels preserved; Python extended JSON
configs/3d/R06/p1.json,PASS,0,NaN/Infinity sentinels preserved; Python extended JSON
configs/3d/R06/p1_norho.json,PASS,0,NaN/Infinity sentinels preserved; Python extended JSON
configs/3d/R06/p2.json,PASS,0,NaN/Infinity sentinels preserved; Python extended JSON
configs/3d/R07/gurobi.json,PASS,0,NaN/Infinity sentinels preserved; Python extended JSON
configs/3d/R07/p1.json,PASS,0,NaN/Infinity sentinels preserved; Python extended JSON
configs/3d/R07/p1_norho.json,PASS,0,NaN/Infinity sentinels preserved; Python extended JSON
configs/3d/R07/p2.json,PASS,0,NaN/Infinity sentinels preserved; Python extended JSON
configs/3d/R08/gurobi.json,PASS,0,NaN/Infinity sentinels preserved; Python extended JSON
configs/3d/R08/p1.json,PASS,0,NaN/Infinity sentinels preserved; Python extended JSON
configs/3d/R08/p1_norho.json,PASS,0,NaN/Infinity sentinels preserved; Python extended JSON
configs/3d/R08/p2.json,PASS,0,NaN/Infinity sentinels preserved; Python extended JSON
configs/3d/R09/gurobi.json,PASS,0,NaN/Infinity sentinels preserved; Python extended JSON
configs/3d/R09/p1.json,PASS,0,NaN/Infinity sentinels preserved; Python extended JSON
configs/3d/R09/p1_norho.json,PASS,0,NaN/Infinity sentinels preserved; Python extended JSON
configs/3d/R09/p2.json,PASS,0,NaN/Infinity sentinels preserved; Python extended JSON
configs/3d/R10/gurobi.json,PASS,0,NaN/Infinity sentinels preserved; Python extended JSON
configs/3d/R10/p1.json,PASS,0,NaN/Infinity sentinels preserved; Python extended JSON
configs/3d/R10/p1_norho.json,PASS,0,NaN/Infinity sentinels preserved; Python extended JSON
configs/3d/R10/p2.json,PASS,0,NaN/Infinity sentinels preserved; Python extended JSON
configs/3d/R11/gurobi.json,PASS,0,NaN/Infinity sentinels preserved; Python extended JSON
configs/3d/R11/p1.json,PASS,0,NaN/Infinity sentinels preserved; Python extended JSON
configs/3d/R11/p1_norho.json,PASS,0,NaN/Infinity sentinels preserved; Python extended JSON
configs/3d/R11/p2.json,PASS,0,NaN/Infinity sentinels preserved; Python extended JSON
configs/3d/R12/gurobi.json,PASS,0,NaN/Infinity sentinels preserved; Python extended JSON
configs/3d/R12/p1.json,PASS,0,NaN/Infinity sentinels preserved; Python extended JSON
configs/3d/R12/p1_norho.json,PASS,0,NaN/Infinity sentinels preserved; Python extended JSON
configs/3d/R12/p2.json,PASS,0,NaN/Infinity sentinels preserved; Python extended JSON
configs/3d/R13/gurobi.json,PASS,0,NaN/Infinity sentinels preserved; Python extended JSON
configs/3d/R13/p1.json,PASS,0,NaN/Infinity sentinels preserved; Python extended JSON
configs/3d/R13/p1_norho.json,PASS,0,NaN/Infinity sentinels preserved; Python extended JSON
configs/3d/R13/p2.json,PASS,0,NaN/Infinity sentinels preserved; Python extended JSON
configs/3d/R14/gurobi.json,PASS,0,NaN/Infinity sentinels preserved; Python extended JSON
configs/3d/R14/p1.json,PASS,0,NaN/Infinity sentinels preserved; Python extended JSON
configs/3d/R14/p1_norho.json,PASS,0,NaN/Infinity sentinels preserved; Python extended JSON
configs/3d/R14/p2.json,PASS,0,NaN/Infinity sentinels preserved; Python extended JSON
configs/3d/R15/gurobi.json,PASS,0,NaN/Infinity sentinels preserved; Python extended JSON
configs/3d/R15/p1.json,PASS,0,NaN/Infinity sentinels preserved; Python extended JSON
configs/3d/R15/p1_norho.json,PASS,0,NaN/Infinity sentinels preserved; Python extended JSON
configs/3d/R15/p2.json,PASS,0,NaN/Infinity sentinels preserved; Python extended JSON
configs/3d/R16/gurobi.json,PASS,0,NaN/Infinity sentinels preserved; Python extended JSON
configs/3d/R16/p1.json,PASS,0,NaN/Infinity sentinels preserved; Python extended JSON
configs/3d/R16/p1_norho.json,PASS,0,NaN/Infinity sentinels preserved; Python extended JSON
configs/3d/R16/p2.json,PASS,0,NaN/Infinity sentinels preserved; Python extended JSON
configs/3d/R17/gurobi.json,PASS,0,NaN/Infinity sentinels preserved; Python extended JSON
configs/3d/R17/p1.json,PASS,0,NaN/Infinity sentinels preserved; Python extended JSON
configs/3d/R17/p1_norho.json,PASS,0,NaN/Infinity sentinels preserved; Python extended JSON
configs/3d/R17/p2.json,PASS,0,NaN/Infinity sentinels preserved; Python extended JSON
configs/3d/R18/gurobi.json,PASS,0,NaN/Infinity sentinels preserved; Python extended JSON
configs/3d/R18/p1.json,PASS,0,NaN/Infinity sentinels preserved; Python extended JSON
configs/3d/R18/p1_norho.json,PASS,0,NaN/Infinity sentinels preserved; Python extended JSON
configs/3d/R18/p2.json,PASS,0,NaN/Infinity sentinels preserved; Python extended JSON
configs/3d/R19/gurobi.json,PASS,0,NaN/Infinity sentinels preserved; Python extended JSON
configs/3d/R19/p1.json,PASS,0,NaN/Infinity sentinels preserved; Python extended JSON
configs/3d/R19/p1_norho.json,PASS,0,NaN/Infinity sentinels preserved; Python extended JSON
configs/3d/R19/p2.json,PASS,0,NaN/Infinity sentinels preserved; Python extended JSON
configs/3d/R20/gurobi.json,PASS,0,NaN/Infinity sentinels preserved; Python extended JSON
configs/3d/R20/p1.json,PASS,0,NaN/Infinity sentinels preserved; Python extended JSON
configs/3d/R20/p1_norho.json,PASS,0,NaN/Infinity sentinels preserved; Python extended JSON
configs/3d/R20/p2.json,PASS,0,NaN/Infinity sentinels preserved; Python extended JSON
configs/run_plan.json,PASS,0,NaN/Infinity sentinels preserved; Python extended JSON
instances/2d_scaling/B0300.json,PASS,0,NaN/Infinity sentinels preserved; Python extended JSON
instances/2d_scaling/B0360.json,PASS,0,NaN/Infinity sentinels preserved; Python extended JSON
instances/2d_scaling/B0420.json,PASS,0,NaN/Infinity sentinels preserved; Python extended JSON
instances/2d_scaling/B0480.json,PASS,0,NaN/Infinity sentinels preserved; Python extended JSON
instances/2d_scaling/B0540.json,PASS,0,NaN/Infinity sentinels preserved; Python extended JSON
instances/2d_scaling/B0600.json,PASS,0,NaN/Infinity sentinels preserved; Python extended JSON
instances/2d_scaling/B0660.json,PASS,0,NaN/Infinity sentinels preserved; Python extended JSON
instances/2d_scaling/B0720.json,PASS,0,NaN/Infinity sentinels preserved; Python extended JSON
instances/2d_scaling/B0780.json,PASS,0,NaN/Infinity sentinels preserved; Python extended JSON
instances/2d_scaling/B0840.json,PASS,0,NaN/Infinity sentinels preserved; Python extended JSON
instances/2d_scaling/B0900.json,PASS,0,NaN/Infinity sentinels preserved; Python extended JSON
instances/2d_scaling/B0960.json,PASS,0,NaN/Infinity sentinels preserved; Python extended JSON
instances/2d_scaling/B1020.json,PASS,0,NaN/Infinity sentinels preserved; Python extended JSON
instances/2d_scaling/B1080.json,PASS,0,NaN/Infinity sentinels preserved; Python extended JSON
instances/2d_scaling/B1140.json,PASS,0,NaN/Infinity sentinels preserved; Python extended JSON
instances/2d_scaling/B1200.json,PASS,0,NaN/Infinity sentinels preserved; Python extended JSON
instances/2d_scaling/B1260.json,PASS,0,NaN/Infinity sentinels preserved; Python extended JSON
instances/2d_scaling/B1320.json,PASS,0,NaN/Infinity sentinels preserved; Python extended JSON
instances/2d_scaling/B1380.json,PASS,0,NaN/Infinity sentinels preserved; Python extended JSON
instances/2d_scaling/B1440.json,PASS,0,NaN/Infinity sentinels preserved; Python extended JSON
instances/3d_difficult/R01.json,PASS,0,NaN/Infinity sentinels preserved; Python extended JSON
instances/3d_difficult/R02.json,PASS,0,NaN/Infinity sentinels preserved; Python extended JSON
instances/3d_difficult/R03.json,PASS,0,NaN/Infinity sentinels preserved; Python extended JSON
instances/3d_difficult/R04.json,PASS,0,NaN/Infinity sentinels preserved; Python extended JSON
instances/3d_difficult/R05.json,PASS,0,NaN/Infinity sentinels preserved; Python extended JSON
instances/3d_difficult/R06.json,PASS,0,NaN/Infinity sentinels preserved; Python extended JSON
instances/3d_difficult/R07.json,PASS,0,NaN/Infinity sentinels preserved; Python extended JSON
instances/3d_difficult/R08.json,PASS,0,NaN/Infinity sentinels preserved; Python extended JSON
instances/3d_difficult/R09.json,PASS,0,NaN/Infinity sentinels preserved; Python extended JSON
instances/3d_difficult/R10.json,PASS,0,NaN/Infinity sentinels preserved; Python extended JSON
instances/3d_difficult/R11.json,PASS,0,NaN/Infinity sentinels preserved; Python extended JSON
instances/3d_difficult/R12.json,PASS,0,NaN/Infinity sentinels preserved; Python extended JSON
instances/3d_difficult/R13.json,PASS,0,NaN/Infinity sentinels preserved; Python extended JSON
instances/3d_difficult/R14.json,PASS,0,NaN/Infinity sentinels preserved; Python extended JSON
instances/3d_difficult/R15.json,PASS,0,NaN/Infinity sentinels preserved; Python extended JSON
instances/3d_difficult/R16.json,PASS,0,NaN/Infinity sentinels preserved; Python extended JSON
instances/3d_difficult/R17.json,PASS,0,NaN/Infinity sentinels preserved; Python extended JSON
instances/3d_difficult/R18.json,PASS,0,NaN/Infinity sentinels preserved; Python extended JSON
instances/3d_difficult/R19.json,PASS,0,NaN/Infinity sentinels preserved; Python extended JSON
instances/3d_difficult/R20.json,PASS,0,NaN/Infinity sentinels preserved; Python extended JSON
