study,instance_id,method,job_id,lb,ub,gap_percent,time_sec,budget,overtime_sec,residual,status,official_bounds_gap_residual_check,audit_basis
2d,B0300,gurobi,2d_B0300_gurobi,-75508.74630986225,-73097.02069238957,3.299348721231498,1800.0329999923706,1800.0,0.03299999237060547,6.750155989720952e-13,TIME_LIMIT,PASS,"Original summary, iteration bounds and fixed-z/native audit records; not an independent optimization proof"
2d,B0300,p1,2d_B0300_p1p2,-73126.8211343417,-73097.02069238955,0.04076834003613909,370.2822088999674,1800.0,-1429.7177911000326,1.0132339411939029e-11,HISTORICAL_AUDITED_CERT_TARGET_0P05,PASS,"Original summary, iteration bounds and fixed-z/native audit records; not an independent optimization proof"
2d,B0300,p2,2d_B0300_p1p2,-73185.87565920748,-73097.02069238955,0.12155757645972581,1799.9109072999563,1800.0,-0.08909270004369318,1.0132339411939029e-11,OUTER_TIME_LIMIT,PASS,"Original summary, iteration bounds and fixed-z/native audit records; not an independent optimization proof"
2d,B0300,p1_norho,2d_B0300_p1_norho,-107510.78808634296,-72928.51242312965,47.41941733648384,1775.005043900106,1800.0,-24.994956099893898,1.5631940186722204e-12,OUTER_TIME_LIMIT_NO_0P1_CHECKPOINT,PASS,"Original summary, iteration bounds and fixed-z/native audit records; not an independent optimization proof"
2d,B0360,gurobi,2d_B0360_gurobi,-90819.91982783929,-87745.06802068706,3.5043015824288717,1800.0439999103546,1800.0,0.04399991035461426,5.826450433232822e-13,TIME_LIMIT,PASS,"Original summary, iteration bounds and fixed-z/native audit records; not an independent optimization proof"
2d,B0360,p1,2d_B0360_p1p2,-87781.12761504929,-87745.06802068703,0.04109586461743879,440.456133000087,1800.0,-1359.543866999913,1.163158458439284e-11,HISTORICAL_AUDITED_CERT_TARGET_0P05,PASS,"Original summary, iteration bounds and fixed-z/native audit records; not an independent optimization proof"
2d,B0360,p2,2d_B0360_p1p2,-87852.97712207957,-87745.06802068705,0.12298024701180908,1799.9043446001597,1800.0,-0.09565539984032512,1.163158458439284e-11,OUTER_TIME_LIMIT,PASS,"Original summary, iteration bounds and fixed-z/native audit records; not an independent optimization proof"
2d,B0360,p1_norho,2d_B0360_p1_norho,-131107.50096862463,-87540.64316460275,49.767577926178916,1759.4059967000503,1800.0,-40.59400329994969,1.6484591469634324e-12,OUTER_TIME_LIMIT_NO_0P1_CHECKPOINT,PASS,"Original summary, iteration bounds and fixed-z/native audit records; not an independent optimization proof"
2d,B0420,gurobi,2d_B0420_gurobi,-106077.95419565363,-102393.81901202361,3.5980054452284924,1800.0950000286102,1800.0,0.09500002861022949,5.826450433232822e-13,TIME_LIMIT,PASS,"Original summary, iteration bounds and fixed-z/native audit records; not an independent optimization proof"
2d,B0420,p1,2d_B0420_p1p2,-102818.61162448075,-102393.8190120236,0.4148615771497612,1765.3335454000626,1800.0,-34.666454599937424,1.3677947663381929e-11,OUTER_TIME_LIMIT_NO_0P1_CHECKPOINT,PASS,"Original summary, iteration bounds and fixed-z/native audit records; not an independent optimization proof"
2d,B0420,p2,2d_B0420_p1p2,-102519.48991494243,-102393.8190120236,0.12273289943807854,1799.9050904000178,1800.0,-0.09490959998220205,1.3677947663381929e-11,OUTER_TIME_LIMIT,PASS,"Original summary, iteration bounds and fixed-z/native audit records; not an independent optimization proof"
2d,B0420,p1_norho,2d_B0420_p1_norho,-149321.50854651464,-102159.43546054598,46.16516611838822,1807.9791943000164,1800.0,7.979194300016388,1.7479351299698465e-12,OUTER_TIME_LIMIT_NO_0P1_CHECKPOINT,PASS,"Original summary, iteration bounds and fixed-z/native audit records; not an independent optimization proof"
2d,B0480,gurobi,2d_B0480_gurobi,-121401.6684465014,-117020.64417655446,3.7438046088150774,1800.180999994278,1800.0,0.1809999942779541,5.826450433232822e-13,TIME_LIMIT,PASS,"Original summary, iteration bounds and fixed-z/native audit records; not an independent optimization proof"
2d,B0480,p1,2d_B0480_p1p2,-117073.285500191,-117020.64417655442,0.04498464694585783,793.1731566998642,1800.0,-1006.8268433001358,1.4999557151895715e-11,HISTORICAL_AUDITED_CERT_TARGET_0P05,PASS,"Original summary, iteration bounds and fixed-z/native audit records; not an independent optimization proof"
2d,B0480,p2,2d_B0480_p1p2,-117167.99819022621,-117020.64417655442,0.12592138311037937,1799.9050636000466,1800.0,-0.09493639995343983,1.4999557151895715e-11,OUTER_TIME_LIMIT,PASS,"Original summary, iteration bounds and fixed-z/native audit records; not an independent optimization proof"
2d,B0480,p1_norho,2d_B0480_p1_norho,-172717.62666113954,-116760.10473849243,47.9252070285267,1786.4874805998988,1800.0,-13.512519400101155,1.7905676941154525e-12,OUTER_TIME_LIMIT_NO_0P1_CHECKPOINT,PASS,"Original summary, iteration bounds and fixed-z/native audit records; not an independent optimization proof"
2d,B0540,gurobi,2d_B0540_gurobi,-136842.07416575553,-131671.21006200401,3.927103048051702,1801.2070000171661,1800.0,1.2070000171661377,7.105427357601002e-13,TIME_LIMIT,PASS,"Original summary, iteration bounds and fixed-z/native audit records; not an independent optimization proof"
2d,B0540,p1,2d_B0540_p1p2,-131730.56688754912,-131671.21006200396,0.04507957777346857,892.4853006999474,1800.0,-907.5146993000526,1.674038685450796e-11,HISTORICAL_AUDITED_CERT_TARGET_0P05,PASS,"Original summary, iteration bounds and fixed-z/native audit records; not an independent optimization proof"
2d,B0540,p2,2d_B0540_p1p2,-131836.87238899694,-131671.21006200396,0.1258151473772997,1799.9052857998759,1800.0,-0.09471420012414455,1.674038685450796e-11,OUTER_TIME_LIMIT,PASS,"Original summary, iteration bounds and fixed-z/native audit records; not an independent optimization proof"
2d,B0540,p1_norho,2d_B0540_p1_norho,-195598.23882438464,-131370.57563233966,48.890448171435104,1775.8515588000882,1800.0,-24.14844119991176,2.2595258997171186e-12,OUTER_TIME_LIMIT_NO_0P1_CHECKPOINT,PASS,"Original summary, iteration bounds and fixed-z/native audit records; not an independent optimization proof"
2d,B0600,gurobi,2d_B0600_gurobi,-152051.79981459098,-146315.44180120967,3.9205417710968375,2400.210000038147,2400.0,0.21000003814697266,6.821210263296962e-13,TIME_LIMIT,PASS,"Original summary, iteration bounds and fixed-z/native audit records; not an independent optimization proof"
2d,B0600,p1,2d_B0600_p1p2,-146378.538065847,-146315.44180120958,0.043123448803954606,989.1168204999994,2400.0,-1410.8831795000006,1.9490187241899548e-11,HISTORICAL_AUDITED_CERT_TARGET_0P05,PASS,"Original summary, iteration bounds and fixed-z/native audit records; not an independent optimization proof"
2d,B0600,p2,2d_B0600_p1p2,-146489.07562878946,-146315.44180120958,0.11867088356660499,2399.903146199882,2400.0,-0.09685380011796951,1.9490187241899548e-11,OUTER_TIME_LIMIT,PASS,"Original summary, iteration bounds and fixed-z/native audit records; not an independent optimization proof"
2d,B0600,p1_norho,2d_B0600_p1_norho,-216785.24365202757,-145987.01948236354,48.49624605029836,2390.9341729998123,2400.0,-9.06582700018771,2.0037305148434825e-12,OUTER_TIME_LIMIT_NO_0P1_CHECKPOINT,PASS,"Original summary, iteration bounds and fixed-z/native audit records; not an independent optimization proof"
2d,B0660,gurobi,2d_B0660_gurobi,-167279.00272876743,-160950.87165841454,3.931715936141717,2400.1950001716614,2400.0,0.19500017166137695,7.958078640513122e-13,TIME_LIMIT,PASS,"Original summary, iteration bounds and fixed-z/native audit records; not an independent optimization proof"
2d,B0660,p1,2d_B0660_p1p2,-161025.08373802964,-160950.87165841451,0.0461085291744356,1090.6239142999984,2400.0,-1309.3760857000016,2.2438939595303964e-11,HISTORICAL_AUDITED_CERT_TARGET_0P05,PASS,"Original summary, iteration bounds and fixed-z/native audit records; not an independent optimization proof"
2d,B0660,p2,2d_B0660_p1p2,-161148.96636342295,-160950.87165841451,0.12307774600242719,2399.935063699959,2400.0,-0.06493630004115403,2.2438939595303964e-11,OUTER_TIME_LIMIT,PASS,"Original summary, iteration bounds and fixed-z/native audit records; not an independent optimization proof"
2d,B0660,p1_norho,2d_B0660_p1_norho,-235314.760005227,-160589.8254263309,46.53154979184871,2378.5990393999964,2400.0,-21.4009606000036,2.0889956431346945e-12,OUTER_TIME_LIMIT_NO_0P1_CHECKPOINT,PASS,"Original summary, iteration bounds and fixed-z/native audit records; not an independent optimization proof"
2d,B0720,gurobi,2d_B0720_gurobi,-182689.7607822401,-175594.73118909885,4.040570890194069,2400.2870001792908,2400.0,0.2870001792907715,6.394884621840902e-13,TIME_LIMIT,PASS,"Original summary, iteration bounds and fixed-z/native audit records; not an independent optimization proof"
2d,B0720,p1,2d_B0720_p1p2,-175690.11024171836,-175594.7311890988,0.05431771897349931,2344.0067733998876,2400.0,-55.99322660011239,2.5124791136477143e-11,OUTER_TIME_LIMIT_NO_0P1_CHECKPOINT,PASS,"Original summary, iteration bounds and fixed-z/native audit records; not an independent optimization proof"
2d,B0720,p2,2d_B0720_p1p2,-175827.60955346722,-175594.7311890988,0.1326226378157334,2399.903224400012,2400.0,-0.09677559998817742,2.5124791136477143e-11,OUTER_TIME_LIMIT,PASS,"Original summary, iteration bounds and fixed-z/native audit records; not an independent optimization proof"
2d,B0720,p1_norho,2d_B0720_p1_norho,-258174.68605025663,-175205.26807688022,47.35554979829108,2408.7942945999093,2400.0,8.794294599909335,1.5916157281026244e-12,OUTER_TIME_LIMIT_NO_0P1_CHECKPOINT,PASS,"Original summary, iteration bounds and fixed-z/native audit records; not an independent optimization proof"
2d,B0780,gurobi,2d_B0780_gurobi,-198205.7635072588,-190221.16393139883,4.197534812025185,2400.2080001831055,2400.0,0.20800018310546875,5.755396159656812e-13,TIME_LIMIT,PASS,"Original summary, iteration bounds and fixed-z/native audit records; not an independent optimization proof"
2d,B0780,p1,2d_B0780_p1p2,-190321.04361960865,-190221.1639313988,0.05250713755798203,2536.155242800014,2400.0,136.1552428000141,2.8130386908742366e-11,OUTER_TIME_LIMIT_NO_0P1_CHECKPOINT,PASS,"Original summary, iteration bounds and fixed-z/native audit records; not an independent optimization proof"
2d,B0780,p2,2d_B0780_p1p2,-190510.32185149955,-190221.1639313988,0.15201143454523122,2399.911923200125,2400.0,-0.08807679987512529,2.8130386908742366e-11,OUTER_TIME_LIMIT,PASS,"Original summary, iteration bounds and fixed-z/native audit records; not an independent optimization proof"
2d,B0780,p1_norho,2d_B0780_p1_norho,-279288.37358418736,-189793.07280625767,47.15414501417933,2358.6150672000367,2400.0,-41.38493279996328,2.2737367544323206e-12,OUTER_TIME_LIMIT_NO_0P1_CHECKPOINT,PASS,"Original summary, iteration bounds and fixed-z/native audit records; not an independent optimization proof"
2d,B0840,gurobi,2d_B0840_gurobi,-213313.02110522476,-204846.98518726227,4.132858440764071,2400.2039999961853,2400.0,0.20399999618530273,7.247535904753022e-13,TIME_LIMIT,PASS,"Original summary, iteration bounds and fixed-z/native audit records; not an independent optimization proof"
2d,B0840,p1,2d_B0840_p1p2,-204894.48127834775,-204846.9851872623,0.023186131366316243,2111.184550799895,2400.0,-288.8154492001049,2.90683033199457e-11,HISTORICAL_AUDITED_CERT_TARGET_0P05,PASS,"Original summary, iteration bounds and fixed-z/native audit records; not an independent optimization proof"
2d,B0840,p2,2d_B0840_p1p2,-205154.94955722062,-204846.9851872623,0.15033873682680612,2399.913997200085,2400.0,-0.08600279991514981,2.90683033199457e-11,OUTER_TIME_LIMIT,PASS,"Original summary, iteration bounds and fixed-z/native audit records; not an independent optimization proof"
2d,B0840,p1_norho,2d_B0840_p1_norho,-296655.8298747475,-204384.86992966826,45.145690078150594,2407.1945764000993,2400.0,7.194576400099322,1.8758328224066645e-12,OUTER_TIME_LIMIT_NO_0P1_CHECKPOINT,PASS,"Original summary, iteration bounds and fixed-z/native audit records; not an independent optimization proof"
2d,B0900,gurobi,2d_B0900_gurobi,-228550.31838882924,-219459.97706298414,4.142140834743737,3000.672000169754,3000.0,0.6720001697540283,6.963318810448982e-13,TIME_LIMIT,PASS,"Original summary, iteration bounds and fixed-z/native audit records; not an independent optimization proof"
2d,B0900,p1,2d_B0900_p1p2,-219515.4596368311,-219459.9770629841,0.025281408751388002,2410.14922380005,3000.0,-589.8507761999499,3.247890845159418e-11,HISTORICAL_AUDITED_CERT_TARGET_0P05,PASS,"Original summary, iteration bounds and fixed-z/native audit records; not an independent optimization proof"
2d,B0900,p2,2d_B0900_p1p2,-219818.9803776108,-219459.9770629841,0.16358486838065317,2999.901484800037,3000.0,-0.0985151999630034,3.247890845159418e-11,OUTER_TIME_LIMIT,PASS,"Original summary, iteration bounds and fixed-z/native audit records; not an independent optimization proof"
2d,B0900,p1_norho,2d_B0900_p1_norho,-324237.4280853545,-218964.69339111797,48.07749279752459,3014.8721946000587,3000.0,14.87219460005872,2.9558577807620168e-12,OUTER_TIME_LIMIT_NO_0P1_CHECKPOINT,PASS,"Original summary, iteration bounds and fixed-z/native audit records; not an independent optimization proof"
2d,B0960,gurobi,2d_B0960_gurobi,-243872.70552849545,-234089.61228976963,4.179208612903226,3000.648999929428,3000.0,0.6489999294281006,6.536993168992922e-13,TIME_LIMIT,PASS,"Original summary, iteration bounds and fixed-z/native audit records; not an independent optimization proof"
2d,B0960,p1,2d_B0960_p1p2,-234602.77828208264,-234089.61228976957,0.2192177548134166,3080.5904232000466,3000.0,80.59042320004664,3.5143443710694555e-11,OUTER_TIME_LIMIT_NO_0P1_CHECKPOINT,PASS,"Original summary, iteration bounds and fixed-z/native audit records; not an independent optimization proof"
2d,B0960,p2,2d_B0960_p1p2,-234470.6982224221,-234089.61228976957,0.16279489248792214,2999.9020731998608,3000.0,-0.09792680013924837,3.5143443710694555e-11,OUTER_TIME_LIMIT,PASS,"Original summary, iteration bounds and fixed-z/native audit records; not an independent optimization proof"
2d,B0960,p1_norho,2d_B0960_p1_norho,-345802.6621271551,-233567.80002024412,48.052369417866345,3181.3818435999565,3000.0,181.38184359995648,2.6858515411731787e-12,OUTER_TIME_LIMIT_NO_0P1_CHECKPOINT,PASS,"Original summary, iteration bounds and fixed-z/native audit records; not an independent optimization proof"
2d,B1020,gurobi,2d_B1020_gurobi,-259596.22800161218,-248709.801084977,4.377160397034618,3000.5280001163483,3000.0,0.5280001163482666,5.826450433232822e-13,TIME_LIMIT,PASS,"Original summary, iteration bounds and fixed-z/native audit records; not an independent optimization proof"
2d,B1020,p1,2d_B1020_p1p2,-248917.86615675627,-248709.80108497693,0.08365776936480382,2951.276847800007,3000.0,-48.72315219999291,3.824851546596619e-11,OUTER_TIME_LIMIT_NO_0P1_CHECKPOINT,PASS,"Original summary, iteration bounds and fixed-z/native audit records; not an independent optimization proof"
2d,B1020,p2,2d_B1020_p1p2,-249120.4899472865,-248709.80108497693,0.1651277354241612,2999.902334899991,3000.0,-0.0976651000091806,3.824851546596619e-11,OUTER_TIME_LIMIT,PASS,"Original summary, iteration bounds and fixed-z/native audit records; not an independent optimization proof"
2d,B1020,p1_norho,2d_B1020_p1_norho,-364115.14961116516,-248176.32095391874,46.71631371260995,2962.0943746999837,3000.0,-37.905625300016254,2.1742607714259066e-12,OUTER_TIME_LIMIT_NO_0P1_CHECKPOINT,PASS,"Original summary, iteration bounds and fixed-z/native audit records; not an independent optimization proof"
2d,B1080,gurobi,2d_B1080_gurobi,-274940.3239144542,-263315.7449131278,4.414691952872603,3000.319999933243,3000.0,0.31999993324279785,5.968558980384842e-13,TIME_LIMIT,PASS,"Original summary, iteration bounds and fixed-z/native audit records; not an independent optimization proof"
2d,B1080,p1,2d_B1080_p1p2,-263537.04762019194,-263315.74491312786,0.084044616145948,2988.909682199941,3000.0,-11.090317800058983,4.0529357647756115e-11,OUTER_TIME_LIMIT_NO_0P1_CHECKPOINT,PASS,"Original summary, iteration bounds and fixed-z/native audit records; not an independent optimization proof"
2d,B1080,p2,2d_B1080_p1p2,-263750.01581819536,-263315.74491312786,0.1649240174417891,2999.9028906999156,3000.0,-0.0971093000844121,4.0529357647756115e-11,OUTER_TIME_LIMIT,PASS,"Original summary, iteration bounds and fixed-z/native audit records; not an independent optimization proof"
2d,B1080,p1_norho,2d_B1080_p1_norho,-385422.84137139074,-262761.8603865738,46.681425076058886,2946.3650654999074,3000.0,-53.63493450009264,2.9132252166164108e-12,OUTER_TIME_LIMIT_NO_0P1_CHECKPOINT,PASS,"Original summary, iteration bounds and fixed-z/native audit records; not an independent optimization proof"
2d,B1140,gurobi,2d_B1140_gurobi,-289894.825291715,-277919.6420514026,4.308865379906295,3000.6319999694824,3000.0,0.6319999694824219,4.973799150320701e-13,TIME_LIMIT,PASS,"Original summary, iteration bounds and fixed-z/native audit records; not an independent optimization proof"
2d,B1140,p1,2d_B1140_p1p2,-278154.6389741631,-277919.64205140265,0.08455570863069163,3095.717227999936,3000.0,95.71722799993586,4.3371528590796515e-11,OUTER_TIME_LIMIT_NO_0P1_CHECKPOINT,PASS,"Original summary, iteration bounds and fixed-z/native audit records; not an independent optimization proof"
2d,B1140,p2,2d_B1140_p1p2,-278463.36655727495,-277919.64205140265,0.1956409060759104,2999.9016086000483,3000.0,-0.09839139995165169,4.3371528590796515e-11,OUTER_TIME_LIMIT,PASS,"Original summary, iteration bounds and fixed-z/native audit records; not an independent optimization proof"
2d,B1140,p1_norho,2d_B1140_p1_norho,-407034.1065906764,-277337.345562895,46.764982467306616,3084.344476700062,3000.0,84.34447670006193,3.581135388230905e-12,OUTER_TIME_LIMIT_NO_0P1_CHECKPOINT,PASS,"Original summary, iteration bounds and fixed-z/native audit records; not an independent optimization proof"
2d,B1200,gurobi,2d_B1200_gurobi,-305189.9190808162,-292557.10902085877,4.318066343435443,3604.0950000286102,3600.0,4.0950000286102295,7.958078640513122e-13,TIME_LIMIT,PASS,"Original summary, iteration bounds and fixed-z/native audit records; not an independent optimization proof"
2d,B1200,p1,2d_B1200_p1p2,-292641.4239474036,-292557.1090208589,0.028819988967937433,3808.3869357000804,3600.0,208.38693570008036,4.5005776883044746e-11,HISTORICAL_AUDITED_CERT_TARGET_0P05,PASS,"Original summary, iteration bounds and fixed-z/native audit records; not an independent optimization proof"
2d,B1200,p2,2d_B1200_p1p2,-293128.8236076157,-292557.1090208589,0.19541982372955086,3599.9100827000802,3600.0,-0.08991729991976172,4.5005776883044746e-11,OUTER_TIME_LIMIT,PASS,"Original summary, iteration bounds and fixed-z/native audit records; not an independent optimization proof"
2d,B1200,p1_norho,2d_B1200_p1_norho,-431059.79660788074,-291945.7975098566,47.650625658801424,3611.072011000011,3600.0,11.072011000011116,3.197442310920451e-12,OUTER_TIME_LIMIT_NO_0P1_CHECKPOINT,PASS,"Original summary, iteration bounds and fixed-z/native audit records; not an independent optimization proof"
2d,B1260,gurobi,2d_B1260_gurobi,-320620.2059236891,-307176.6503430891,4.376490063806865,3600.548000097275,3600.0,0.5480000972747803,5.542233338928781e-13,TIME_LIMIT,PASS,"Original summary, iteration bounds and fixed-z/native audit records; not an independent optimization proof"
2d,B1260,p1,2d_B1260_p1p2,-307430.43434038904,-307176.65034308925,0.08261825793605587,3694.679318999988,3600.0,94.67931899998803,4.686739885073621e-11,OUTER_TIME_LIMIT_NO_0P1_CHECKPOINT,PASS,"Original summary, iteration bounds and fixed-z/native audit records; not an independent optimization proof"
2d,B1260,p2,2d_B1260_p1p2,-307775.08135095803,-307176.65034308925,0.19481656799121622,3599.916334300069,3600.0,-0.08366569993086159,4.686739885073621e-11,OUTER_TIME_LIMIT,PASS,"Original summary, iteration bounds and fixed-z/native audit records; not an independent optimization proof"
2d,B1260,p1_norho,2d_B1260_p1_norho,-449682.20605718845,-306532.84684152185,46.699517096017814,3810.692877100082,3600.0,210.69287710008211,3.325340003357269e-12,OUTER_TIME_LIMIT_NO_0P1_CHECKPOINT,PASS,"Original summary, iteration bounds and fixed-z/native audit records; not an independent optimization proof"
2d,B1320,gurobi,2d_B1320_gurobi,-335721.9775931724,-321787.961890157,4.330185511343579,3600.492000102997,3600.0,0.49200010299682617,7.531752999057062e-13,TIME_LIMIT,PASS,"Original summary, iteration bounds and fixed-z/native audit records; not an independent optimization proof"
2d,B1320,p1,2d_B1320_p1p2,-322048.18994475657,-321787.9618901571,0.08086941881570964,3661.3122316000517,3600.0,61.312231600051746,5.048406137575512e-11,OUTER_TIME_LIMIT_NO_0P1_CHECKPOINT,PASS,"Original summary, iteration bounds and fixed-z/native audit records; not an independent optimization proof"
2d,B1320,p2,2d_B1320_p1p2,-322410.21170312737,-321787.9618901571,0.19337262006796055,3599.9027276000706,3600.0,-0.0972723999293521,5.048406137575512e-11,OUTER_TIME_LIMIT,PASS,"Original summary, iteration bounds and fixed-z/native audit records; not an independent optimization proof"
2d,B1320,p1_norho,2d_B1320_p1_norho,-470629.80922905443,-321102.78370847926,46.56671729645508,3664.746222499991,3600.0,64.74622249999084,4.462208380573429e-12,OUTER_TIME_LIMIT_NO_0P1_CHECKPOINT,PASS,"Original summary, iteration bounds and fixed-z/native audit records; not an independent optimization proof"
2d,B1380,gurobi,2d_B1380_gurobi,-350969.6169511774,-336429.19970246044,4.321984316931051,3602.223999977112,3600.0,2.2239999771118164,6.892264536872972e-12,TIME_LIMIT,PASS,"Original summary, iteration bounds and fixed-z/native audit records; not an independent optimization proof"
2d,B1380,p1,2d_B1380_p1p2,-336600.3717547435,-336429.1997024605,0.050879071268011215,3623.9746037999867,3600.0,23.974603799986653,5.262279501039302e-11,OUTER_TIME_LIMIT_NO_0P1_CHECKPOINT,PASS,"Original summary, iteration bounds and fixed-z/native audit records; not an independent optimization proof"
2d,B1380,p2,2d_B1380_p1p2,-338139.58104686433,-336429.1997024605,0.5083926561417701,3599.908050899976,3600.0,-0.09194910002406687,5.262279501039302e-11,OUTER_TIME_LIMIT,PASS,"Original summary, iteration bounds and fixed-z/native audit records; not an independent optimization proof"
2d,B1380,p1_norho,2d_B1380_p1_norho,-492896.084856987,-335718.4614720008,46.81828419438737,3546.899141300004,3600.0,-53.100858699996024,4.149569576838985e-12,OUTER_TIME_LIMIT_NO_0P1_CHECKPOINT,PASS,"Original summary, iteration bounds and fixed-z/native audit records; not an independent optimization proof"
2d,B1440,gurobi,2d_B1440_gurobi,-366201.5751286783,-351053.09087285335,4.315154787032345,3600.7290000915527,3600.0,0.7290000915527344,7.673861546209082e-13,TIME_LIMIT,PASS,"Original summary, iteration bounds and fixed-z/native audit records; not an independent optimization proof"
2d,B1440,p1,2d_B1440_p1p2,-351231.43638743827,-351053.09087285347,0.050803003654336897,3549.0297284000553,3600.0,-50.97027159994468,5.544364967136062e-11,OUTER_TIME_LIMIT_NO_0P1_CHECKPOINT,PASS,"Original summary, iteration bounds and fixed-z/native audit records; not an independent optimization proof"
2d,B1440,p2,2d_B1440_p1p2,-352836.696036345,-351053.09087285347,0.5080727701490321,3599.901040000026,3600.0,-0.09895999997388572,5.544364967136062e-11,OUTER_TIME_LIMIT,PASS,"Original summary, iteration bounds and fixed-z/native audit records; not an independent optimization proof"
2d,B1440,p1_norho,2d_B1440_p1_norho,-515721.0438744946,-350311.68332147435,47.21776875515375,3582.7715771000367,3600.0,-17.228422899963334,4.362732397567015e-12,OUTER_TIME_LIMIT_NO_0P1_CHECKPOINT,PASS,"Original summary, iteration bounds and fixed-z/native audit records; not an independent optimization proof"
3d,R01,gurobi,3d_R01_gurobi,-25131.689517867086,-24508.804690568075,2.5414737077680525,1800.1529998779297,1800.0,0.1529998779296875,3.3333334981122675e-09,TIME_LIMIT,PASS,"Original summary, iteration bounds and fixed-z/native audit records; not an independent optimization proof"
3d,R01,p2,3d_R01_p2,-25394.32143347709,-24508.804686140757,3.6130556290942852,1799.905123500037,1800.0,-0.09487649996299297,0.0,OUTER_TIME_LIMIT,PASS,"Original summary, iteration bounds and fixed-z/native audit records; not an independent optimization proof"
3d,R01,p1,3d_R01_p1,-24529.68704859374,-24508.804686140757,0.085203512453595,1771.9302379,1800.0,-28.069762099999934,0.0,OUTER_TIME_LIMIT_AFTER_0P1_CHECKPOINT,PASS,"Original summary, iteration bounds and fixed-z/native audit records; not an independent optimization proof"
3d,R01,p1_norho,3d_R01_p1_norho,-47506.572042542095,-24508.804686140757,93.83471634341319,1796.8071522000246,1800.0,-3.192847799975425,0.0,OUTER_TIME_LIMIT_NO_0P1_CHECKPOINT,PASS,"Original summary, iteration bounds and fixed-z/native audit records; not an independent optimization proof"
3d,R02,gurobi,3d_R02_gurobi,-25239.96471422544,-24438.24272473206,3.2806040864878536,1800.090000152588,1800.0,0.09000015258789062,0.0,TIME_LIMIT,PASS,"Original summary, iteration bounds and fixed-z/native audit records; not an independent optimization proof"
3d,R02,p2,3d_R02_p2,-25073.64281003711,-24294.612013804133,3.206599042579202,1799.9036012999713,1800.0,-0.09639870002865791,0.0,OUTER_TIME_LIMIT,PASS,"Original summary, iteration bounds and fixed-z/native audit records; not an independent optimization proof"
3d,R02,p1,3d_R02_p1,-24442.590126012125,-24438.242724732056,0.017789336692646936,311.49672930000816,1800.0,-1488.5032706999918,0.0,HISTORICAL_AUDITED_CERT_TARGET_0P05,PASS,"Original summary, iteration bounds and fixed-z/native audit records; not an independent optimization proof"
3d,R02,p1_norho,3d_R02_p1_norho,-52970.490399089795,-24438.24272473206,116.75245227629418,1796.2464548000135,1800.0,-3.7535451999865472,0.0,OUTER_TIME_LIMIT_NO_0P1_CHECKPOINT,PASS,"Original summary, iteration bounds and fixed-z/native audit records; not an independent optimization proof"
3d,R03,gurobi,3d_R03_gurobi,-27329.189898014727,-26440.230729152267,3.362146034082519,1800.055999994278,1800.0,0.0559999942779541,7.796324155151524e-07,TIME_LIMIT,PASS,"Original summary, iteration bounds and fixed-z/native audit records; not an independent optimization proof"
3d,R03,p2,3d_R03_p2,-27848.669310007906,-26440.23072915226,5.32687704310667,1799.9250708000036,1800.0,-0.07492919999640435,0.0,OUTER_TIME_LIMIT,PASS,"Original summary, iteration bounds and fixed-z/native audit records; not an independent optimization proof"
3d,R03,p1,3d_R03_p1,-26521.944941022,-26519.785769108337,0.008141739652279835,711.0831268999027,1800.0,-1088.9168731000973,0.0,HISTORICAL_AUDITED_CERT_TARGET_0P05,PASS,"Original summary, iteration bounds and fixed-z/native audit records; not an independent optimization proof"
3d,R03,p1_norho,3d_R03_p1_norho,-68425.41736311071,-26519.785769108337,158.01647856000517,1797.7396673000185,1800.0,-2.260332699981518,0.0,OUTER_TIME_LIMIT_NO_0P1_CHECKPOINT,PASS,"Original summary, iteration bounds and fixed-z/native audit records; not an independent optimization proof"
3d,R04,gurobi,3d_R04_gurobi,-27927.610732064484,-27117.6182981519,2.986960082581385,1800.0859999656677,1800.0,0.08599996566772461,0.0,TIME_LIMIT,PASS,"Original summary, iteration bounds and fixed-z/native audit records; not an independent optimization proof"
3d,R04,p2,3d_R04_p2,-28513.971458717286,-27052.716670513095,5.401508491740235,1799.9040221000323,1800.0,-0.09597789996769279,0.0,OUTER_TIME_LIMIT,PASS,"Original summary, iteration bounds and fixed-z/native audit records; not an independent optimization proof"
3d,R04,p1,3d_R04_p1,-27118.72552569239,-27117.61829815191,0.00408305599815836,1762.4896705999272,1800.0,-37.510329400072806,0.0,HISTORICAL_AUDITED_CERT_TARGET_0P05,PASS,"Original summary, iteration bounds and fixed-z/native audit records; not an independent optimization proof"
3d,R04,p1_norho,3d_R04_p1_norho,-57497.92922640113,-27117.61829815191,112.03163417312231,1800.583225899958,1800.0,0.5832258999580517,0.0,OUTER_TIME_LIMIT_NO_0P1_CHECKPOINT,PASS,"Original summary, iteration bounds and fixed-z/native audit records; not an independent optimization proof"
3d,R05,gurobi,3d_R05_gurobi,-25084.020011840297,-24329.41697124461,3.1016075785439803,1800.0439999103546,1800.0,0.04399991035461426,0.0,TIME_LIMIT,PASS,"Original summary, iteration bounds and fixed-z/native audit records; not an independent optimization proof"
3d,R05,p2,3d_R05_p2,-25611.53358022106,-24156.853904697673,6.021809302081771,1799.9022790999152,1800.0,-0.09772090008482337,0.0,OUTER_TIME_LIMIT,PASS,"Original summary, iteration bounds and fixed-z/native audit records; not an independent optimization proof"
3d,R05,p1,3d_R05_p1,-24472.38394389656,-24467.421877505476,0.020280299313613945,483.7594137999695,1800.0,-1316.2405862000305,0.0,HISTORICAL_AUDITED_CERT_TARGET_0P05,PASS,"Original summary, iteration bounds and fixed-z/native audit records; not an independent optimization proof"
3d,R05,p1_norho,3d_R05_p1_norho,-59926.47678149237,-24467.421877505476,144.92354397414772,1796.154916800093,1800.0,-3.8450831999070942,0.0,OUTER_TIME_LIMIT_NO_0P1_CHECKPOINT,PASS,"Original summary, iteration bounds and fixed-z/native audit records; not an independent optimization proof"
3d,R06,gurobi,3d_R06_gurobi,-28312.49119350147,-27831.830329429606,1.727018519380708,1800.026999950409,1800.0,0.026999950408935547,0.0,TIME_LIMIT,PASS,"Original summary, iteration bounds and fixed-z/native audit records; not an independent optimization proof"
3d,R06,p2,3d_R06_p2,-29630.86252522363,-27538.137088475614,7.599371845758577,1799.902311899932,1800.0,-0.09768810006789863,0.0,OUTER_TIME_LIMIT,PASS,"Original summary, iteration bounds and fixed-z/native audit records; not an independent optimization proof"
3d,R06,p1,3d_R06_p1,-27832.66496796353,-27831.8303294296,0.00299886325855225,891.0917437000899,1800.0,-908.9082562999101,0.0,HISTORICAL_AUDITED_CERT_TARGET_0P05,PASS,"Original summary, iteration bounds and fixed-z/native audit records; not an independent optimization proof"
3d,R06,p1_norho,3d_R06_p1_norho,-55304.396595405175,-27538.137088475614,100.8283872569921,1806.793348499923,1800.0,6.793348499923013,0.0,OUTER_TIME_LIMIT_NO_0P1_CHECKPOINT,PASS,"Original summary, iteration bounds and fixed-z/native audit records; not an independent optimization proof"
3d,R07,gurobi,3d_R07_gurobi,-27676.18924901592,-26889.682194982168,2.9249399391582234,1800.0520000457764,1800.0,0.05200004577636719,0.0,TIME_LIMIT,PASS,"Original summary, iteration bounds and fixed-z/native audit records; not an independent optimization proof"
3d,R07,p2,3d_R07_p2,-29479.808101547103,-26968.374449497966,9.312514021755916,1799.9031009000028,1800.0,-0.09689909999724478,0.0,OUTER_TIME_LIMIT,PASS,"Original summary, iteration bounds and fixed-z/native audit records; not an independent optimization proof"
3d,R07,p1,3d_R07_p1,-27266.910972125614,-26968.374449497966,1.106987457426102,1740.1624360999558,1800.0,-59.83756390004419,0.0,OUTER_TIME_LIMIT_NO_0P1_CHECKPOINT,PASS,"Original summary, iteration bounds and fixed-z/native audit records; not an independent optimization proof"
3d,R07,p1_norho,3d_R07_p1_norho,-63527.279703388405,-26968.374449497966,135.56213898747242,1786.7563446999993,1800.0,-13.243655300000682,0.0,OUTER_TIME_LIMIT_NO_0P1_CHECKPOINT,PASS,"Original summary, iteration bounds and fixed-z/native audit records; not an independent optimization proof"
3d,R08,gurobi,3d_R08_gurobi,-24084.428443991826,-23476.660895967725,2.588815976502389,1800.0910000801086,1800.0,0.09100008010864258,0.0,TIME_LIMIT,PASS,"Original summary, iteration bounds and fixed-z/native audit records; not an independent optimization proof"
3d,R08,p2,3d_R08_p2,-25452.58394311929,-23428.267782327508,8.640485842144813,1799.9001409000484,1800.0,-0.09985909995157272,0.0,OUTER_TIME_LIMIT,PASS,"Original summary, iteration bounds and fixed-z/native audit records; not an independent optimization proof"
3d,R08,p1,3d_R08_p1,-23644.096079501236,-23476.58742813019,0.7135136309050271,1799.7605419999454,1800.0,-0.23945800005458295,8.640199666842818e-12,OUTER_TIME_LIMIT_NO_0P1_CHECKPOINT,PASS,"Original summary, iteration bounds and fixed-z/native audit records; not an independent optimization proof"
3d,R08,p1_norho,3d_R08_p1_norho,-60404.2825197189,-23476.572007078845,157.29600770293598,1791.6391459000297,1800.0,-8.360854099970311,0.0,OUTER_TIME_LIMIT_NO_0P1_CHECKPOINT,PASS,"Original summary, iteration bounds and fixed-z/native audit records; not an independent optimization proof"
3d,R09,gurobi,3d_R09_gurobi,-25761.428540746903,-25077.335255715556,2.727934519579511,1800.0620000362396,1800.0,0.06200003623962402,4.055554336801492e-09,TIME_LIMIT,PASS,"Original summary, iteration bounds and fixed-z/native audit records; not an independent optimization proof"
3d,R09,p2,3d_R09_p2,-26604.401416631903,-24708.47770158611,7.673170876585759,1799.90415940003,1800.0,-0.09584059996996075,0.0,OUTER_TIME_LIMIT,PASS,"Original summary, iteration bounds and fixed-z/native audit records; not an independent optimization proof"
3d,R09,p1,3d_R09_p1,-25234.33399306354,-25123.420823849436,0.44147319742706603,1799.7582184999483,1800.0,-0.24178150005172938,0.0,OUTER_TIME_LIMIT_NO_0P1_CHECKPOINT,PASS,"Original summary, iteration bounds and fixed-z/native audit records; not an independent optimization proof"
3d,R09,p1_norho,3d_R09_p1_norho,-62621.37365297013,-25123.420823849436,149.25496448924753,1792.8822844000533,1800.0,-7.117715599946678,0.0,OUTER_TIME_LIMIT_NO_0P1_CHECKPOINT,PASS,"Original summary, iteration bounds and fixed-z/native audit records; not an independent optimization proof"
3d,R10,gurobi,3d_R10_gurobi,-26778.274714657993,-26072.479294055996,2.707051418630924,1800.0699999332428,1800.0,0.06999993324279785,0.0,TIME_LIMIT,PASS,"Original summary, iteration bounds and fixed-z/native audit records; not an independent optimization proof"
3d,R10,p2,3d_R10_p2,-27209.577119508966,-26188.36464897643,3.8994892740370135,1799.926629099995,1800.0,-0.07337090000510216,0.0,OUTER_TIME_LIMIT,PASS,"Original summary, iteration bounds and fixed-z/native audit records; not an independent optimization proof"
3d,R10,p1,3d_R10_p1,-26208.899006330455,-26188.364648976425,0.07841023152559834,1766.0455107999733,1800.0,-33.95448920002673,0.0,OUTER_TIME_LIMIT_AFTER_0P1_CHECKPOINT,PASS,"Original summary, iteration bounds and fixed-z/native audit records; not an independent optimization proof"
3d,R10,p1_norho,3d_R10_p1_norho,-58314.14165099835,-25123.30705274422,132.11172608993243,1794.7689085000893,1800.0,-5.23109149991069,0.0,OUTER_TIME_LIMIT_NO_0P1_CHECKPOINT,PASS,"Original summary, iteration bounds and fixed-z/native audit records; not an independent optimization proof"
3d,R11,gurobi,3d_R11_gurobi,-26007.14707809677,-25331.092777096423,2.6688714417074526,1800.1970000267029,1800.0,0.19700002670288086,0.0,TIME_LIMIT,PASS,"Original summary, iteration bounds and fixed-z/native audit records; not an independent optimization proof"
3d,R11,p2,3d_R11_p2,-26284.782797318374,-25442.86818358587,3.309039718547354,1799.9019265000243,1800.0,-0.09807349997572601,0.0,OUTER_TIME_LIMIT,PASS,"Original summary, iteration bounds and fixed-z/native audit records; not an independent optimization proof"
3d,R11,p1,3d_R11_p1,-25443.00299375648,-25442.86818358587,0.0005298544552332518,551.9224399999948,1800.0,-1248.0775600000052,0.0,HISTORICAL_AUDITED_CERT_TARGET_0P05,PASS,"Original summary, iteration bounds and fixed-z/native audit records; not an independent optimization proof"
3d,R11,p1_norho,3d_R11_p1_norho,-44583.67635645706,-25442.86818358587,75.23054411459643,1796.1082273999928,1800.0,-3.8917726000072435,0.0,OUTER_TIME_LIMIT_NO_0P1_CHECKPOINT,PASS,"Original summary, iteration bounds and fixed-z/native audit records; not an independent optimization proof"
3d,R12,gurobi,3d_R12_gurobi,-22232.98671400828,-21741.842386563017,2.2589820987240725,1800.1449999809265,1800.0,0.14499998092651367,0.0,TIME_LIMIT,PASS,"Original summary, iteration bounds and fixed-z/native audit records; not an independent optimization proof"
3d,R12,p2,3d_R12_p2,-22434.7646329122,-21717.21736997035,3.3040478930511834,1799.900070099975,1800.0,-0.09992990002501756,0.0,OUTER_TIME_LIMIT,PASS,"Original summary, iteration bounds and fixed-z/native audit records; not an independent optimization proof"
3d,R12,p1,3d_R12_p1,-21741.956012871316,-21741.842386563017,0.0005226158219655464,261.68909479992,1800.0,-1538.31090520008,0.0,UNIFIED_EPS_SOLUTION_WITH_CASE_C,PASS,"Original summary, iteration bounds and fixed-z/native audit records; not an independent optimization proof"
3d,R12,p1_norho,3d_R12_p1_norho,-50697.435320686884,-21717.21736997035,133.44351376612897,1800.7957224999554,1800.0,0.7957224999554455,0.0,OUTER_TIME_LIMIT_NO_0P1_CHECKPOINT,PASS,"Original summary, iteration bounds and fixed-z/native audit records; not an independent optimization proof"
3d,R13,gurobi,3d_R13_gurobi,-26613.267000137002,-25965.93286516119,2.4930132044065636,1800.1630001068115,1800.0,0.16300010681152344,9.67865575907112e-07,TIME_LIMIT,PASS,"Original summary, iteration bounds and fixed-z/native audit records; not an independent optimization proof"
3d,R13,p2,3d_R13_p2,-27207.216459375893,-26003.82892928044,4.627732067335795,1799.9032030000817,1800.0,-0.09679699991829693,0.0,OUTER_TIME_LIMIT,PASS,"Original summary, iteration bounds and fixed-z/native audit records; not an independent optimization proof"
3d,R13,p1,3d_R13_p1,-26029.677273981277,-26009.001839006378,0.07949338118732213,1790.069076600019,1800.0,-9.930923399981111,0.0,OUTER_TIME_LIMIT_AFTER_0P1_CHECKPOINT,PASS,"Original summary, iteration bounds and fixed-z/native audit records; not an independent optimization proof"
3d,R13,p1_norho,3d_R13_p1_norho,-59410.2734484587,-25965.932865161194,128.80084361679215,1790.6039659000235,1800.0,-9.396034099976532,0.0,OUTER_TIME_LIMIT_NO_0P1_CHECKPOINT,PASS,"Original summary, iteration bounds and fixed-z/native audit records; not an independent optimization proof"
3d,R14,gurobi,3d_R14_gurobi,-24457.557591244593,-23867.72589902876,2.4712521616474388,1800.1050000190735,1800.0,0.10500001907348633,2.2621992545879266e-07,TIME_LIMIT,PASS,"Original summary, iteration bounds and fixed-z/native audit records; not an independent optimization proof"
3d,R14,p2,3d_R14_p2,-25014.977659051045,-23867.72589902876,4.806707454558837,1799.9025997999124,1800.0,-0.0974002000875771,0.0,OUTER_TIME_LIMIT,PASS,"Original summary, iteration bounds and fixed-z/native audit records; not an independent optimization proof"
3d,R14,p1,3d_R14_p1,-23902.24004869684,-23867.72589902876,0.14460594115288236,1752.3218868999975,1800.0,-47.67811310000252,0.0,OUTER_TIME_LIMIT_NO_0P1_CHECKPOINT,PASS,"Original summary, iteration bounds and fixed-z/native audit records; not an independent optimization proof"
3d,R14,p1_norho,3d_R14_p1_norho,-52269.52879375721,-23867.72589902876,118.99668621502056,1776.7069790000096,1800.0,-23.293020999990404,0.0,OUTER_TIME_LIMIT_NO_0P1_CHECKPOINT,PASS,"Original summary, iteration bounds and fixed-z/native audit records; not an independent optimization proof"
3d,R15,gurobi,3d_R15_gurobi,-30901.85820972288,-30150.732514735962,2.4912353111812764,1800.037999868393,1800.0,0.037999868392944336,8.333316259268031e-10,TIME_LIMIT,PASS,"Original summary, iteration bounds and fixed-z/native audit records; not an independent optimization proof"
3d,R15,p2,3d_R15_p2,-32220.674872981224,-30150.732507064615,6.865313688254843,1799.9023134999443,1800.0,-0.09768650005571544,0.0,OUTER_TIME_LIMIT,PASS,"Original summary, iteration bounds and fixed-z/native audit records; not an independent optimization proof"
3d,R15,p1,3d_R15_p1,-30439.047991179395,-30150.732507064615,0.9562470299758904,1770.8488779999316,1800.0,-29.151122000068426,0.0,OUTER_TIME_LIMIT_NO_0P1_CHECKPOINT,PASS,"Original summary, iteration bounds and fixed-z/native audit records; not an independent optimization proof"
3d,R15,p1_norho,3d_R15_p1_norho,-49747.79075542815,-29077.5990787446,71.08630812573941,1794.1405767999822,1800.0,-5.859423200017773,0.0,OUTER_TIME_LIMIT_NO_0P1_CHECKPOINT,PASS,"Original summary, iteration bounds and fixed-z/native audit records; not an independent optimization proof"
3d,R16,gurobi,3d_R16_gurobi,-23651.80336451183,-23108.948816037562,2.34910965788945,1800.457999944687,1800.0,0.45799994468688965,8.5294117613266e-07,TIME_LIMIT,PASS,"Original summary, iteration bounds and fixed-z/native audit records; not an independent optimization proof"
3d,R16,p2,3d_R16_p2,-23907.52756898742,-23108.948816037573,3.455712154226747,1799.902480400051,1800.0,-0.09751959994900972,0.0,OUTER_TIME_LIMIT,PASS,"Original summary, iteration bounds and fixed-z/native audit records; not an independent optimization proof"
3d,R16,p1,3d_R16_p1,-23112.788305774335,-23108.948816037573,0.016614731233888957,835.7748794000363,1800.0,-964.2251205999637,0.0,HISTORICAL_AUDITED_CERT_TARGET_0P05,PASS,"Original summary, iteration bounds and fixed-z/native audit records; not an independent optimization proof"
3d,R16,p1_norho,3d_R16_p1_norho,-49781.03188804654,-23108.948816037573,115.4188504390065,1792.8835093999514,1800.0,-7.116490600048564,0.0,OUTER_TIME_LIMIT_NO_0P1_CHECKPOINT,PASS,"Original summary, iteration bounds and fixed-z/native audit records; not an independent optimization proof"
3d,R17,gurobi,3d_R17_gurobi,-22811.899236536698,-22638.804658282508,0.764592392871158,1800.0440001487732,1800.0,0.04400014877319336,0.0,TIME_LIMIT,PASS,"Original summary, iteration bounds and fixed-z/native audit records; not an independent optimization proof"
3d,R17,p2,3d_R17_p2,-23194.67914581028,-22638.804658282508,2.4554056449460298,1799.9047746999422,1800.0,-0.09522530005779117,0.0,OUTER_TIME_LIMIT,PASS,"Original summary, iteration bounds and fixed-z/native audit records; not an independent optimization proof"
3d,R17,p1,3d_R17_p1,-22645.051215484476,-22638.804658282508,0.02759225717194796,1353.52949919994,1800.0,-446.4705008000601,0.0,HISTORICAL_AUDITED_CERT_TARGET_0P05,PASS,"Original summary, iteration bounds and fixed-z/native audit records; not an independent optimization proof"
3d,R17,p1_norho,3d_R17_p1_norho,-50553.97448629564,-22434.849597206427,125.33681033721122,1800.6833597000223,1800.0,0.6833597000222653,0.0,OUTER_TIME_LIMIT_NO_0P1_CHECKPOINT,PASS,"Original summary, iteration bounds and fixed-z/native audit records; not an independent optimization proof"
3d,R18,gurobi,3d_R18_gurobi,-24761.026018617053,-24203.570308559647,2.3031961935808294,1800.0590000152588,1800.0,0.05900001525878906,4.4882457927997166e-07,TIME_LIMIT,PASS,"Original summary, iteration bounds and fixed-z/native audit records; not an independent optimization proof"
3d,R18,p2,3d_R18_p2,-25529.134061713834,-24203.57029649309,5.476728222252435,1799.9038801999995,1800.0,-0.0961198000004515,0.0,OUTER_TIME_LIMIT,PASS,"Original summary, iteration bounds and fixed-z/native audit records; not an independent optimization proof"
3d,R18,p1,3d_R18_p1,-24214.797773149254,-24203.57029649309,0.04638768792631741,1020.8071758999722,1800.0,-779.1928241000278,0.0,HISTORICAL_AUDITED_CERT_TARGET_0P05,PASS,"Original summary, iteration bounds and fixed-z/native audit records; not an independent optimization proof"
3d,R18,p1_norho,3d_R18_p1_norho,-50413.12664293174,-24203.57029649309,108.28797580428129,1792.2655227999203,1800.0,-7.734477200079709,0.0,OUTER_TIME_LIMIT_NO_0P1_CHECKPOINT,PASS,"Original summary, iteration bounds and fixed-z/native audit records; not an independent optimization proof"
3d,R19,gurobi,3d_R19_gurobi,-22170.505951265917,-21724.131126514712,2.0547419003855856,1800.0639998912811,1800.0,0.06399989128112793,0.0,TIME_LIMIT,PASS,"Original summary, iteration bounds and fixed-z/native audit records; not an independent optimization proof"
3d,R19,p2,3d_R19_p2,-22194.441206185053,-21410.840033315006,3.659833858226828,1799.9407553999918,1800.0,-0.05924460000824183,0.0,OUTER_TIME_LIMIT,PASS,"Original summary, iteration bounds and fixed-z/native audit records; not an independent optimization proof"
3d,R19,p1,3d_R19_p1,-21725.321035685636,-21724.13112651472,0.005477361391288053,771.2794906999916,1800.0,-1028.7205093000084,0.0,HISTORICAL_AUDITED_CERT_TARGET_0P05,PASS,"Original summary, iteration bounds and fixed-z/native audit records; not an independent optimization proof"
3d,R19,p1_norho,3d_R19_p1_norho,-47036.80371157194,-21410.840033315006,119.68686720550548,1797.4737457999727,1800.0,-2.5262542000273243,0.0,OUTER_TIME_LIMIT_NO_0P1_CHECKPOINT,PASS,"Original summary, iteration bounds and fixed-z/native audit records; not an independent optimization proof"
3d,R20,gurobi,3d_R20_gurobi,-27834.88243306951,-27266.64412182145,2.0840053095984046,1800.037999868393,1800.0,0.037999868392944336,0.0,TIME_LIMIT,PASS,"Original summary, iteration bounds and fixed-z/native audit records; not an independent optimization proof"
3d,R20,p2,3d_R20_p2,-28936.032065326424,-27266.644121821442,6.122454732773566,1799.9037745000096,1800.0,-0.0962254999903962,0.0,OUTER_TIME_LIMIT,PASS,"Original summary, iteration bounds and fixed-z/native audit records; not an independent optimization proof"
3d,R20,p1,3d_R20_p1,-27449.824011576336,-27266.644121821442,0.6718094421025422,1786.8985704000806,1800.0,-13.101429599919356,0.0,OUTER_TIME_LIMIT_NO_0P1_CHECKPOINT,PASS,"Original summary, iteration bounds and fixed-z/native audit records; not an independent optimization proof"
3d,R20,p1_norho,3d_R20_p1_norho,-60357.74299170577,-27163.02032137557,122.20556579346247,1798.6745807001134,1800.0,-1.325419299886562,0.0,OUTER_TIME_LIMIT_NO_0P1_CHECKPOINT,PASS,"Original summary, iteration bounds and fixed-z/native audit records; not an independent optimization proof"
