job_id,native_nodes,summary_node_count,match
2d_B0300_gurobi,107612,107612.0,PASS
2d_B0360_gurobi,179700,179700.0,PASS
2d_B0420_gurobi,154991,154991.0,PASS
2d_B0480_gurobi,237632,237632.0,PASS
2d_B0540_gurobi,282926,282926.0,PASS
2d_B0600_gurobi,334916,334916.0,PASS
2d_B0660_gurobi,314818,314818.0,PASS
2d_B0720_gurobi,231324,231324.0,PASS
2d_B0780_gurobi,368904,368904.0,PASS
2d_B0840_gurobi,181850,181850.0,PASS
2d_B0900_gurobi,336794,336794.0,PASS
2d_B0960_gurobi,333140,333140.0,PASS
2d_B1020_gurobi,344117,344117.0,PASS
2d_B1080_gurobi,383489,383489.0,PASS
2d_B1140_gurobi,409138,409138.0,PASS
2d_B1200_gurobi,406008,406008.0,PASS
2d_B1260_gurobi,356563,356563.0,PASS
2d_B1320_gurobi,287509,287509.0,PASS
2d_B1380_gurobi,309989,309989.0,PASS
2d_B1440_gurobi,255747,255747.0,PASS
3d_R01_gurobi,1108272,1108272.0,PASS
3d_R02_gurobi,530953,530953.0,PASS
3d_R03_gurobi,496706,496706.0,PASS
3d_R04_gurobi,946010,946010.0,PASS
3d_R05_gurobi,704249,704249.0,PASS
3d_R06_gurobi,462771,462771.0,PASS
3d_R07_gurobi,1241143,1241143.0,PASS
3d_R08_gurobi,1691875,1691875.0,PASS
3d_R09_gurobi,907571,907571.0,PASS
3d_R10_gurobi,1100547,1100547.0,PASS
3d_R11_gurobi,1258769,1258769.0,PASS
3d_R12_gurobi,1578407,1578407.0,PASS
3d_R13_gurobi,1466884,1466884.0,PASS
3d_R14_gurobi,803088,803088.0,PASS
3d_R15_gurobi,567172,567172.0,PASS
3d_R16_gurobi,1018645,1018645.0,PASS
3d_R17_gurobi,1505580,1505580.0,PASS
3d_R18_gurobi,992405,992405.0,PASS
3d_R19_gurobi,1672685,1672685.0,PASS
3d_R20_gurobi,240991,240991.0,PASS
