job_id,sha256,source_file,logging_sessions,logging_started,engine_version,platform_build,cpu,thread_header,status,runtime_printed,summary_runtime,summary_minus_printed_runtime_sec,runtime_comparison,native_ub,native_lb,native_gap_percent,summary_ub,summary_lb,summary_gap_percent,match
2d_B0300_gurobi,336f0294ffe3cf490e712d946f50975cc1e84fbe53b1cf62606c9e5668327f39,Study1_2D_Scaling__unpacked/Study1_2D_Scaling/B0300/Gurobi/gurobi_extensive.log,1,Wed Oct  7 21:49:34 2026,13.0.1,13.0.1 build v13.0.1rc0 (win64 - Windows 11+.0 (26200.2)),Intel(R) Core(TM) i7-14700,"20 physical cores, 28 logical processors, using up to 4 threads",TIME_LIMIT,1800.03,1800.0329999923706,0.0029999923706327536,WITHIN_0.0051S_DISPLAY_WINDOW,-7.309702069239e+04,-7.550874630986e+04,3.2993,-73097.02069238957,-75508.74630986225,3.299348721231498,PASS
2d_B0360_gurobi,493131abee64977a5a5e0af16e830f28f331a3c2377a6a471a25338502faffbd,Study1_2D_Scaling__unpacked/Study1_2D_Scaling/B0360/Gurobi/gurobi_extensive.log,1,Wed Oct  7 20:49:05 2026,13.0.1,13.0.1 build v13.0.1rc0 (win64 - Windows 11+.0 (26200.2)),Intel(R) Core(TM) i7-14700,"20 physical cores, 28 logical processors, using up to 4 threads",TIME_LIMIT,1800.04,1800.0439999103546,0.003999910354650638,WITHIN_0.0051S_DISPLAY_WINDOW,-8.774506802069e+04,-9.081991982784e+04,3.5043,-87745.06802068706,-90819.91982783929,3.5043015824288717,PASS
2d_B0420_gurobi,a124966de9157b1a120190cd93e952b27b1ecaa760954e17434aa0fb4243ef4a,Study1_2D_Scaling__unpacked/Study1_2D_Scaling/B0420/Gurobi/gurobi_extensive.log,1,Wed Oct  7 19:47:34 2026,13.0.1,13.0.1 build v13.0.1rc0 (win64 - Windows 11+.0 (26200.2)),Intel(R) Core(TM) i7-14700,"20 physical cores, 28 logical processors, using up to 4 threads",TIME_LIMIT,1800.09,1800.0950000286102,0.005000028610311347,WITHIN_0.0051S_DISPLAY_WINDOW,-1.023938190120e+05,-1.060779541957e+05,3.5980,-102393.81901202361,-106077.95419565363,3.5980054452284924,PASS
2d_B0480_gurobi,6dd8b1dea788736c19303ca7cae97b769103d735bddf43e7ee0d950b582f40bc,Study1_2D_Scaling__unpacked/Study1_2D_Scaling/B0480/Gurobi/gurobi_extensive.log,1,Wed Oct  7 18:46:12 2026,13.0.1,13.0.1 build v13.0.1rc0 (win64 - Windows 11+.0 (26200.2)),Intel(R) Core(TM) i7-14700,"20 physical cores, 28 logical processors, using up to 4 threads",TIME_LIMIT,1800.18,1800.180999994278,0.000999994277890437,WITHIN_0.0051S_DISPLAY_WINDOW,-1.170206441766e+05,-1.214016684465e+05,3.7438,-117020.64417655446,-121401.6684465014,3.7438046088150774,PASS
2d_B0540_gurobi,1304a7f2e6dacdada43344cd81df365fb2d5d1502bb0696a307f67343c2e1a6b,Study1_2D_Scaling__unpacked/Study1_2D_Scaling/B0540/Gurobi/gurobi_extensive.log,1,Wed Oct  7 17:45:23 2026,13.0.1,13.0.1 build v13.0.1rc0 (win64 - Windows 11+.0 (26200.2)),Intel(R) Core(TM) i7-14700,"20 physical cores, 28 logical processors, using up to 4 threads",TIME_LIMIT,1801.21,1801.2070000171661,-0.0029999828338986845,WITHIN_0.0051S_DISPLAY_WINDOW,-1.316712100620e+05,-1.368420741658e+05,3.9271,-131671.21006200401,-136842.07416575553,3.927103048051702,PASS
2d_B0600_gurobi,469e5840696b7782f39db5119585ffeda189f07b4982c8e31d33e8fdaf76323e,Study1_2D_Scaling__unpacked/Study1_2D_Scaling/B0600/Gurobi/gurobi_extensive.log,1,Wed Oct  7 16:23:36 2026,13.0.1,13.0.1 build v13.0.1rc0 (win64 - Windows 11+.0 (26200.2)),Intel(R) Core(TM) i7-14700,"20 physical cores, 28 logical processors, using up to 4 threads",TIME_LIMIT,2400.21,2400.210000038147,3.814693627646193e-08,WITHIN_0.0051S_DISPLAY_WINDOW,-1.463154418012e+05,-1.520517998146e+05,3.9205,-146315.44180120967,-152051.79981459098,3.9205417710968375,PASS
2d_B0660_gurobi,c88a3664f3884d7d2f17379847ba1662cfccb9430bf19fa7c9980603fcca2069,Study1_2D_Scaling__unpacked/Study1_2D_Scaling/B0660/Gurobi/gurobi_extensive.log,1,Wed Oct  7 15:01:48 2026,13.0.1,13.0.1 build v13.0.1rc0 (win64 - Windows 11+.0 (26200.2)),Intel(R) Core(TM) i7-14700,"20 physical cores, 28 logical processors, using up to 4 threads",TIME_LIMIT,2400.19,2400.1950001716614,0.0050001716613223834,WITHIN_0.0051S_DISPLAY_WINDOW,-1.609508716584e+05,-1.672790027288e+05,3.9317,-160950.87165841454,-167279.00272876743,3.931715936141717,PASS
2d_B0720_gurobi,e5b0d7ce9bf24eeef25a7f500552bd6d03964c6ffae9a519055a469324bbd6fe,Study1_2D_Scaling__unpacked/Study1_2D_Scaling/B0720/Gurobi/gurobi_extensive.log,1,Wed Oct  7 13:39:19 2026,13.0.1,13.0.1 build v13.0.1rc0 (win64 - Windows 11+.0 (26200.2)),Intel(R) Core(TM) i7-14700,"20 physical cores, 28 logical processors, using up to 4 threads",TIME_LIMIT,2400.29,2400.2870001792908,-0.002999820709192136,WITHIN_0.0051S_DISPLAY_WINDOW,-1.755947311891e+05,-1.826897607822e+05,4.0406,-175594.73118909885,-182689.7607822401,4.040570890194069,PASS
2d_B0780_gurobi,3a0584f0f21e549a4c23e4f759f46b46c948446705415ce04fa578a457aeea05,Study1_2D_Scaling__unpacked/Study1_2D_Scaling/B0780/Gurobi/gurobi_extensive.log,1,Wed Oct  7 12:17:31 2026,13.0.1,13.0.1 build v13.0.1rc0 (win64 - Windows 11+.0 (26200.2)),Intel(R) Core(TM) i7-14700,"20 physical cores, 28 logical processors, using up to 4 threads",TIME_LIMIT,2400.21,2400.2080001831055,-0.00199981689456763,WITHIN_0.0051S_DISPLAY_WINDOW,-1.902211639314e+05,-1.982057635073e+05,4.1975,-190221.16393139883,-198205.7635072588,4.197534812025185,PASS
2d_B0840_gurobi,95a4e40b435ebdfd65e515c5a51bf83203b84834fba84c18227f3139d8faa2dc,Study1_2D_Scaling__unpacked/Study1_2D_Scaling/B0840/Gurobi/gurobi_extensive.log,1,Wed Oct  7 10:54:42 2026,13.0.1,13.0.1 build v13.0.1rc0 (win64 - Windows 11+.0 (26200.2)),Intel(R) Core(TM) i7-14700,"20 physical cores, 28 logical processors, using up to 4 threads",TIME_LIMIT,2400.20,2400.2039999961853,0.003999996185484633,WITHIN_0.0051S_DISPLAY_WINDOW,-2.048469851873e+05,-2.133130211052e+05,4.1329,-204846.98518726227,-213313.02110522476,4.132858440764071,PASS
2d_B0900_gurobi,8feb68cdeb7712321eddf6def99eee89cfc21915b9b15e604639871027859bb8,Study1_2D_Scaling__unpacked/Study1_2D_Scaling/B0900/Gurobi/gurobi_extensive.log,1,Wed Oct  7 09:11:46 2026,13.0.1,13.0.1 build v13.0.1rc0 (win64 - Windows 11+.0 (26200.2)),Intel(R) Core(TM) i7-14700,"20 physical cores, 28 logical processors, using up to 4 threads",TIME_LIMIT,3000.67,3000.672000169754,0.0020001697539555607,WITHIN_0.0051S_DISPLAY_WINDOW,-2.194599770630e+05,-2.285503183888e+05,4.1421,-219459.97706298414,-228550.31838882924,4.142140834743737,PASS
2d_B0960_gurobi,7b0e507f3878c6d32a8140ecae6dfd6c530454edf077f6f860b016b935949780,Study1_2D_Scaling__unpacked/Study1_2D_Scaling/B0960/Gurobi/gurobi_extensive.log,1,Wed Oct  7 07:26:01 2026,13.0.1,13.0.1 build v13.0.1rc0 (win64 - Windows 11+.0 (26200.2)),Intel(R) Core(TM) i7-14700,"20 physical cores, 28 logical processors, using up to 4 threads",TIME_LIMIT,3000.65,3000.648999929428,-0.0010000705719903635,WITHIN_0.0051S_DISPLAY_WINDOW,-2.340896122898e+05,-2.438727055285e+05,4.1792,-234089.61228976963,-243872.70552849545,4.179208612903226,PASS
2d_B1020_gurobi,d85da8072bc29e2186d5df982df45963e76ad4215e38c5e5240c1090ef6f405d,Study1_2D_Scaling__unpacked/Study1_2D_Scaling/B1020/Gurobi/gurobi_extensive.log,1,Wed Oct  7 05:43:11 2026,13.0.1,13.0.1 build v13.0.1rc0 (win64 - Windows 11+.0 (26200.2)),Intel(R) Core(TM) i7-14700,"20 physical cores, 28 logical processors, using up to 4 threads",TIME_LIMIT,3000.52,3000.5280001163483,0.008000116348284791,RECORDED_DISPLAY_ATTRIBUTE_DIFFERENCE,-2.487098010850e+05,-2.595962280016e+05,4.3772,-248709.801084977,-259596.22800161218,4.377160397034618,PASS
2d_B1080_gurobi,b5db593026b9150772f28709c12e114089c8d106c6fe16f7b20ccdd8cc62b7e7,Study1_2D_Scaling__unpacked/Study1_2D_Scaling/B1080/Gurobi/gurobi_extensive.log,1,Wed Oct  7 04:01:25 2026,13.0.1,13.0.1 build v13.0.1rc0 (win64 - Windows 11+.0 (26200.2)),Intel(R) Core(TM) i7-14700,"20 physical cores, 28 logical processors, using up to 4 threads",TIME_LIMIT,3000.32,3000.319999933243,-6.675736585748382e-08,WITHIN_0.0051S_DISPLAY_WINDOW,-2.633157449131e+05,-2.749403239145e+05,4.4147,-263315.7449131278,-274940.3239144542,4.414691952872603,PASS
2d_B1140_gurobi,4f4ffa7dce9d59fb5d917794b0044420556229cbeebaf1ef9b253839bb98c271,Study1_2D_Scaling__unpacked/Study1_2D_Scaling/B1140/Gurobi/gurobi_extensive.log,1,Wed Oct  7 02:17:19 2026,13.0.1,13.0.1 build v13.0.1rc0 (win64 - Windows 11+.0 (26200.2)),Intel(R) Core(TM) i7-14700,"20 physical cores, 28 logical processors, using up to 4 threads",TIME_LIMIT,3000.63,3000.6319999694824,0.0019999694823127356,WITHIN_0.0051S_DISPLAY_WINDOW,-2.779196420514e+05,-2.898948252917e+05,4.3089,-277919.6420514026,-289894.825291715,4.308865379906295,PASS
2d_B1200_gurobi,542940a309f6758a4ec4e30d3a9e45aef63fea949e564319d5ff5cd653c1c9ee,Study1_2D_Scaling__unpacked/Study1_2D_Scaling/B1200/Gurobi/gurobi_extensive.log,1,Wed Oct  7 00:14:16 2026,13.0.1,13.0.1 build v13.0.1rc0 (win64 - Windows 11+.0 (26200.2)),Intel(R) Core(TM) i7-14700,"20 physical cores, 28 logical processors, using up to 4 threads",TIME_LIMIT,3604.09,3604.0950000286102,0.005000028610083973,WITHIN_0.0051S_DISPLAY_WINDOW,-2.925571090209e+05,-3.051899190808e+05,4.3181,-292557.10902085877,-305189.9190808162,4.318066343435443,PASS
2d_B1260_gurobi,db6278aa118924a42e03e53c11d5fe1c20470d354cd96fe84723cba5889f2411,Study1_2D_Scaling__unpacked/Study1_2D_Scaling/B1260/Gurobi/gurobi_extensive.log,1,Tue Oct  6 22:06:52 2026,13.0.1,13.0.1 build v13.0.1rc0 (win64 - Windows 11+.0 (26200.2)),Intel(R) Core(TM) i7-14700,"20 physical cores, 28 logical processors, using up to 4 threads",TIME_LIMIT,3600.55,3600.548000097275,-0.0019999027254016255,WITHIN_0.0051S_DISPLAY_WINDOW,-3.071766503431e+05,-3.206202059237e+05,4.3765,-307176.6503430891,-320620.2059236891,4.376490063806865,PASS
2d_B1320_gurobi,4d2b71bc92b8ac27d0865cc9d2dbac85435ea236b61d897f890b50b7affba847,Study1_2D_Scaling__unpacked/Study1_2D_Scaling/B1320/Gurobi/gurobi_extensive.log,1,Tue Oct  6 20:01:28 2026,13.0.1,13.0.1 build v13.0.1rc0 (win64 - Windows 11+.0 (26200.2)),Intel(R) Core(TM) i7-14700,"20 physical cores, 28 logical processors, using up to 4 threads",TIME_LIMIT,3600.49,3600.492000102997,0.0020001029970444506,WITHIN_0.0051S_DISPLAY_WINDOW,-3.217879618902e+05,-3.357219775932e+05,4.3302,-321787.961890157,-335721.9775931724,4.330185511343579,PASS
2d_B1380_gurobi,c591ddef5c7d5549999995421523701db54f87c22698a0bf882f5176191e7e8c,Study1_2D_Scaling__unpacked/Study1_2D_Scaling/B1380/Gurobi/gurobi_extensive.log,1,Tue Oct  6 17:57:44 2026,13.0.1,13.0.1 build v13.0.1rc0 (win64 - Windows 11+.0 (26200.2)),Intel(R) Core(TM) i7-14700,"20 physical cores, 28 logical processors, using up to 4 threads",TIME_LIMIT,3602.22,3602.223999977112,0.003999977112016495,WITHIN_0.0051S_DISPLAY_WINDOW,-3.364291997025e+05,-3.509696169512e+05,4.3220,-336429.19970246044,-350969.6169511774,4.321984316931051,PASS
2d_B1440_gurobi,abe997cc422421344f75d628d59ae2db84786ba1493af74fc90282f536d83b35,Study1_2D_Scaling__unpacked/Study1_2D_Scaling/B1440/Gurobi/gurobi_extensive.log,1,Tue Oct  6 15:53:27 2026,13.0.1,13.0.1 build v13.0.1rc0 (win64 - Windows 11+.0 (26200.2)),Intel(R) Core(TM) i7-14700,"20 physical cores, 28 logical processors, using up to 4 threads",TIME_LIMIT,3600.71,3600.7290000915527,0.019000091552697995,RECORDED_DISPLAY_ATTRIBUTE_DIFFERENCE,-3.510530908729e+05,-3.662015751287e+05,4.3152,-351053.09087285335,-366201.5751286783,4.315154787032345,PASS
3d_R01_gurobi,7319660215907a98bb08a706f57ac6aed382ae5bb634999b4544ff70380346ee,Study2_3D_Difficult__unpacked/Study2_3D_Difficult/R01_F08_C39_S813017037/Gurobi/gurobi_extensive.log,1,Tue Oct  6 16:20:17 2026,13.0.1,13.0.1 build v13.0.1rc0 (win64 - Windows 11+.0 (26200.2)),Intel(R) Core(TM) i7-14650HX,"16 physical cores, 24 logical processors, using up to 4 threads",TIME_LIMIT,1800.15,1800.1529998779297,0.0029998779295965505,WITHIN_0.0051S_DISPLAY_WINDOW,-2.450880469057e+04,-2.513168951787e+04,2.5415,-24508.804690568075,-25131.689517867086,2.5414737077680525,PASS
3d_R02_gurobi,5b43f0b710e1086741fbe1fa3ddbb35c6dd816be1a55f6f42d9762f0773b16d5,Study2_3D_Difficult__unpacked/Study2_3D_Difficult/R02_F03_C33_S1688352591/Gurobi/gurobi_extensive.log,1,Tue Oct  6 17:22:23 2026,13.0.1,13.0.1 build v13.0.1rc0 (win64 - Windows 11+.0 (26200.2)),Intel(R) Core(TM) i7-14650HX,"16 physical cores, 24 logical processors, using up to 4 threads",TIME_LIMIT,1800.09,1800.090000152588,1.5258797247952316e-07,WITHIN_0.0051S_DISPLAY_WINDOW,-2.443824272473e+04,-2.523996471423e+04,3.2806,-24438.24272473206,-25239.96471422544,3.2806040864878536,PASS
3d_R03_gurobi,4413a2aac1d51d6548ae78b50f6a17d1e357d97c6b7fce20ff185034bd08d0ac,Study2_3D_Difficult__unpacked/Study2_3D_Difficult/R03_F06_C37_S1177541701/Gurobi/gurobi_extensive.log,1,Tue Oct  6 18:24:30 2026,13.0.1,13.0.1 build v13.0.1rc0 (win64 - Windows 11+.0 (26200.2)),Intel(R) Core(TM) i7-14650HX,"16 physical cores, 24 logical processors, using up to 4 threads",TIME_LIMIT,1800.06,1800.055999994278,-0.004000005721991329,WITHIN_0.0051S_DISPLAY_WINDOW,-2.644023072915e+04,-2.732918989801e+04,3.3621,-26440.230729152267,-27329.189898014727,3.362146034082519,PASS
3d_R04_gurobi,170a6f73af9944a18fd10570a6f3eaf0116bb035ad39050ad4786518a7129f79,Study2_3D_Difficult__unpacked/Study2_3D_Difficult/R04_F05_C22_S1400951998/Gurobi/gurobi_extensive.log,1,Tue Oct  6 19:26:25 2026,13.0.1,13.0.1 build v13.0.1rc0 (win64 - Windows 11+.0 (26200.2)),Intel(R) Core(TM) i7-14650HX,"16 physical cores, 24 logical processors, using up to 4 threads",TIME_LIMIT,1800.09,1800.0859999656677,-0.004000034332193536,WITHIN_0.0051S_DISPLAY_WINDOW,-2.711761829815e+04,-2.792761073206e+04,2.9870,-27117.6182981519,-27927.610732064484,2.986960082581385,PASS
3d_R05_gurobi,03406e56a89d63ab5b06bc4f2a5381da970e191c25e3062179356ca3b894c38e,Study2_3D_Difficult__unpacked/Study2_3D_Difficult/R05_F06_C30_S1775975473/Gurobi/gurobi_extensive.log,1,Tue Oct  6 20:28:27 2026,13.0.1,13.0.1 build v13.0.1rc0 (win64 - Windows 11+.0 (26200.2)),Intel(R) Core(TM) i7-14650HX,"16 physical cores, 24 logical processors, using up to 4 threads",TIME_LIMIT,1800.04,1800.0439999103546,0.003999910354650638,WITHIN_0.0051S_DISPLAY_WINDOW,-2.432941697124e+04,-2.508402001184e+04,3.1016,-24329.41697124461,-25084.020011840297,3.1016075785439803,PASS
3d_R06_gurobi,7bbb89245b7fd12d1f5bc631ee3d1495570ec8d2bfdb26707d2c00c4340b44c8,Study2_3D_Difficult__unpacked/Study2_3D_Difficult/R06_F08_C09_S1373808879/Gurobi/gurobi_extensive.log,1,Tue Oct  6 21:30:28 2026,13.0.1,13.0.1 build v13.0.1rc0 (win64 - Windows 11+.0 (26200.2)),Intel(R) Core(TM) i7-14650HX,"16 physical cores, 24 logical processors, using up to 4 threads",TIME_LIMIT,1800.03,1800.026999950409,-0.0030000495910371683,WITHIN_0.0051S_DISPLAY_WINDOW,-2.783183032943e+04,-2.831249119350e+04,1.7270,-27831.830329429606,-28312.49119350147,1.727018519380708,PASS
3d_R07_gurobi,4d8eca7e4e716ea41e986d7e7456b516e0772a4316268487602ade21f75c6ebb,Study2_3D_Difficult__unpacked/Study2_3D_Difficult/R07_F06_C04_S737168579/Gurobi/gurobi_extensive.log,1,Wed Oct  7 00:13:35 2026,13.0.1,13.0.1 build v13.0.1rc0 (win64 - Windows 11+.0 (26200.2)),Intel(R) Core(TM) i7-14650HX,"16 physical cores, 24 logical processors, using up to 4 threads",TIME_LIMIT,1800.05,1800.0520000457764,0.0020000457764126622,WITHIN_0.0051S_DISPLAY_WINDOW,-2.688968219498e+04,-2.767618924902e+04,2.9249,-26889.682194982168,-27676.18924901592,2.9249399391582234,PASS
3d_R08_gurobi,4e6c42d488b7a778ecad7d4c61202c17b973e2c76dfc9cfd749b8708e639b7ac,Study2_3D_Difficult__unpacked/Study2_3D_Difficult/R08_F05_C08_S613753789/Gurobi/gurobi_extensive.log,1,Wed Oct  7 01:15:38 2026,13.0.1,13.0.1 build v13.0.1rc0 (win64 - Windows 11+.0 (26200.2)),Intel(R) Core(TM) i7-14650HX,"16 physical cores, 24 logical processors, using up to 4 threads",TIME_LIMIT,1800.09,1800.0910000801086,0.0010000801087244326,WITHIN_0.0051S_DISPLAY_WINDOW,-2.347666089597e+04,-2.408442844399e+04,2.5888,-23476.660895967725,-24084.428443991826,2.588815976502389,PASS
3d_R09_gurobi,3b888ce86b0b6f767d3bcbe3f69b84a348c2242782e5a3c7b92ed71f4b2d0723,Study2_3D_Difficult__unpacked/Study2_3D_Difficult/R09_F06_C22_S111087679/Gurobi/gurobi_extensive.log,1,Wed Oct  7 02:17:31 2026,13.0.1,13.0.1 build v13.0.1rc0 (win64 - Windows 11+.0 (26200.2)),Intel(R) Core(TM) i7-14650HX,"16 physical cores, 24 logical processors, using up to 4 threads",TIME_LIMIT,1800.06,1800.0620000362396,0.002000036239678593,WITHIN_0.0051S_DISPLAY_WINDOW,-2.507733525572e+04,-2.576142854075e+04,2.7279,-25077.335255715556,-25761.428540746903,2.727934519579511,PASS
3d_R10_gurobi,7b654aa63c4d605256a0645ffda06e9b30fb1e8a877737c5605eb654ee90fcfa,Study2_3D_Difficult__unpacked/Study2_3D_Difficult/R10_F09_C24_S139917572/Gurobi/gurobi_extensive.log,1,Wed Oct  7 03:19:36 2026,13.0.1,13.0.1 build v13.0.1rc0 (win64 - Windows 11+.0 (26200.2)),Intel(R) Core(TM) i7-14650HX,"16 physical cores, 24 logical processors, using up to 4 threads",TIME_LIMIT,1800.07,1800.0699999332428,-6.675713848380838e-08,WITHIN_0.0051S_DISPLAY_WINDOW,-2.607247929406e+04,-2.677827471466e+04,2.7071,-26072.479294055996,-26778.274714657993,2.707051418630924,PASS
3d_R11_gurobi,bc844bf0261969c5f00c2874a791bd349658bf51f53aae4187f9590f745d52b5,Study2_3D_Difficult__unpacked/Study2_3D_Difficult/R11_F08_C35_S956872797/Gurobi/gurobi_extensive.log,1,Wed Oct  7 04:21:51 2026,13.0.1,13.0.1 build v13.0.1rc0 (win64 - Windows 11+.0 (26200.2)),Intel(R) Core(TM) i7-14650HX,"16 physical cores, 24 logical processors, using up to 4 threads",TIME_LIMIT,1800.20,1800.1970000267029,-0.0029999732971646154,WITHIN_0.0051S_DISPLAY_WINDOW,-2.533109277710e+04,-2.600714707810e+04,2.6689,-25331.092777096423,-26007.14707809677,2.6688714417074526,PASS
3d_R12_gurobi,88fb91cdaaabd4bc2fe5bdeba71538178c38591075a5883fde6a0824274a5746,Study2_3D_Difficult__unpacked/Study2_3D_Difficult/R12_F07_C15_S1073283950/Gurobi/gurobi_extensive.log,1,Wed Oct  7 05:23:46 2026,13.0.1,13.0.1 build v13.0.1rc0 (win64 - Windows 11+.0 (26200.2)),Intel(R) Core(TM) i7-14650HX,"16 physical cores, 24 logical processors, using up to 4 threads",TIME_LIMIT,1800.14,1800.1449999809265,0.0049999809264136275,WITHIN_0.0051S_DISPLAY_WINDOW,-2.174184238656e+04,-2.223298671401e+04,2.2590,-21741.842386563017,-22232.98671400828,2.2589820987240725,PASS
3d_R13_gurobi,5e989ea91b2c31deff467d48a1c595512ea9671a91d2539418aac6d0dee536e2,Study2_3D_Difficult__unpacked/Study2_3D_Difficult/R13_F10_C12_S291885126/Gurobi/gurobi_extensive.log,1,Wed Oct  7 06:25:58 2026,13.0.1,13.0.1 build v13.0.1rc0 (win64 - Windows 11+.0 (26200.2)),Intel(R) Core(TM) i7-14650HX,"16 physical cores, 24 logical processors, using up to 4 threads",TIME_LIMIT,1800.16,1800.1630001068115,0.003000106811441583,WITHIN_0.0051S_DISPLAY_WINDOW,-2.596593286516e+04,-2.661326700014e+04,2.4930,-25965.93286516119,-26613.267000137002,2.4930132044065636,PASS
3d_R14_gurobi,932c1a5cc8d12064f9c39e9832db535d264bea7615f41c4ec76cce672bca6feb,Study2_3D_Difficult__unpacked/Study2_3D_Difficult/R14_F02_C18_S590492220/Gurobi/gurobi_extensive.log,1,Wed Oct  7 07:28:10 2026,13.0.1,13.0.1 build v13.0.1rc0 (win64 - Windows 11+.0 (26200.2)),Intel(R) Core(TM) i7-14650HX,"16 physical cores, 24 logical processors, using up to 4 threads",TIME_LIMIT,1800.10,1800.1050000190735,0.005000019073577278,WITHIN_0.0051S_DISPLAY_WINDOW,-2.386772589903e+04,-2.445755759124e+04,2.4713,-23867.72589902876,-24457.557591244593,2.4712521616474388,PASS
3d_R15_gurobi,cf19b1f37d143ae3c7432e255e2c5a6a8c628559828773850f452286a5db4af3,Study2_3D_Difficult__unpacked/Study2_3D_Difficult/R15_F01_C29_S266112162/Gurobi/gurobi_extensive.log,1,Wed Oct  7 08:29:59 2026,13.0.1,13.0.1 build v13.0.1rc0 (win64 - Windows 11+.0 (26200.2)),Intel(R) Core(TM) i7-14650HX,"16 physical cores, 24 logical processors, using up to 4 threads",TIME_LIMIT,1800.04,1800.037999868393,-0.0020001316070192843,WITHIN_0.0051S_DISPLAY_WINDOW,-3.015073251474e+04,-3.090185820972e+04,2.4912,-30150.732514735962,-30901.85820972288,2.4912353111812764,PASS
3d_R16_gurobi,b098dff01bc6e14166643f5478872446f0c931f7f2855645b1ce0f2de9fb73bb,Study2_3D_Difficult__unpacked/Study2_3D_Difficult/R16_F07_C19_S255728784/Gurobi/gurobi_extensive.log,1,Wed Oct  7 09:31:48 2026,13.0.1,13.0.1 build v13.0.1rc0 (win64 - Windows 11+.0 (26200.2)),Intel(R) Core(TM) i7-14650HX,"16 physical cores, 24 logical processors, using up to 4 threads",TIME_LIMIT,1800.46,1800.457999944687,-0.0020000553131467314,WITHIN_0.0051S_DISPLAY_WINDOW,-2.310894881604e+04,-2.365180336451e+04,2.3491,-23108.948816037562,-23651.80336451183,2.34910965788945,PASS
3d_R17_gurobi,a8eeda28c915e3ff0ecb5b0bf4e2ec2b77b3b599e207069b7dab1ab3f75ef250,Study2_3D_Difficult__unpacked/Study2_3D_Difficult/R17_F06_C39_S1606396927/Gurobi/gurobi_extensive.log,1,Wed Oct  7 16:43:22 2026,13.0.1,13.0.1 build v13.0.1rc0 (win64 - Windows 11+.0 (26200.2)),Intel(R) Core(TM) i7-14650HX,"16 physical cores, 24 logical processors, using up to 4 threads",TIME_LIMIT,1800.04,1800.0440001487732,0.004000148773229739,WITHIN_0.0051S_DISPLAY_WINDOW,-2.263880465828e+04,-2.281189923654e+04,0.7646,-22638.804658282508,-22811.899236536698,0.764592392871158,PASS
3d_R18_gurobi,fc506abdd635b64ced4b63fe6ac970693a49aac48a068dac743d0d8b6caa9f71,Study2_3D_Difficult__unpacked/Study2_3D_Difficult/R18_F08_C08_S1693395944/Gurobi/gurobi_extensive.log,1,Wed Oct  7 17:45:17 2026,13.0.1,13.0.1 build v13.0.1rc0 (win64 - Windows 11+.0 (26200.2)),Intel(R) Core(TM) i7-14650HX,"16 physical cores, 24 logical processors, using up to 4 threads",TIME_LIMIT,1800.06,1800.0590000152588,-0.0009999847411563678,WITHIN_0.0051S_DISPLAY_WINDOW,-2.420357030856e+04,-2.476102601862e+04,2.3032,-24203.570308559647,-24761.026018617053,2.3031961935808294,PASS
3d_R19_gurobi,17eddc13b45b36e988eb42234ab9d6f7f7c534e3001df53419374ffbf2978384,Study2_3D_Difficult__unpacked/Study2_3D_Difficult/R19_F03_C28_S1260140335/Gurobi/gurobi_extensive.log,1,Wed Oct  7 18:47:08 2026,13.0.1,13.0.1 build v13.0.1rc0 (win64 - Windows 11+.0 (26200.2)),Intel(R) Core(TM) i7-14650HX,"16 physical cores, 24 logical processors, using up to 4 threads",TIME_LIMIT,1800.06,1800.0639998912811,0.003999891281182499,WITHIN_0.0051S_DISPLAY_WINDOW,-2.172413112651e+04,-2.217050595127e+04,2.0547,-21724.131126514712,-22170.505951265917,2.0547419003855856,PASS
3d_R20_gurobi,a9b3f38e7a9882e9c1956fca1aa6fa21f6da34cb6cecd5a2cd96ccbd83ee317b,Study2_3D_Difficult__unpacked/Study2_3D_Difficult/R20_F01_C24_S1155653964/Gurobi/gurobi_extensive.log,1,Wed Oct  7 19:48:55 2026,13.0.1,13.0.1 build v13.0.1rc0 (win64 - Windows 11+.0 (26200.2)),Intel(R) Core(TM) i7-14650HX,"16 physical cores, 24 logical processors, using up to 4 threads",TIME_LIMIT,1800.04,1800.037999868393,-0.0020001316070192843,WITHIN_0.0051S_DISPLAY_WINDOW,-2.726664412182e+04,-2.783488243307e+04,2.0840,-27266.64412182145,-27834.88243306951,2.0840053095984046,PASS
