study,instance_id,old_hash,new_hash,difference_count,max_absolute_float_difference
2d,B0300,031d274e2c3c04b8fcf5535e200699d46d5891a6b39ea2a9fc56da10636d635c,cb688fd284029ecd164a0d0d682257359d6d49c35b50f13b41a6f694501b66fc,688,2.842170943040401e-14
2d,B0360,f88701a41ebdc5d0ed96358d1506da82f2c3f6c58912ac588b30d43e2f3c4a24,e42c3d4d4b9951cb8a293ab26890559c9c3a032abb5c51a65a9ce9420c6a65aa,821,2.842170943040401e-14
2d,B0420,26b7b4ca0f707e8aac422dcc7c403747703befe8b72c1af9e698b15f092b44d9,7b8cc27f35a36877f552b4ab3cb0e3aa59a4448671bb01abe9ee2614b0918a27,965,2.842170943040401e-14
2d,B0480,9bc3de415874c2934fa98fc5c0602c034bc372f8ec6e1912328cf535b94c8409,5f2b1d21aae95d90328bb14ce2dac5be5dce41005520d9d7dcd7e7c2c02af144,1102,2.842170943040401e-14
2d,B0540,a3858eb16123d68433888f6341d7c468b4bf4ec4b546409856f33151613c6c24,9ae5236b381cc41a3fa2f45252e1bfbc3e5654f865c9eab14920200cbf4ea781,1236,2.842170943040401e-14
2d,B0600,86f5d7e72c86b90c8912a5c47faaaa8d68d86094000549ecc60b754c5fc067f6,c289b726429b49e2a642fb2b1251c7b4d29f72f37ae1232a281a99fb7ea2392f,1375,2.842170943040401e-14
2d,B0660,01de1668fe210c400b281bdf6eca33fd9a6462a5dbc5656412301cf4423d9f75,d193a34e84c05a472218813dd06f3df17141773c8884778ecaa29b85b0a69007,1513,2.842170943040401e-14
2d,B0720,5e9b957f20b8903085aecb1d54ded3275247eff9848f5230dd3e916d26156067,5ccc12e229e39928b34bdd60a763de94c01df659ff0f5a4c42e4b1bfd28bb864,1659,5.684341886080802e-14
2d,B0780,bed2b1d9f60ddf56d4d2795b74f5b47f6179c4786eaa9e6d85ec4168ec375e89,86b2a167ffc3bd21f5970bc36fdf428c4a94a0001a8c659e972aa7aca509222b,1796,5.684341886080802e-14
2d,B0840,e03d41a18d4fd2cec600c99616a0da29e4ef439475785322e212ee2d84dcfb7c,702b061bab177443985d55b62e5b3af5f7528779db1f193a6ed12566e864e881,1917,5.684341886080802e-14
2d,B0900,a4c663c975c7d5d0025c6f95e5772e4b882f3f39ccb585818ef88934f68b55ac,e45576bbb5d0caced9c80b96068c19b35cad0af77bf97bd7c870f019f849e937,2047,5.684341886080802e-14
2d,B0960,4727a72cfe0f70d2812fddb5c5491e894483ca1e6ef0f14528311ece0cbe583b,15dc8cb7886f0030ef445bd85d138bc3b2b67a2d2a66d9d48f352f8f464965f0,2175,5.684341886080802e-14
2d,B1020,f118486ec71524969da205b8db96fd085d8d8820a9ba957c56119d41c0722e03,83811af91d6c497856d27a6ac44fd1c71f0effb2dd97d61be8213c6cbf679f9b,2313,5.684341886080802e-14
2d,B1080,364b1a78a117b1966f47b3dccbaf1e3ae1cc5b51afd24557ccabebe3d7d8b0b6,02502eb0aa0db0a6e92e4a1adb93f4201691397ef8aaba6e55c9729f05f470cf,2445,5.684341886080802e-14
2d,B1140,61b824e653fc356449d46a5c1efea58ca54cf167fcc88e6bbfcc7b1ca259f385,fc96e7f9951a3834077941e903a373c803a946422e236f0664202695531921e1,2592,5.684341886080802e-14
2d,B1200,e8ace95c007a2be25a21dcfe4c03ff685570fab4f610cd7b0045f89b90d807fa,b39c5eb505467f3389e04f0dfb30cbab16c2b37142168a856e1c9259f7137f74,2730,5.684341886080802e-14
2d,B1260,dd70e46255e2e680b0cfd6dc859b9394b87938a0fd34c4af59ef77a4e10b1989,3ff100925c66664ddcd7c0377007ad28a2a89ff114702cab59746505068a4d6a,2866,5.684341886080802e-14
2d,B1320,2b5c853387251944297d30a8be6dda3a14889aa17e5c5388c8513b75677e03e5,9acd39e6d44abe700436c417e0a96872d1de765f343a06ed9c994ab11ef45d5d,2998,5.684341886080802e-14
2d,B1380,61c242c36590822ed54aa63685e40e97064536f1a5b5b163b1c1a14de68218aa,f9782994d19ad056dac4c681344952aaa75934339d59f984339e3988459072f7,3130,5.684341886080802e-14
2d,B1440,01065556ae8c93d66d1961fa0cd291c15e2a178b3cdbac4c27469cb92058ca0f,bb087512b3fced80e991335e3ef4712dcd95408e93dbf02c7b2c73884dd8c3e5,3274,5.684341886080802e-14
3d,R01,e09882924009749a27450c583934b2142e1ad8503d44c2cc435f602d934c0a4c,e09882924009749a27450c583934b2142e1ad8503d44c2cc435f602d934c0a4c,0,0
3d,R02,bc1b4ed608f5c14b0a51389dcce5319bf5d9405170d60d5c3f18c15ad5337871,bc1b4ed608f5c14b0a51389dcce5319bf5d9405170d60d5c3f18c15ad5337871,0,0
3d,R03,92552afac3528d727a778f82e68c485b1a288f58183b8859e39dc505babf3573,92552afac3528d727a778f82e68c485b1a288f58183b8859e39dc505babf3573,0,0
3d,R04,a072f41263b0f55c7621a57bd21322cc8d5ce6c5907f45eef81bfced2e7a6627,a072f41263b0f55c7621a57bd21322cc8d5ce6c5907f45eef81bfced2e7a6627,0,0
3d,R05,541b745bdba2a065e187d1a05193b454e5524d789605f46573c343cd8f532e32,541b745bdba2a065e187d1a05193b454e5524d789605f46573c343cd8f532e32,0,0
3d,R06,413e70cd8fd1aa9effd49266aacc34e3634e0aae5e342a37c76c15c78ddbcc95,413e70cd8fd1aa9effd49266aacc34e3634e0aae5e342a37c76c15c78ddbcc95,0,0
3d,R07,39db42503e68b4042f4691ee2043ec1f1947688e6ece1af91ce03835ceff87f8,39db42503e68b4042f4691ee2043ec1f1947688e6ece1af91ce03835ceff87f8,0,0
3d,R08,3b5bf3c964905df897d42c0c259a4fa83348c4450d7ff2ab102cd0c5f6ebf141,3b5bf3c964905df897d42c0c259a4fa83348c4450d7ff2ab102cd0c5f6ebf141,0,0
3d,R09,e3d095cc66717c99009ab7e147da5cf08faf11d3c4134851e4094450248b6df5,e3d095cc66717c99009ab7e147da5cf08faf11d3c4134851e4094450248b6df5,0,0
3d,R10,9ed605cd2a11c99604978c78ff9657980dd6cd8ce2cba5e3fea0828de4cbd018,9ed605cd2a11c99604978c78ff9657980dd6cd8ce2cba5e3fea0828de4cbd018,0,0
3d,R11,dd5e36eb7357a5382b043810655a0b9c27d79aec393134c892a6274447a33ba3,dd5e36eb7357a5382b043810655a0b9c27d79aec393134c892a6274447a33ba3,0,0
3d,R12,2840ecf807410911517573f209eec7b80b0980535331f49476fe379b4425e248,2840ecf807410911517573f209eec7b80b0980535331f49476fe379b4425e248,0,0
3d,R13,28dff04b5e727d0675a996376b26837eac3e49ee332a0f8480c0e09bf80b88dc,28dff04b5e727d0675a996376b26837eac3e49ee332a0f8480c0e09bf80b88dc,0,0
3d,R14,28408a042887297cc8013e16051c1e98badb5b7f2299dea1c84d4efe8d67dcb4,28408a042887297cc8013e16051c1e98badb5b7f2299dea1c84d4efe8d67dcb4,0,0
3d,R15,6bd3673363ea44ca169950040c2e1701717bd8d879996049516f15d20e0a117f,6bd3673363ea44ca169950040c2e1701717bd8d879996049516f15d20e0a117f,0,0
3d,R16,f58d8ed77597bad6a33e77ed6c8124a870a46d339f196496047b2784bc2d3fd7,f58d8ed77597bad6a33e77ed6c8124a870a46d339f196496047b2784bc2d3fd7,0,0
3d,R17,c58fd67d0407c0d7ed9f16f50bec77649689cae91fe8ac8c22f43650052e85c5,c58fd67d0407c0d7ed9f16f50bec77649689cae91fe8ac8c22f43650052e85c5,0,0
3d,R18,089f186c53630c4ef5c2215f114559f4e17dd63f14fc45e3e86d848122dc4ff4,089f186c53630c4ef5c2215f114559f4e17dd63f14fc45e3e86d848122dc4ff4,0,0
3d,R19,506a6c97547fc8d789fa79160ec51e767637a8f321ddfb58085b3d542ada7d99,506a6c97547fc8d789fa79160ec51e767637a8f321ddfb58085b3d542ada7d99,0,0
3d,R20,48ae9c4c3fb45b4191c110e16cc2de398b58854700e8ffb921716c9926fb544c,48ae9c4c3fb45b4191c110e16cc2de398b58854700e8ffb921716c9926fb544c,0,0
