study,instance_id,method,field,old_draft_value,latest_value,reason
2d,B0300,Gurobi,reported_lower_bound,-75557.60910630859,-75508.74630986225,Latest independent rerun replaces old draft
2d,B0300,Gurobi,reported_relative_gap,0.033661952164559264,0.03299348721231498,Latest independent rerun replaces old draft
2d,B0300,Gurobi,reported_gap_percent,3.3661952164559263,3.299348721231498,Latest independent rerun replaces old draft
2d,B0300,Gurobi,runtime_sec,1800.037999868393,1800.0329999923706,Latest independent rerun replaces old draft
2d,B0300,SCP-ALM,reported_lower_bound,-73126.82113433785,-73126.8211343417,Latest independent rerun replaces old draft
2d,B0300,SCP-ALM,reported_absolute_gap,29.80044194830407,29.800441952160327,Latest independent rerun replaces old draft
2d,B0300,SCP-ALM,reported_relative_gap,0.0004076834003086356,0.00040768340036139095,Latest independent rerun replaces old draft
2d,B0300,SCP-ALM,reported_gap_percent,0.04076834003086356,0.04076834003613909,Latest independent rerun replaces old draft
2d,B0300,SCP-ALM,runtime_sec,356.5335806000512,370.2822088999674,Latest independent rerun replaces old draft
2d,B0300,RD-ALM,reported_lower_bound,-73183.82394088733,-73185.87565920748,Latest independent rerun replaces old draft
2d,B0300,RD-ALM,reported_absolute_gap,86.80324849778845,88.85496681793302,Latest independent rerun replaces old draft
2d,B0300,RD-ALM,reported_relative_gap,0.0011875073385422658,0.0012155757645972581,Latest independent rerun replaces old draft
2d,B0300,RD-ALM,reported_gap_percent,0.11875073385422658,0.12155757645972581,Latest independent rerun replaces old draft
2d,B0300,RD-ALM,runtime_sec,1799.9073895999463,1799.9109072999563,Latest independent rerun replaces old draft
2d,B0300,SCP-LR,reported_lower_bound,-107597.60921488053,-107510.78808634296,Latest independent rerun replaces old draft
2d,B0300,SCP-LR,reported_absolute_gap,34669.09679175088,34582.27566321331,Latest independent rerun replaces old draft
2d,B0300,SCP-LR,reported_relative_gap,0.47538466972425725,0.4741941733648384,Latest independent rerun replaces old draft
2d,B0300,SCP-LR,reported_gap_percent,47.538466972425724,47.41941733648384,Latest independent rerun replaces old draft
2d,B0300,SCP-LR,runtime_sec,1774.0976516000082,1775.005043900106,Latest independent rerun replaces old draft
2d,B0360,Gurobi,reported_lower_bound,-90858.18964166752,-90819.91982783929,Latest independent rerun replaces old draft
2d,B0360,Gurobi,reported_relative_gap,0.035479163572435725,0.03504301582428872,Latest independent rerun replaces old draft
2d,B0360,Gurobi,reported_gap_percent,3.5479163572435723,3.5043015824288717,Latest independent rerun replaces old draft
2d,B0360,Gurobi,runtime_sec,1800.0390000343323,1800.0439999103546,Latest independent rerun replaces old draft
2d,B0360,SCP-ALM,reported_lower_bound,-87781.12761505115,-87781.12761504929,Latest independent rerun replaces old draft
2d,B0360,SCP-ALM,reported_absolute_gap,36.05959436412377,36.05959436226112,Latest independent rerun replaces old draft
2d,B0360,SCP-ALM,reported_relative_gap,0.00041095864619561585,0.00041095864617438793,Latest independent rerun replaces old draft
2d,B0360,SCP-ALM,reported_gap_percent,0.041095864619561585,0.04109586461743879,Latest independent rerun replaces old draft
2d,B0360,SCP-ALM,runtime_sec,422.3287099999143,440.456133000087,Latest independent rerun replaces old draft
2d,B0360,RD-ALM,reported_lower_bound,-87852.9771220795,-87852.97712207957,Latest independent rerun replaces old draft
2d,B0360,RD-ALM,reported_upper_bound,-87745.06802068703,-87745.06802068705,Latest independent rerun replaces old draft
2d,B0360,RD-ALM,reported_absolute_gap,107.90910139246262,107.90910139252082,Latest independent rerun replaces old draft
2d,B0360,RD-ALM,reported_relative_gap,0.0012298024701174275,0.0012298024701180908,Latest independent rerun replaces old draft
2d,B0360,RD-ALM,reported_gap_percent,0.12298024701174275,0.12298024701180908,Latest independent rerun replaces old draft
2d,B0360,RD-ALM,runtime_sec,1799.9064121999545,1799.9043446001597,Latest independent rerun replaces old draft
2d,B0360,SCP-LR,reported_lower_bound,-128892.19636989942,-131107.50096862463,Latest independent rerun replaces old draft
2d,B0360,SCP-LR,reported_absolute_gap,41351.553205296674,43566.857804021885,Latest independent rerun replaces old draft
2d,B0360,SCP-LR,reported_relative_gap,0.4723697668926571,0.49767577926178913,Latest independent rerun replaces old draft
2d,B0360,SCP-LR,reported_gap_percent,47.23697668926571,49.767577926178916,Latest independent rerun replaces old draft
2d,B0360,SCP-LR,runtime_sec,1794.7600200999877,1759.4059967000503,Latest independent rerun replaces old draft
2d,B0420,Gurobi,reported_lower_bound,-106010.08169773739,-106077.95419565363,Latest independent rerun replaces old draft
2d,B0420,Gurobi,reported_upper_bound,-102393.81901202362,-102393.81901202361,Latest independent rerun replaces old draft
2d,B0420,Gurobi,reported_relative_gap,0.03531719707894795,0.03598005445228492,Latest independent rerun replaces old draft
2d,B0420,Gurobi,reported_gap_percent,3.5317197078947946,3.5980054452284924,Latest independent rerun replaces old draft
2d,B0420,Gurobi,runtime_sec,1800.1169998645782,1800.0950000286102,Latest independent rerun replaces old draft
2d,B0420,SCP-ALM,reported_lower_bound,-102814.93067064919,-102818.61162448075,Latest independent rerun replaces old draft
2d,B0420,SCP-ALM,reported_absolute_gap,421.11165862559574,424.79261245715315,Latest independent rerun replaces old draft
2d,B0420,SCP-ALM,reported_relative_gap,0.00411266678681207,0.004148615771497612,Latest independent rerun replaces old draft
2d,B0420,SCP-ALM,reported_gap_percent,0.41126667868120703,0.4148615771497612,Latest independent rerun replaces old draft
2d,B0420,SCP-ALM,runtime_sec,1781.5110103999032,1765.3335454000626,Latest independent rerun replaces old draft
2d,B0420,RD-ALM,runtime_sec,1799.9047854000237,1799.9050904000178,Latest independent rerun replaces old draft
2d,B0420,SCP-LR,reported_lower_bound,-151830.8719955899,-149321.50854651464,Latest independent rerun replaces old draft
2d,B0420,SCP-LR,reported_absolute_gap,49671.43653504392,47162.07308596866,Latest independent rerun replaces old draft
2d,B0420,SCP-LR,reported_relative_gap,0.4862148690536475,0.46165166118388223,Latest independent rerun replaces old draft
2d,B0420,SCP-LR,reported_gap_percent,48.621486905364755,46.16516611838822,Latest independent rerun replaces old draft
2d,B0420,SCP-LR,runtime_sec,1804.2172038999997,1807.9791943000164,Latest independent rerun replaces old draft
2d,B0480,Gurobi,reported_lower_bound,-121394.79773434474,-121401.6684465014,Latest independent rerun replaces old draft
2d,B0480,Gurobi,reported_upper_bound,-117020.64418889908,-117020.64417655446,Latest independent rerun replaces old draft
2d,B0480,Gurobi,reported_relative_gap,0.03737933230298014,0.037438046088150774,Latest independent rerun replaces old draft
2d,B0480,Gurobi,reported_gap_percent,3.7379332302980144,3.7438046088150774,Latest independent rerun replaces old draft
2d,B0480,SCP-ALM,reported_lower_bound,-117073.28550019187,-117073.285500191,Latest independent rerun replaces old draft
2d,B0480,SCP-ALM,reported_upper_bound,-117020.6441765544,-117020.64417655442,Latest independent rerun replaces old draft
2d,B0480,SCP-ALM,reported_absolute_gap,52.641323637464666,52.64132363659155,Latest independent rerun replaces old draft
2d,B0480,SCP-ALM,reported_relative_gap,0.0004498464694660396,0.00044984646945857835,Latest independent rerun replaces old draft
2d,B0480,SCP-ALM,reported_gap_percent,0.04498464694660396,0.04498464694585783,Latest independent rerun replaces old draft
2d,B0480,SCP-ALM,runtime_sec,1064.1139436999802,793.1731566998642,Latest independent rerun replaces old draft
2d,B0480,RD-ALM,reported_lower_bound,-117171.9932917644,-117167.99819022621,Latest independent rerun replaces old draft
2d,B0480,RD-ALM,reported_upper_bound,-117020.6441765544,-117020.64417655442,Latest independent rerun replaces old draft
2d,B0480,RD-ALM,reported_absolute_gap,151.34911521000322,147.35401367179293,Latest independent rerun replaces old draft
2d,B0480,RD-ALM,reported_relative_gap,0.001293353974206943,0.0012592138311037938,Latest independent rerun replaces old draft
2d,B0480,RD-ALM,reported_gap_percent,0.1293353974206943,0.12592138311037937,Latest independent rerun replaces old draft
2d,B0480,RD-ALM,runtime_sec,1799.91579800006,1799.9050636000466,Latest independent rerun replaces old draft
2d,B0480,SCP-LR,reported_lower_bound,-172711.4832413038,-172717.62666113954,Latest independent rerun replaces old draft
2d,B0480,SCP-LR,reported_absolute_gap,55951.37850281136,55957.52192264711,Latest independent rerun replaces old draft
2d,B0480,SCP-LR,reported_relative_gap,0.4791994545407924,0.479252070285267,Latest independent rerun replaces old draft
2d,B0480,SCP-LR,reported_gap_percent,47.91994545407924,47.9252070285267,Latest independent rerun replaces old draft
2d,B0480,SCP-LR,runtime_sec,1752.5052832999936,1786.4874805998988,Latest independent rerun replaces old draft
2d,B0540,Gurobi,reported_lower_bound,-136792.89304980627,-136842.07416575553,Latest independent rerun replaces old draft
2d,B0540,Gurobi,reported_relative_gap,0.03889751590640393,0.03927103048051702,Latest independent rerun replaces old draft
2d,B0540,Gurobi,reported_gap_percent,3.889751590640393,3.927103048051702,Latest independent rerun replaces old draft
2d,B0540,Gurobi,runtime_sec,1800.1240000724792,1801.2070000171661,Latest independent rerun replaces old draft
2d,B0540,SCP-ALM,reported_lower_bound,-131730.5668875507,-131730.56688754912,Latest independent rerun replaces old draft
2d,B0540,SCP-ALM,reported_absolute_gap,59.356825546739856,59.35682554516825,Latest independent rerun replaces old draft
2d,B0540,SCP-ALM,reported_relative_gap,0.00045079577774662154,0.0004507957777346857,Latest independent rerun replaces old draft
2d,B0540,SCP-ALM,reported_gap_percent,0.045079577774662156,0.04507957777346857,Latest independent rerun replaces old draft
2d,B0540,SCP-ALM,runtime_sec,1217.6833966999548,892.4853006999474,Latest independent rerun replaces old draft
2d,B0540,RD-ALM,reported_lower_bound,-131846.40685945094,-131836.87238899694,Latest independent rerun replaces old draft
2d,B0540,RD-ALM,reported_absolute_gap,175.19679744698806,165.66232699298416,Latest independent rerun replaces old draft
2d,B0540,RD-ALM,reported_relative_gap,0.0013305626747448277,0.001258151473772997,Latest independent rerun replaces old draft
2d,B0540,RD-ALM,reported_gap_percent,0.13305626747448276,0.1258151473772997,Latest independent rerun replaces old draft
2d,B0540,RD-ALM,runtime_sec,1799.9239641999593,1799.9052857998759,Latest independent rerun replaces old draft
2d,B0540,SCP-LR,reported_lower_bound,-195453.5534144153,-195598.23882438464,Latest independent rerun replaces old draft
2d,B0540,SCP-LR,reported_absolute_gap,64082.97778207564,64227.66319204497,Latest independent rerun replaces old draft
2d,B0540,SCP-LR,reported_relative_gap,0.4878031284678352,0.488904481714351,Latest independent rerun replaces old draft
2d,B0540,SCP-LR,reported_gap_percent,48.78031284678352,48.890448171435104,Latest independent rerun replaces old draft
2d,B0540,SCP-LR,runtime_sec,1776.0261376999988,1775.8515588000882,Latest independent rerun replaces old draft
2d,B0600,Gurobi,reported_lower_bound,-151990.8214982334,-152051.79981459098,Latest independent rerun replaces old draft
2d,B0600,Gurobi,reported_relative_gap,0.03878865844340973,0.039205417710968374,Latest independent rerun replaces old draft
2d,B0600,Gurobi,reported_gap_percent,3.878865844340973,3.9205417710968375,Latest independent rerun replaces old draft
2d,B0600,Gurobi,runtime_sec,2400.0739998817444,2400.210000038147,Latest independent rerun replaces old draft
2d,B0600,SCP-ALM,reported_lower_bound,-146378.53806585702,-146378.538065847,Latest independent rerun replaces old draft
2d,B0600,SCP-ALM,reported_absolute_gap,63.09626464743633,63.09626463742461,Latest independent rerun replaces old draft
2d,B0600,SCP-ALM,reported_relative_gap,0.00043123448810797164,0.00043123448803954607,Latest independent rerun replaces old draft
2d,B0600,SCP-ALM,reported_gap_percent,0.04312344881079717,0.043123448803954606,Latest independent rerun replaces old draft
2d,B0600,SCP-ALM,runtime_sec,1380.902811100008,989.1168204999994,Latest independent rerun replaces old draft
2d,B0600,RD-ALM,reported_lower_bound,-146507.86063623082,-146489.07562878946,Latest independent rerun replaces old draft
2d,B0600,RD-ALM,reported_absolute_gap,192.41883502123528,173.6338275798771,Latest independent rerun replaces old draft
2d,B0600,RD-ALM,reported_relative_gap,0.0013150958822423114,0.0011867088356660499,Latest independent rerun replaces old draft
2d,B0600,RD-ALM,reported_gap_percent,0.13150958822423114,0.11867088356660499,Latest independent rerun replaces old draft
2d,B0600,RD-ALM,runtime_sec,2399.919225999969,2399.903146199882,Latest independent rerun replaces old draft
2d,B0600,SCP-LR,reported_lower_bound,-215509.79233480812,-216785.24365202757,Latest independent rerun replaces old draft
2d,B0600,SCP-LR,reported_absolute_gap,69522.77285244458,70798.22416966403,Latest independent rerun replaces old draft
2d,B0600,SCP-LR,reported_relative_gap,0.47622571581333994,0.4849624605029836,Latest independent rerun replaces old draft
2d,B0600,SCP-LR,reported_gap_percent,47.62257158133399,48.49624605029836,Latest independent rerun replaces old draft
2d,B0600,SCP-LR,runtime_sec,2418.7256259999995,2390.9341729998123,Latest independent rerun replaces old draft
2d,B0660,Gurobi,reported_lower_bound,-167071.2367658013,-167279.00272876743,Latest independent rerun replaces old draft
2d,B0660,Gurobi,reported_relative_gap,0.03802629364055872,0.03931715936141717,Latest independent rerun replaces old draft
2d,B0660,Gurobi,reported_gap_percent,3.802629364055872,3.931715936141717,Latest independent rerun replaces old draft
2d,B0660,Gurobi,runtime_sec,2400.1019999980927,2400.1950001716614,Latest independent rerun replaces old draft
2d,B0660,SCP-ALM,reported_lower_bound,-161025.08373803183,-161025.08373802964,Latest independent rerun replaces old draft
2d,B0660,SCP-ALM,reported_upper_bound,-160950.8716584145,-160950.87165841451,Latest independent rerun replaces old draft
2d,B0660,SCP-ALM,reported_absolute_gap,74.21207961734035,74.21207961512846,Latest independent rerun replaces old draft
2d,B0660,SCP-ALM,reported_relative_gap,0.00046108529175809877,0.000461085291744356,Latest independent rerun replaces old draft
2d,B0660,SCP-ALM,reported_gap_percent,0.046108529175809876,0.0461085291744356,Latest independent rerun replaces old draft
2d,B0660,SCP-ALM,runtime_sec,1313.9170347000472,1090.6239142999984,Latest independent rerun replaces old draft
2d,B0660,RD-ALM,reported_lower_bound,-161159.17900723108,-161148.96636342295,Latest independent rerun replaces old draft
2d,B0660,RD-ALM,reported_upper_bound,-160950.8716584145,-160950.87165841451,Latest independent rerun replaces old draft
2d,B0660,RD-ALM,reported_absolute_gap,208.30734881659737,198.094705008436,Latest independent rerun replaces old draft
2d,B0660,RD-ALM,reported_relative_gap,0.0012942293922998279,0.0012307774600242719,Latest independent rerun replaces old draft
2d,B0660,RD-ALM,reported_gap_percent,0.1294229392299828,0.12307774600242719,Latest independent rerun replaces old draft
2d,B0660,RD-ALM,runtime_sec,2399.9186868000543,2399.935063699959,Latest independent rerun replaces old draft
2d,B0660,SCP-LR,reported_lower_bound,-235884.3180019322,-235314.760005227,Latest independent rerun replaces old draft
2d,B0660,SCP-LR,reported_absolute_gap,75294.4925756013,74724.93457889609,Latest independent rerun replaces old draft
2d,B0660,SCP-LR,reported_relative_gap,0.46886216094768685,0.46531549791848714,Latest independent rerun replaces old draft
2d,B0660,SCP-LR,reported_gap_percent,46.886216094768685,46.53154979184871,Latest independent rerun replaces old draft
2d,B0660,SCP-LR,runtime_sec,2343.994784499999,2378.5990393999964,Latest independent rerun replaces old draft
2d,B0720,Gurobi,reported_lower_bound,-182456.38048125643,-182689.7607822401,Latest independent rerun replaces old draft
2d,B0720,Gurobi,reported_relative_gap,0.039076624029044695,0.040405708901940694,Latest independent rerun replaces old draft
2d,B0720,Gurobi,reported_gap_percent,3.9076624029044695,4.040570890194069,Latest independent rerun replaces old draft
2d,B0720,Gurobi,runtime_sec,2400.2690000534058,2400.2870001792908,Latest independent rerun replaces old draft
2d,B0720,SCP-ALM,reported_lower_bound,-175682.09280181196,-175690.11024171836,Latest independent rerun replaces old draft
2d,B0720,SCP-ALM,reported_upper_bound,-175594.73118909876,-175594.7311890988,Latest independent rerun replaces old draft
2d,B0720,SCP-ALM,reported_absolute_gap,87.36161271319725,95.37905261956621,Latest independent rerun replaces old draft
2d,B0720,SCP-ALM,reported_relative_gap,0.0004975184171051074,0.0005431771897349931,Latest independent rerun replaces old draft
2d,B0720,SCP-ALM,reported_gap_percent,0.04975184171051074,0.05431771897349931,Latest independent rerun replaces old draft
2d,B0720,SCP-ALM,runtime_sec,2259.2790064999135,2344.0067733998876,Latest independent rerun replaces old draft
2d,B0720,SCP-ALM,stop_reason,HISTORICAL_AUDITED_CERT_TARGET_0P05,OUTER_TIME_LIMIT_NO_0P1_CHECKPOINT,Latest independent rerun replaces old draft
2d,B0720,RD-ALM,reported_lower_bound,-175851.97125631632,-175827.60955346722,Latest independent rerun replaces old draft
2d,B0720,RD-ALM,reported_upper_bound,-175594.73118909876,-175594.7311890988,Latest independent rerun replaces old draft
2d,B0720,RD-ALM,reported_absolute_gap,257.2400672175572,232.87836436842917,Latest independent rerun replaces old draft
2d,B0720,RD-ALM,reported_relative_gap,0.0014649646118398293,0.0013262263781573342,Latest independent rerun replaces old draft
2d,B0720,RD-ALM,reported_gap_percent,0.14649646118398293,0.1326226378157334,Latest independent rerun replaces old draft
2d,B0720,RD-ALM,runtime_sec,2399.9023775999667,2399.903224400012,Latest independent rerun replaces old draft
2d,B0720,SCP-LR,reported_lower_bound,-257368.7136811165,-258174.68605025663,Latest independent rerun replaces old draft
2d,B0720,SCP-LR,reported_absolute_gap,82163.44560423627,82969.4179733764,Latest independent rerun replaces old draft
2d,B0720,SCP-LR,reported_relative_gap,0.4689553373942094,0.4735554979829108,Latest independent rerun replaces old draft
2d,B0720,SCP-LR,reported_gap_percent,46.89553373942094,47.35554979829108,Latest independent rerun replaces old draft
2d,B0720,SCP-LR,runtime_sec,2369.6868920000124,2408.7942945999093,Latest independent rerun replaces old draft
2d,B0780,Gurobi,reported_lower_bound,-197805.9407428928,-198205.7635072588,Latest independent rerun replaces old draft
2d,B0780,Gurobi,reported_relative_gap,0.03987346441760463,0.041975348120251846,Latest independent rerun replaces old draft
2d,B0780,Gurobi,reported_gap_percent,3.987346441760463,4.197534812025185,Latest independent rerun replaces old draft
2d,B0780,Gurobi,runtime_sec,2400.2000000476837,2400.2080001831055,Latest independent rerun replaces old draft
2d,B0780,SCP-ALM,reported_lower_bound,-190312.41857403246,-190321.04361960865,Latest independent rerun replaces old draft
2d,B0780,SCP-ALM,reported_absolute_gap,91.25464263366302,99.87968820985407,Latest independent rerun replaces old draft
2d,B0780,SCP-ALM,reported_relative_gap,0.00047972917811907106,0.0005250713755798203,Latest independent rerun replaces old draft
2d,B0780,SCP-ALM,reported_gap_percent,0.04797291781190711,0.05250713755798203,Latest independent rerun replaces old draft
2d,B0780,SCP-ALM,runtime_sec,2357.2987302999245,2536.155242800014,Latest independent rerun replaces old draft
2d,B0780,SCP-ALM,stop_reason,HISTORICAL_AUDITED_CERT_TARGET_0P05,OUTER_TIME_LIMIT_NO_0P1_CHECKPOINT,Latest independent rerun replaces old draft
2d,B0780,RD-ALM,reported_lower_bound,-190510.32185148753,-190510.32185149955,Latest independent rerun replaces old draft
2d,B0780,RD-ALM,reported_absolute_gap,289.1579200887354,289.1579201007553,Latest independent rerun replaces old draft
2d,B0780,RD-ALM,reported_relative_gap,0.0015201143453891233,0.0015201143454523123,Latest independent rerun replaces old draft
2d,B0780,RD-ALM,reported_gap_percent,0.15201143453891233,0.15201143454523122,Latest independent rerun replaces old draft
2d,B0780,RD-ALM,runtime_sec,2399.9073599999538,2399.911923200125,Latest independent rerun replaces old draft
2d,B0780,SCP-LR,reported_lower_bound,-275808.0208941683,-279288.37358418736,Latest independent rerun replaces old draft
2d,B0780,SCP-LR,reported_absolute_gap,86014.94808791063,89495.30077792969,Latest independent rerun replaces old draft
2d,B0780,SCP-LR,reported_relative_gap,0.45320383308043805,0.4715414501417933,Latest independent rerun replaces old draft
2d,B0780,SCP-LR,reported_gap_percent,45.3203833080438,47.15414501417933,Latest independent rerun replaces old draft
2d,B0780,SCP-LR,runtime_sec,2379.9912611000036,2358.6150672000367,Latest independent rerun replaces old draft
2d,B0840,Gurobi,reported_lower_bound,-213505.0168897188,-213313.02110522476,Latest independent rerun replaces old draft
2d,B0840,Gurobi,reported_upper_bound,-204846.9851872623,-204846.98518726227,Latest independent rerun replaces old draft
2d,B0840,Gurobi,reported_relative_gap,0.04226584879705064,0.04132858440764071,Latest independent rerun replaces old draft
2d,B0840,Gurobi,reported_gap_percent,4.226584879705064,4.132858440764071,Latest independent rerun replaces old draft
2d,B0840,Gurobi,runtime_sec,2400.486999988556,2400.2039999961853,Latest independent rerun replaces old draft
2d,B0840,SCP-ALM,reported_lower_bound,-204894.4812783412,-204894.48127834775,Latest independent rerun replaces old draft
2d,B0840,SCP-ALM,reported_absolute_gap,47.49609107890865,47.49609108545701,Latest independent rerun replaces old draft
2d,B0840,SCP-ALM,reported_relative_gap,0.00023186131363119532,0.00023186131366316243,Latest independent rerun replaces old draft
2d,B0840,SCP-ALM,reported_gap_percent,0.023186131363119533,0.023186131366316243,Latest independent rerun replaces old draft
2d,B0840,SCP-ALM,runtime_sec,1869.0967116999673,2111.184550799895,Latest independent rerun replaces old draft
2d,B0840,RD-ALM,reported_lower_bound,-205154.94955726597,-205154.94955722062,Latest independent rerun replaces old draft
2d,B0840,RD-ALM,reported_absolute_gap,307.9643700036686,307.9643699583248,Latest independent rerun replaces old draft
2d,B0840,RD-ALM,reported_relative_gap,0.0015033873684894158,0.0015033873682680614,Latest independent rerun replaces old draft
2d,B0840,RD-ALM,reported_gap_percent,0.15033873684894158,0.15033873682680612,Latest independent rerun replaces old draft
2d,B0840,RD-ALM,runtime_sec,2399.9051322999876,2399.913997200085,Latest independent rerun replaces old draft
2d,B0840,SCP-LR,reported_lower_bound,-298251.7780786027,-296655.8298747475,Latest independent rerun replaces old draft
2d,B0840,SCP-LR,reported_absolute_gap,93866.90814893442,92270.95994507923,Latest independent rerun replaces old draft
2d,B0840,SCP-LR,reported_relative_gap,0.45926544455680773,0.4514569007815059,Latest independent rerun replaces old draft
2d,B0840,SCP-LR,reported_gap_percent,45.92654445568078,45.145690078150594,Latest independent rerun replaces old draft
2d,B0840,SCP-LR,runtime_sec,2423.5626001000055,2407.1945764000993,Latest independent rerun replaces old draft
2d,B0900,Gurobi,reported_lower_bound,-228817.67580983418,-228550.31838882924,Latest independent rerun replaces old draft
2d,B0900,Gurobi,reported_upper_bound,-219459.97706298408,-219459.97706298414,Latest independent rerun replaces old draft
2d,B0900,Gurobi,reported_relative_gap,0.04263965973241893,0.04142140834743736,Latest independent rerun replaces old draft
2d,B0900,Gurobi,reported_gap_percent,4.263965973241893,4.142140834743737,Latest independent rerun replaces old draft
2d,B0900,Gurobi,runtime_sec,3000.3680000305176,3000.672000169754,Latest independent rerun replaces old draft
2d,B0900,SCP-ALM,reported_lower_bound,-219515.45963685733,-219515.4596368311,Latest independent rerun replaces old draft
2d,B0900,SCP-ALM,reported_absolute_gap,55.482573873217916,55.482573846995365,Latest independent rerun replaces old draft
2d,B0900,SCP-ALM,reported_relative_gap,0.00025281408763336673,0.00025281408751388,Latest independent rerun replaces old draft
2d,B0900,SCP-ALM,reported_gap_percent,0.025281408763336673,0.025281408751388002,Latest independent rerun replaces old draft
2d,B0900,SCP-ALM,runtime_sec,2137.662376500084,2410.14922380005,Latest independent rerun replaces old draft
2d,B0900,RD-ALM,reported_lower_bound,-219792.08098365713,-219818.9803776108,Latest independent rerun replaces old draft
2d,B0900,RD-ALM,reported_absolute_gap,332.1039206730202,359.0033146266942,Latest independent rerun replaces old draft
2d,B0900,RD-ALM,reported_relative_gap,0.0015132778428100706,0.0016358486838065317,Latest independent rerun replaces old draft
2d,B0900,RD-ALM,reported_gap_percent,0.15132778428100707,0.16358486838065317,Latest independent rerun replaces old draft
2d,B0900,RD-ALM,runtime_sec,2999.909591499949,2999.901484800037,Latest independent rerun replaces old draft
2d,B0900,SCP-LR,reported_lower_bound,-323846.8121965715,-324237.4280853545,Latest independent rerun replaces old draft
2d,B0900,SCP-LR,reported_absolute_gap,104882.11880545353,105272.73469423654,Latest independent rerun replaces old draft
2d,B0900,SCP-LR,reported_relative_gap,0.47899100618067014,0.4807749279752459,Latest independent rerun replaces old draft
2d,B0900,SCP-LR,reported_gap_percent,47.89910061806702,48.07749279752459,Latest independent rerun replaces old draft
2d,B0900,SCP-LR,runtime_sec,3020.805754899993,3014.8721946000587,Latest independent rerun replaces old draft
2d,B0960,Gurobi,reported_lower_bound,-243780.81154025032,-243872.70552849545,Latest independent rerun replaces old draft
2d,B0960,Gurobi,reported_upper_bound,-234089.6122897696,-234089.61228976963,Latest independent rerun replaces old draft
2d,B0960,Gurobi,reported_relative_gap,0.0413995271113713,0.04179208612903226,Latest independent rerun replaces old draft
2d,B0960,Gurobi,reported_gap_percent,4.13995271113713,4.179208612903226,Latest independent rerun replaces old draft
2d,B0960,Gurobi,runtime_sec,3000.3180000782013,3000.648999929428,Latest independent rerun replaces old draft
2d,B0960,SCP-ALM,reported_lower_bound,-234602.77828209175,-234602.77828208264,Latest independent rerun replaces old draft
2d,B0960,SCP-ALM,reported_absolute_gap,513.1659923221741,513.1659923130646,Latest independent rerun replaces old draft
2d,B0960,SCP-ALM,reported_relative_gap,0.0021921775481730807,0.002192177548134166,Latest independent rerun replaces old draft
2d,B0960,SCP-ALM,reported_gap_percent,0.21921775481730807,0.2192177548134166,Latest independent rerun replaces old draft
2d,B0960,SCP-ALM,runtime_sec,3005.5915374999167,3080.5904232000466,Latest independent rerun replaces old draft
2d,B0960,RD-ALM,reported_lower_bound,-234442.65108813852,-234470.6982224221,Latest independent rerun replaces old draft
2d,B0960,RD-ALM,reported_absolute_gap,353.0387983689434,381.0859326525242,Latest independent rerun replaces old draft
2d,B0960,RD-ALM,reported_relative_gap,0.0015081352603204437,0.0016279489248792215,Latest independent rerun replaces old draft
2d,B0960,RD-ALM,reported_gap_percent,0.15081352603204437,0.16279489248792214,Latest independent rerun replaces old draft
2d,B0960,RD-ALM,runtime_sec,2999.9065157999285,2999.9020731998608,Latest independent rerun replaces old draft
2d,B0960,SCP-LR,reported_lower_bound,-345403.1144551509,-345802.6621271551,Latest independent rerun replaces old draft
2d,B0960,SCP-LR,reported_absolute_gap,111835.31443490679,112234.862106911,Latest independent rerun replaces old draft
2d,B0960,SCP-LR,reported_relative_gap,0.4788130659500738,0.4805236941786634,Latest independent rerun replaces old draft
2d,B0960,SCP-LR,reported_gap_percent,47.88130659500738,48.052369417866345,Latest independent rerun replaces old draft
2d,B0960,SCP-LR,runtime_sec,2946.950330199994,3181.3818435999565,Latest independent rerun replaces old draft
2d,B1020,Gurobi,reported_lower_bound,-259380.77439703114,-259596.22800161218,Latest independent rerun replaces old draft
2d,B1020,Gurobi,reported_relative_gap,0.042905318831436744,0.04377160397034618,Latest independent rerun replaces old draft
2d,B1020,Gurobi,reported_gap_percent,4.290531883143674,4.377160397034618,Latest independent rerun replaces old draft
2d,B1020,Gurobi,runtime_sec,3000.361999988556,3000.5280001163483,Latest independent rerun replaces old draft
2d,B1020,SCP-ALM,reported_lower_bound,-248782.86251178666,-248917.86615675627,Latest independent rerun replaces old draft
2d,B1020,SCP-ALM,reported_upper_bound,-248709.80108497696,-248709.80108497693,Latest independent rerun replaces old draft
2d,B1020,SCP-ALM,reported_absolute_gap,73.06142680969788,208.06507177933236,Latest independent rerun replaces old draft
2d,B1020,SCP-ALM,reported_relative_gap,0.0002937617516116098,0.0008365776936480382,Latest independent rerun replaces old draft
2d,B1020,SCP-ALM,reported_gap_percent,0.029376175161160978,0.08365776936480382,Latest independent rerun replaces old draft
2d,B1020,SCP-ALM,runtime_sec,3038.122407299932,2951.276847800007,Latest independent rerun replaces old draft
2d,B1020,SCP-ALM,stop_reason,HISTORICAL_AUDITED_CERT_TARGET_0P05,OUTER_TIME_LIMIT_NO_0P1_CHECKPOINT,Latest independent rerun replaces old draft
2d,B1020,RD-ALM,reported_upper_bound,-248709.80108497696,-248709.80108497693,Latest independent rerun replaces old draft
2d,B1020,RD-ALM,reported_absolute_gap,410.6888623095292,410.6888623095583,Latest independent rerun replaces old draft
2d,B1020,RD-ALM,reported_relative_gap,0.001651277354241495,0.001651277354241612,Latest independent rerun replaces old draft
2d,B1020,RD-ALM,reported_gap_percent,0.1651277354241495,0.1651277354241612,Latest independent rerun replaces old draft
2d,B1020,RD-ALM,runtime_sec,2999.903336199932,2999.902334899991,Latest independent rerun replaces old draft
2d,B1020,SCP-LR,reported_lower_bound,-364128.14516575634,-364115.14961116516,Latest independent rerun replaces old draft
2d,B1020,SCP-LR,reported_absolute_gap,115951.82421183761,115938.82865724643,Latest independent rerun replaces old draft
2d,B1020,SCP-LR,reported_relative_gap,0.46721550132644396,0.4671631371260995,Latest independent rerun replaces old draft
2d,B1020,SCP-LR,reported_gap_percent,46.721550132644396,46.71631371260995,Latest independent rerun replaces old draft
2d,B1020,SCP-LR,runtime_sec,3097.9449786999976,2962.0943746999837,Latest independent rerun replaces old draft
2d,B1080,Gurobi,reported_lower_bound,-274503.8983917089,-274940.3239144542,Latest independent rerun replaces old draft
2d,B1080,Gurobi,reported_relative_gap,0.04248949671533035,0.044146919528726035,Latest independent rerun replaces old draft
2d,B1080,Gurobi,reported_gap_percent,4.248949671533035,4.414691952872603,Latest independent rerun replaces old draft
2d,B1080,Gurobi,runtime_sec,3000.356999874115,3000.319999933243,Latest independent rerun replaces old draft
2d,B1080,SCP-ALM,reported_lower_bound,-263392.55658945633,-263537.04762019194,Latest independent rerun replaces old draft
2d,B1080,SCP-ALM,reported_absolute_gap,76.81167632847792,221.30270706408191,Latest independent rerun replaces old draft
2d,B1080,SCP-ALM,reported_relative_gap,0.00029170939380711677,0.00084044616145948,Latest independent rerun replaces old draft
2d,B1080,SCP-ALM,reported_gap_percent,0.029170939380711677,0.084044616145948,Latest independent rerun replaces old draft
2d,B1080,SCP-ALM,runtime_sec,3227.941485999967,2988.909682199941,Latest independent rerun replaces old draft
2d,B1080,SCP-ALM,stop_reason,HISTORICAL_AUDITED_CERT_TARGET_0P05,OUTER_TIME_LIMIT_NO_0P1_CHECKPOINT,Latest independent rerun replaces old draft
2d,B1080,RD-ALM,runtime_sec,2999.901392700034,2999.9028906999156,Latest independent rerun replaces old draft
2d,B1080,SCP-LR,reported_lower_bound,-385216.48421483353,-385422.84137139074,Latest independent rerun replaces old draft
2d,B1080,SCP-LR,reported_absolute_gap,122454.6238282597,122660.98098481691,Latest independent rerun replaces old draft
2d,B1080,SCP-LR,reported_relative_gap,0.4660289116849193,0.46681425076058886,Latest independent rerun replaces old draft
2d,B1080,SCP-LR,reported_gap_percent,46.60289116849193,46.681425076058886,Latest independent rerun replaces old draft
2d,B1080,SCP-LR,runtime_sec,3030.6675748999987,2946.3650654999074,Latest independent rerun replaces old draft
2d,B1140,Gurobi,reported_lower_bound,-290030.29484061984,-289894.825291715,Latest independent rerun replaces old draft
2d,B1140,Gurobi,reported_upper_bound,-277919.64205140265,-277919.6420514026,Latest independent rerun replaces old draft
2d,B1140,Gurobi,reported_relative_gap,0.04357609523323026,0.04308865379906295,Latest independent rerun replaces old draft
2d,B1140,Gurobi,reported_gap_percent,4.357609523323026,4.308865379906295,Latest independent rerun replaces old draft
2d,B1140,Gurobi,runtime_sec,3002.2610001564026,3000.6319999694824,Latest independent rerun replaces old draft
2d,B1140,SCP-ALM,reported_lower_bound,-278154.6389741654,-278154.6389741631,Latest independent rerun replaces old draft
2d,B1140,SCP-ALM,reported_absolute_gap,234.99692276277347,234.99692276044516,Latest independent rerun replaces old draft
2d,B1140,SCP-ALM,reported_relative_gap,0.0008455570863152939,0.0008455570863069163,Latest independent rerun replaces old draft
2d,B1140,SCP-ALM,reported_gap_percent,0.08455570863152939,0.08455570863069163,Latest independent rerun replaces old draft
2d,B1140,SCP-ALM,runtime_sec,3071.796749799978,3095.717227999936,Latest independent rerun replaces old draft
2d,B1140,RD-ALM,reported_lower_bound,-278381.24483338324,-278463.36655727495,Latest independent rerun replaces old draft
2d,B1140,RD-ALM,reported_absolute_gap,461.6027819805895,543.724505872291,Latest independent rerun replaces old draft
2d,B1140,RD-ALM,reported_relative_gap,0.0016609217634758384,0.001956409060759104,Latest independent rerun replaces old draft
2d,B1140,RD-ALM,reported_gap_percent,0.16609217634758383,0.1956409060759104,Latest independent rerun replaces old draft
2d,B1140,RD-ALM,runtime_sec,2999.9018054000335,2999.9016086000483,Latest independent rerun replaces old draft
2d,B1140,SCP-LR,reported_lower_bound,-407216.85461885243,-407034.1065906764,Latest independent rerun replaces old draft
2d,B1140,SCP-LR,reported_absolute_gap,129879.50905595743,129696.76102778141,Latest independent rerun replaces old draft
2d,B1140,SCP-LR,reported_relative_gap,0.4683087623570809,0.46764982467306615,Latest independent rerun replaces old draft
2d,B1140,SCP-LR,reported_gap_percent,46.83087623570809,46.764982467306616,Latest independent rerun replaces old draft
2d,B1140,SCP-LR,runtime_sec,2998.7442487000008,3084.344476700062,Latest independent rerun replaces old draft
2d,B1200,Gurobi,reported_lower_bound,-305161.3540022141,-305189.9190808162,Latest independent rerun replaces old draft
2d,B1200,Gurobi,reported_upper_bound,-292557.1090208588,-292557.10902085877,Latest independent rerun replaces old draft
2d,B1200,Gurobi,reported_relative_gap,0.043083024109513625,0.04318066343435443,Latest independent rerun replaces old draft
2d,B1200,Gurobi,reported_gap_percent,4.308302410951362,4.318066343435443,Latest independent rerun replaces old draft
2d,B1200,Gurobi,runtime_sec,3601.412999868393,3604.0950000286102,Latest independent rerun replaces old draft
2d,B1200,SCP-ALM,reported_lower_bound,-292641.42394743033,-292641.4239474036,Latest independent rerun replaces old draft
2d,B1200,SCP-ALM,reported_absolute_gap,84.31492657144554,84.31492654472822,Latest independent rerun replaces old draft
2d,B1200,SCP-ALM,reported_relative_gap,0.00028819988977069776,0.00028819988967937433,Latest independent rerun replaces old draft
2d,B1200,SCP-ALM,reported_gap_percent,0.028819988977069777,0.028819988967937433,Latest independent rerun replaces old draft
2d,B1200,SCP-ALM,runtime_sec,3566.7197902000044,3808.3869357000804,Latest independent rerun replaces old draft
2d,B1200,RD-ALM,reported_lower_bound,-293041.8877402911,-293128.8236076157,Latest independent rerun replaces old draft
2d,B1200,RD-ALM,reported_absolute_gap,484.77871943218634,571.7145867568324,Latest independent rerun replaces old draft
2d,B1200,RD-ALM,reported_relative_gap,0.0016570396154605915,0.0019541982372955086,Latest independent rerun replaces old draft
2d,B1200,RD-ALM,reported_gap_percent,0.16570396154605915,0.19541982372955086,Latest independent rerun replaces old draft
2d,B1200,RD-ALM,runtime_sec,3599.902621599962,3599.9100827000802,Latest independent rerun replaces old draft
2d,B1200,SCP-LR,reported_lower_bound,-428703.4502490039,-431059.79660788074,Latest independent rerun replaces old draft
2d,B1200,SCP-LR,reported_absolute_gap,136757.6527391473,139113.99909802416,Latest independent rerun replaces old draft
2d,B1200,SCP-LR,reported_relative_gap,0.4684350790647368,0.4765062565880142,Latest independent rerun replaces old draft
2d,B1200,SCP-LR,reported_gap_percent,46.84350790647368,47.650625658801424,Latest independent rerun replaces old draft
2d,B1200,SCP-LR,runtime_sec,3559.1189146000033,3611.072011000011,Latest independent rerun replaces old draft
2d,B1260,Gurobi,reported_lower_bound,-320699.2597081714,-320620.2059236891,Latest independent rerun replaces old draft
2d,B1260,Gurobi,reported_upper_bound,-307176.65034308913,-307176.6503430891,Latest independent rerun replaces old draft
2d,B1260,Gurobi,reported_relative_gap,0.04402225673721857,0.04376490063806865,Latest independent rerun replaces old draft
2d,B1260,Gurobi,reported_gap_percent,4.402225673721857,4.376490063806865,Latest independent rerun replaces old draft
2d,B1260,Gurobi,runtime_sec,3611.9249999523163,3600.548000097275,Latest independent rerun replaces old draft
2d,B1260,SCP-ALM,reported_lower_bound,-307263.55788266903,-307430.43434038904,Latest independent rerun replaces old draft
2d,B1260,SCP-ALM,reported_absolute_gap,86.9075395797845,253.78399729978992,Latest independent rerun replaces old draft
2d,B1260,SCP-ALM,reported_relative_gap,0.0002829236515298817,0.0008261825793605587,Latest independent rerun replaces old draft
2d,B1260,SCP-ALM,reported_gap_percent,0.02829236515298817,0.08261825793605587,Latest independent rerun replaces old draft
2d,B1260,SCP-ALM,runtime_sec,3760.0676836000057,3694.679318999988,Latest independent rerun replaces old draft
2d,B1260,SCP-ALM,stop_reason,HISTORICAL_AUDITED_CERT_TARGET_0P05,OUTER_TIME_LIMIT_NO_0P1_CHECKPOINT,Latest independent rerun replaces old draft
2d,B1260,RD-ALM,reported_lower_bound,-307775.08135097014,-307775.08135095803,Latest independent rerun replaces old draft
2d,B1260,RD-ALM,reported_absolute_gap,598.4310078808921,598.431007868785,Latest independent rerun replaces old draft
2d,B1260,RD-ALM,reported_relative_gap,0.0019481656799515766,0.0019481656799121621,Latest independent rerun replaces old draft
2d,B1260,RD-ALM,reported_gap_percent,0.19481656799515765,0.19481656799121622,Latest independent rerun replaces old draft
2d,B1260,RD-ALM,runtime_sec,3599.90123399999,3599.916334300069,Latest independent rerun replaces old draft
2d,B1260,SCP-LR,reported_lower_bound,-449679.0794942919,-449682.20605718845,Latest independent rerun replaces old draft
2d,B1260,SCP-LR,reported_absolute_gap,143146.23265277006,143149.3592156666,Latest independent rerun replaces old draft
2d,B1260,SCP-LR,reported_relative_gap,0.466984971195524,0.4669951709601781,Latest independent rerun replaces old draft
2d,B1260,SCP-LR,reported_gap_percent,46.6984971195524,46.699517096017814,Latest independent rerun replaces old draft
2d,B1260,SCP-LR,runtime_sec,3664.9302893999993,3810.692877100082,Latest independent rerun replaces old draft
2d,B1320,Gurobi,reported_lower_bound,-335877.0782971494,-335721.9775931724,Latest independent rerun replaces old draft
2d,B1320,Gurobi,reported_relative_gap,0.04378385171475656,0.043301855113435796,Latest independent rerun replaces old draft
2d,B1320,Gurobi,reported_gap_percent,4.378385171475656,4.330185511343579,Latest independent rerun replaces old draft
2d,B1320,Gurobi,runtime_sec,3612.90700006485,3600.492000102997,Latest independent rerun replaces old draft
2d,B1320,SCP-ALM,reported_lower_bound,-322048.1899447737,-322048.18994475657,Latest independent rerun replaces old draft
2d,B1320,SCP-ALM,reported_upper_bound,-321787.961890157,-321787.9618901571,Latest independent rerun replaces old draft
2d,B1320,SCP-ALM,reported_absolute_gap,260.2280546166585,260.2280545994872,Latest independent rerun replaces old draft
2d,B1320,SCP-ALM,reported_relative_gap,0.0008086941882104585,0.0008086941881570963,Latest independent rerun replaces old draft
2d,B1320,SCP-ALM,reported_gap_percent,0.08086941882104585,0.08086941881570964,Latest independent rerun replaces old draft
2d,B1320,SCP-ALM,runtime_sec,3608.681090899976,3661.3122316000517,Latest independent rerun replaces old draft
2d,B1320,RD-ALM,reported_lower_bound,-322410.2117032206,-322410.21170312737,Latest independent rerun replaces old draft
2d,B1320,RD-ALM,reported_upper_bound,-321787.961890157,-321787.9618901571,Latest independent rerun replaces old draft
2d,B1320,RD-ALM,reported_absolute_gap,622.249813063594,622.2498129702872,Latest independent rerun replaces old draft
2d,B1320,RD-ALM,reported_relative_gap,0.0019337262009695697,0.0019337262006796055,Latest independent rerun replaces old draft
2d,B1320,RD-ALM,reported_gap_percent,0.19337262009695697,0.19337262006796055,Latest independent rerun replaces old draft
2d,B1320,RD-ALM,runtime_sec,3599.9143478999613,3599.9027276000706,Latest independent rerun replaces old draft
2d,B1320,SCP-LR,reported_lower_bound,-469791.90427133575,-470629.80922905443,Latest independent rerun replaces old draft
2d,B1320,SCP-LR,reported_absolute_gap,148689.1205628565,149527.02552057517,Latest independent rerun replaces old draft
2d,B1320,SCP-LR,reported_relative_gap,0.4630577126912965,0.46566717296455085,Latest independent rerun replaces old draft
2d,B1320,SCP-LR,reported_gap_percent,46.30577126912965,46.56671729645508,Latest independent rerun replaces old draft
2d,B1320,SCP-LR,runtime_sec,3645.542428500001,3664.746222499991,Latest independent rerun replaces old draft
2d,B1380,Gurobi,reported_lower_bound,-351011.1775063121,-350969.6169511774,Latest independent rerun replaces old draft
2d,B1380,Gurobi,reported_upper_bound,-336429.1997024605,-336429.19970246044,Latest independent rerun replaces old draft
2d,B1380,Gurobi,reported_relative_gap,0.04334337749739904,0.04321984316931051,Latest independent rerun replaces old draft
2d,B1380,Gurobi,reported_gap_percent,4.3343377497399045,4.321984316931051,Latest independent rerun replaces old draft
2d,B1380,Gurobi,runtime_sec,3600.7430000305176,3602.223999977112,Latest independent rerun replaces old draft
2d,B1380,SCP-ALM,reported_lower_bound,-336583.7334252714,-336600.3717547435,Latest independent rerun replaces old draft
2d,B1380,SCP-ALM,reported_absolute_gap,154.53372281091288,171.17205228301464,Latest independent rerun replaces old draft
2d,B1380,SCP-ALM,reported_relative_gap,0.0004593350486449547,0.0005087907126801121,Latest independent rerun replaces old draft
2d,B1380,SCP-ALM,reported_gap_percent,0.04593350486449547,0.050879071268011215,Latest independent rerun replaces old draft
2d,B1380,SCP-ALM,runtime_sec,3451.8890671000117,3623.9746037999867,Latest independent rerun replaces old draft
2d,B1380,SCP-ALM,stop_reason,HISTORICAL_AUDITED_CERT_TARGET_0P05,OUTER_TIME_LIMIT_NO_0P1_CHECKPOINT,Latest independent rerun replaces old draft
2d,B1380,RD-ALM,reported_lower_bound,-337075.59885056876,-338139.58104686433,Latest independent rerun replaces old draft
2d,B1380,RD-ALM,reported_absolute_gap,646.399148108263,1710.3813444038387,Latest independent rerun replaces old draft
2d,B1380,RD-ALM,reported_relative_gap,0.0019213526907888535,0.0050839265614177,Latest independent rerun replaces old draft
2d,B1380,RD-ALM,reported_gap_percent,0.19213526907888534,0.5083926561417701,Latest independent rerun replaces old draft
2d,B1380,RD-ALM,runtime_sec,3599.9019750999287,3599.908050899976,Latest independent rerun replaces old draft
2d,B1380,SCP-LR,reported_lower_bound,-493155.5329345266,-492896.084856987,Latest independent rerun replaces old draft
2d,B1380,SCP-LR,reported_absolute_gap,157437.0714625258,157177.6233849862,Latest independent rerun replaces old draft
2d,B1380,SCP-LR,reported_relative_gap,0.4689556563920337,0.46818284194387366,Latest independent rerun replaces old draft
2d,B1380,SCP-LR,reported_gap_percent,46.89556563920337,46.81828419438737,Latest independent rerun replaces old draft
2d,B1380,SCP-LR,runtime_sec,3741.1342250999296,3546.899141300004,Latest independent rerun replaces old draft
2d,B1440,Gurobi,reported_lower_bound,-366319.3800379554,-366201.5751286783,Latest independent rerun replaces old draft
2d,B1440,Gurobi,reported_relative_gap,0.04348712363461658,0.043151547870323444,Latest independent rerun replaces old draft
2d,B1440,Gurobi,reported_gap_percent,4.348712363461658,4.315154787032345,Latest independent rerun replaces old draft
2d,B1440,Gurobi,runtime_sec,3600.24799990654,3600.7290000915527,Latest independent rerun replaces old draft
2d,B1440,SCP-ALM,reported_lower_bound,-351214.4595795871,-351231.43638743827,Latest independent rerun replaces old draft
2d,B1440,SCP-ALM,reported_upper_bound,-351053.0908728535,-351053.09087285347,Latest independent rerun replaces old draft
2d,B1440,SCP-ALM,reported_absolute_gap,161.36870673357043,178.34551458479837,Latest independent rerun replaces old draft
2d,B1440,SCP-ALM,reported_relative_gap,0.0004596703772991872,0.0005080300365433689,Latest independent rerun replaces old draft
2d,B1440,SCP-ALM,reported_gap_percent,0.04596703772991872,0.050803003654336897,Latest independent rerun replaces old draft
2d,B1440,SCP-ALM,runtime_sec,2937.043893299997,3549.0297284000553,Latest independent rerun replaces old draft
2d,B1440,SCP-ALM,stop_reason,HISTORICAL_AUDITED_CERT_TARGET_0P05,OUTER_TIME_LIMIT_NO_0P1_CHECKPOINT,Latest independent rerun replaces old draft
2d,B1440,RD-ALM,reported_lower_bound,-352836.6960363278,-352836.696036345,Latest independent rerun replaces old draft
2d,B1440,RD-ALM,reported_upper_bound,-351053.0908728535,-351053.09087285347,Latest independent rerun replaces old draft
2d,B1440,RD-ALM,reported_absolute_gap,1783.6051634742762,1783.6051634915057,Latest independent rerun replaces old draft
2d,B1440,RD-ALM,reported_relative_gap,0.005080727701441241,0.005080727701490321,Latest independent rerun replaces old draft
2d,B1440,RD-ALM,reported_gap_percent,0.5080727701441241,0.5080727701490321,Latest independent rerun replaces old draft
2d,B1440,RD-ALM,runtime_sec,3599.9112624999834,3599.901040000026,Latest independent rerun replaces old draft
2d,B1440,SCP-LR,reported_lower_bound,-514567.21566457447,-515721.0438744946,Latest independent rerun replaces old draft
2d,B1440,SCP-LR,reported_upper_bound,-350311.68332147424,-350311.68332147435,Latest independent rerun replaces old draft
2d,B1440,SCP-LR,reported_absolute_gap,164255.53234310023,165409.36055302026,Latest independent rerun replaces old draft
2d,B1440,SCP-LR,reported_relative_gap,0.4688839686581795,0.4721776875515375,Latest independent rerun replaces old draft
2d,B1440,SCP-LR,reported_gap_percent,46.88839686581795,47.21776875515375,Latest independent rerun replaces old draft
2d,B1440,SCP-LR,runtime_sec,3778.637051299913,3582.7715771000367,Latest independent rerun replaces old draft
3d,R01,Gurobi,reported_lower_bound,-25132.70171274895,-25131.689517867086,Latest independent rerun replaces old draft
3d,R01,Gurobi,reported_relative_gap,0.02545603631257356,0.025414737077680525,Latest independent rerun replaces old draft
3d,R01,Gurobi,reported_gap_percent,2.545603631257356,2.5414737077680525,Latest independent rerun replaces old draft
3d,R01,Gurobi,runtime_sec,1800.1470000743866,1800.1529998779297,Latest independent rerun replaces old draft
3d,R01,RD-ALM,reported_lower_bound,-25382.539398558485,-25394.32143347709,Latest independent rerun replaces old draft
3d,R01,RD-ALM,reported_absolute_gap,873.7347124177286,885.5167473363326,Latest independent rerun replaces old draft
3d,R01,RD-ALM,reported_relative_gap,0.035649829667613625,0.036130556290942854,Latest independent rerun replaces old draft
3d,R01,RD-ALM,reported_gap_percent,3.5649829667613626,3.6130556290942852,Latest independent rerun replaces old draft
3d,R01,RD-ALM,runtime_sec,1799.9018889999716,1799.905123500037,Latest independent rerun replaces old draft
3d,R01,SCP-ALM,reported_lower_bound,-24514.15693518944,-24529.68704859374,Latest independent rerun replaces old draft
3d,R01,SCP-ALM,reported_absolute_gap,5.3522490486830065,20.882362452983216,Latest independent rerun replaces old draft
3d,R01,SCP-ALM,reported_relative_gap,0.0002183806643050853,0.00085203512453595,Latest independent rerun replaces old draft
3d,R01,SCP-ALM,reported_gap_percent,0.02183806643050853,0.085203512453595,Latest independent rerun replaces old draft
3d,R01,SCP-ALM,runtime_sec,928.0620276000118,1771.9302379,Latest independent rerun replaces old draft
3d,R01,SCP-ALM,stop_reason,HISTORICAL_AUDITED_CERT_TARGET_0P05,OUTER_TIME_LIMIT_AFTER_0P1_CHECKPOINT,Latest independent rerun replaces old draft
3d,R01,SCP-LR,runtime_sec,1783.5602632999653,1796.8071522000246,Latest independent rerun replaces old draft
3d,R02,Gurobi,reported_lower_bound,-25274.050398528412,-25239.96471422544,Latest independent rerun replaces old draft
3d,R02,Gurobi,reported_relative_gap,0.034200809084791374,0.03280604086487854,Latest independent rerun replaces old draft
3d,R02,Gurobi,reported_gap_percent,3.4200809084791373,3.2806040864878536,Latest independent rerun replaces old draft
3d,R02,Gurobi,runtime_sec,1800.0880000591278,1800.090000152588,Latest independent rerun replaces old draft
3d,R02,RD-ALM,reported_lower_bound,-24996.342525208227,-25073.64281003711,Latest independent rerun replaces old draft
3d,R02,RD-ALM,reported_absolute_gap,701.7305114040937,779.0307962329753,Latest independent rerun replaces old draft
3d,R02,RD-ALM,reported_relative_gap,0.028884203254835778,0.03206599042579202,Latest independent rerun replaces old draft
3d,R02,RD-ALM,reported_gap_percent,2.888420325483578,3.206599042579202,Latest independent rerun replaces old draft
3d,R02,RD-ALM,runtime_sec,1799.9028211999685,1799.9036012999713,Latest independent rerun replaces old draft
3d,R02,SCP-ALM,reported_lower_bound,-24442.61406110267,-24442.590126012125,Latest independent rerun replaces old draft
3d,R02,SCP-ALM,reported_upper_bound,-24438.24272473206,-24438.242724732056,Latest independent rerun replaces old draft
3d,R02,SCP-ALM,reported_absolute_gap,4.371336370611971,4.34740128006888,Latest independent rerun replaces old draft
3d,R02,SCP-ALM,reported_relative_gap,0.00017887277820463247,0.00017789336692646936,Latest independent rerun replaces old draft
3d,R02,SCP-ALM,reported_gap_percent,0.017887277820463246,0.017789336692646936,Latest independent rerun replaces old draft
3d,R02,SCP-ALM,runtime_sec,362.114384400018,311.49672930000816,Latest independent rerun replaces old draft
3d,R02,SCP-LR,reported_lower_bound,-52970.4903990898,-52970.490399089795,Latest independent rerun replaces old draft
3d,R02,SCP-LR,reported_absolute_gap,28532.247674357743,28532.247674357735,Latest independent rerun replaces old draft
3d,R02,SCP-LR,reported_relative_gap,1.1675245227629423,1.1675245227629418,Latest independent rerun replaces old draft
3d,R02,SCP-LR,reported_gap_percent,116.75245227629422,116.75245227629418,Latest independent rerun replaces old draft
3d,R02,SCP-LR,runtime_sec,1804.2951606000424,1796.2464548000135,Latest independent rerun replaces old draft
3d,R03,Gurobi,reported_lower_bound,-27336.113350430198,-27329.189898014727,Latest independent rerun replaces old draft
3d,R03,Gurobi,reported_relative_gap,0.03388331329083887,0.03362146034082519,Latest independent rerun replaces old draft
3d,R03,Gurobi,reported_gap_percent,3.3883313290838872,3.362146034082519,Latest independent rerun replaces old draft
3d,R03,Gurobi,runtime_sec,1800.8380000591278,1800.055999994278,Latest independent rerun replaces old draft
3d,R03,RD-ALM,reported_lower_bound,-27751.99405560358,-27848.669310007906,Latest independent rerun replaces old draft
3d,R03,RD-ALM,reported_absolute_gap,1311.7633264513206,1408.4385808556472,Latest independent rerun replaces old draft
3d,R03,RD-ALM,reported_relative_gap,0.04961240088593505,0.0532687704310667,Latest independent rerun replaces old draft
3d,R03,RD-ALM,reported_gap_percent,4.961240088593505,5.32687704310667,Latest independent rerun replaces old draft
3d,R03,RD-ALM,runtime_sec,1799.9037387999706,1799.9250708000036,Latest independent rerun replaces old draft
3d,R03,SCP-ALM,reported_lower_bound,-26521.94494102338,-26521.944941022,Latest independent rerun replaces old draft
3d,R03,SCP-ALM,reported_absolute_gap,2.159171915041952,2.159171913663158,Latest independent rerun replaces old draft
3d,R03,SCP-ALM,reported_relative_gap,8.141739657478948e-05,8.141739652279834e-05,Latest independent rerun replaces old draft
3d,R03,SCP-ALM,reported_gap_percent,0.008141739657478948,0.008141739652279835,Latest independent rerun replaces old draft
3d,R03,SCP-ALM,runtime_sec,510.5791155999759,711.0831268999027,Latest independent rerun replaces old draft
3d,R03,SCP-LR,runtime_sec,1817.4436879999703,1797.7396673000185,Latest independent rerun replaces old draft
3d,R04,Gurobi,reported_lower_bound,-27930.750932673567,-27927.610732064484,Latest independent rerun replaces old draft
3d,R04,Gurobi,reported_upper_bound,-27037.913679393307,-27117.6182981519,Latest independent rerun replaces old draft
3d,R04,Gurobi,reported_relative_gap,0.03302167703718679,0.02986960082581385,Latest independent rerun replaces old draft
3d,R04,Gurobi,reported_gap_percent,3.3021677037186787,2.986960082581385,Latest independent rerun replaces old draft
3d,R04,Gurobi,runtime_sec,1800.1679999828339,1800.0859999656677,Latest independent rerun replaces old draft
3d,R04,RD-ALM,reported_lower_bound,-28481.653322971753,-28513.971458717286,Latest independent rerun replaces old draft
3d,R04,RD-ALM,reported_absolute_gap,1428.9366524586585,1461.2547882041908,Latest independent rerun replaces old draft
3d,R04,RD-ALM,reported_relative_gap,0.0528204494159424,0.054015084917402346,Latest independent rerun replaces old draft
3d,R04,RD-ALM,reported_gap_percent,5.28204494159424,5.401508491740235,Latest independent rerun replaces old draft
3d,R04,RD-ALM,runtime_sec,1799.90224700002,1799.9040221000323,Latest independent rerun replaces old draft
3d,R04,SCP-ALM,reported_lower_bound,-27118.725525692505,-27118.72552569239,Latest independent rerun replaces old draft
3d,R04,SCP-ALM,reported_absolute_gap,1.1072275405967957,1.1072275404803804,Latest independent rerun replaces old draft
3d,R04,SCP-ALM,reported_relative_gap,4.083055998587657e-05,4.08305599815836e-05,Latest independent rerun replaces old draft
3d,R04,SCP-ALM,reported_gap_percent,0.004083055998587657,0.00408305599815836,Latest independent rerun replaces old draft
3d,R04,SCP-ALM,runtime_sec,1363.2641859999858,1762.4896705999272,Latest independent rerun replaces old draft
3d,R04,SCP-LR,runtime_sec,1776.2521832000348,1800.583225899958,Latest independent rerun replaces old draft
3d,R05,Gurobi,reported_lower_bound,-25086.168907030275,-25084.020011840297,Latest independent rerun replaces old draft
3d,R05,Gurobi,reported_relative_gap,0.031104400762257664,0.0310160757854398,Latest independent rerun replaces old draft
3d,R05,Gurobi,reported_gap_percent,3.1104400762257662,3.1016075785439803,Latest independent rerun replaces old draft
3d,R05,Gurobi,runtime_sec,1800.079999923706,1800.0439999103546,Latest independent rerun replaces old draft
3d,R05,RD-ALM,reported_lower_bound,-25590.112534208274,-25611.53358022106,Latest independent rerun replaces old draft
3d,R05,RD-ALM,reported_absolute_gap,1433.2586295106012,1454.6796755233881,Latest independent rerun replaces old draft
3d,R05,RD-ALM,reported_relative_gap,0.05933134484999646,0.060218093020817716,Latest independent rerun replaces old draft
3d,R05,RD-ALM,reported_gap_percent,5.933134484999647,6.021809302081771,Latest independent rerun replaces old draft
3d,R05,RD-ALM,runtime_sec,1799.9022441999987,1799.9022790999152,Latest independent rerun replaces old draft
3d,R05,SCP-ALM,reported_lower_bound,-24472.383843825923,-24472.38394389656,Latest independent rerun replaces old draft
3d,R05,SCP-ALM,reported_absolute_gap,4.961966320446663,4.962066391082772,Latest independent rerun replaces old draft
3d,R05,SCP-ALM,reported_relative_gap,0.0002027989031818889,0.00020280299313613946,Latest independent rerun replaces old draft
3d,R05,SCP-ALM,reported_gap_percent,0.02027989031818889,0.020280299313613945,Latest independent rerun replaces old draft
3d,R05,SCP-ALM,runtime_sec,440.47990119998576,483.7594137999695,Latest independent rerun replaces old draft
3d,R05,SCP-LR,reported_lower_bound,-60045.82980963131,-59926.47678149237,Latest independent rerun replaces old draft
3d,R05,SCP-LR,reported_absolute_gap,35578.40793212583,35459.05490398689,Latest independent rerun replaces old draft
3d,R05,SCP-LR,reported_relative_gap,1.4541134783324035,1.4492354397414773,Latest independent rerun replaces old draft
3d,R05,SCP-LR,reported_gap_percent,145.41134783324034,144.92354397414772,Latest independent rerun replaces old draft
3d,R05,SCP-LR,runtime_sec,1774.9660456000129,1796.154916800093,Latest independent rerun replaces old draft
3d,R06,Gurobi,reported_lower_bound,-28308.393084796513,-28312.49119350147,Latest independent rerun replaces old draft
3d,R06,Gurobi,reported_relative_gap,0.017122939804033874,0.01727018519380708,Latest independent rerun replaces old draft
3d,R06,Gurobi,reported_gap_percent,1.7122939804033874,1.727018519380708,Latest independent rerun replaces old draft
3d,R06,Gurobi,runtime_sec,1800.0570001602173,1800.026999950409,Latest independent rerun replaces old draft
3d,R06,RD-ALM,reported_lower_bound,-29576.554533905906,-29630.86252522363,Latest independent rerun replaces old draft
3d,R06,RD-ALM,reported_absolute_gap,2038.417445430292,2092.7254367480164,Latest independent rerun replaces old draft
3d,R06,RD-ALM,reported_relative_gap,0.07402161732586282,0.07599371845758576,Latest independent rerun replaces old draft
3d,R06,RD-ALM,reported_gap_percent,7.402161732586282,7.599371845758577,Latest independent rerun replaces old draft
3d,R06,RD-ALM,runtime_sec,1799.9054706000024,1799.902311899932,Latest independent rerun replaces old draft
3d,R06,SCP-ALM,reported_lower_bound,-27832.66496796378,-27832.66496796353,Latest independent rerun replaces old draft
3d,R06,SCP-ALM,reported_absolute_gap,0.8346385341828864,0.8346385339318658,Latest independent rerun replaces old draft
3d,R06,SCP-ALM,reported_relative_gap,2.9988632594541686e-05,2.99886325855225e-05,Latest independent rerun replaces old draft
3d,R06,SCP-ALM,reported_gap_percent,0.0029988632594541687,0.00299886325855225,Latest independent rerun replaces old draft
3d,R06,SCP-ALM,runtime_sec,749.3204046000028,891.0917437000899,Latest independent rerun replaces old draft
3d,R06,SCP-LR,runtime_sec,1797.4083992000087,1806.793348499923,Latest independent rerun replaces old draft
3d,R07,Gurobi,reported_lower_bound,-27674.866559337337,-27676.18924901592,Latest independent rerun replaces old draft
3d,R07,Gurobi,reported_relative_gap,0.029200209904365882,0.029249399391582234,Latest independent rerun replaces old draft
3d,R07,Gurobi,reported_gap_percent,2.9200209904365884,2.9249399391582234,Latest independent rerun replaces old draft
3d,R07,Gurobi,runtime_sec,1800.0750000476837,1800.0520000457764,Latest independent rerun replaces old draft
3d,R07,RD-ALM,reported_lower_bound,-29437.85039629921,-29479.808101547103,Latest independent rerun replaces old draft
3d,R07,RD-ALM,reported_absolute_gap,2469.4759468012453,2511.433652049138,Latest independent rerun replaces old draft
3d,R07,RD-ALM,reported_relative_gap,0.09156932878641547,0.09312514021755916,Latest independent rerun replaces old draft
3d,R07,RD-ALM,reported_gap_percent,9.156932878641546,9.312514021755916,Latest independent rerun replaces old draft
3d,R07,RD-ALM,runtime_sec,1799.9020948000252,1799.9031009000028,Latest independent rerun replaces old draft
3d,R07,SCP-ALM,reported_lower_bound,-27361.208663472127,-27266.910972125614,Latest independent rerun replaces old draft
3d,R07,SCP-ALM,reported_absolute_gap,392.8342139741617,298.5365226276481,Latest independent rerun replaces old draft
3d,R07,SCP-ALM,reported_relative_gap,0.014566477290271922,0.011069874574261021,Latest independent rerun replaces old draft
3d,R07,SCP-ALM,reported_gap_percent,1.4566477290271922,1.106987457426102,Latest independent rerun replaces old draft
3d,R07,SCP-ALM,runtime_sec,1768.6577171999961,1740.1624360999558,Latest independent rerun replaces old draft
3d,R07,SCP-LR,runtime_sec,1800.5897400999675,1786.7563446999993,Latest independent rerun replaces old draft
3d,R08,Gurobi,reported_lower_bound,-24106.257546196262,-24084.428443991826,Latest independent rerun replaces old draft
3d,R08,Gurobi,reported_relative_gap,0.026817981186441842,0.025888159765023892,Latest independent rerun replaces old draft
3d,R08,Gurobi,reported_gap_percent,2.6817981186441844,2.588815976502389,Latest independent rerun replaces old draft
3d,R08,Gurobi,runtime_sec,1800.1310000419617,1800.0910000801086,Latest independent rerun replaces old draft
3d,R08,RD-ALM,reported_lower_bound,-25373.4426535583,-25452.58394311929,Latest independent rerun replaces old draft
3d,R08,RD-ALM,reported_absolute_gap,1945.1748712307926,2024.3161607917827,Latest independent rerun replaces old draft
3d,R08,RD-ALM,reported_relative_gap,0.08302683276900581,0.08640485842144813,Latest independent rerun replaces old draft
3d,R08,RD-ALM,reported_gap_percent,8.30268327690058,8.640485842144813,Latest independent rerun replaces old draft
3d,R08,RD-ALM,runtime_sec,1799.9038624999812,1799.9001409000484,Latest independent rerun replaces old draft
3d,R08,SCP-ALM,reported_lower_bound,-23616.613959419516,-23644.096079501236,Latest independent rerun replaces old draft
3d,R08,SCP-ALM,reported_upper_bound,-23476.578009469486,-23476.58742813019,Latest independent rerun replaces old draft
3d,R08,SCP-ALM,reported_absolute_gap,140.03594995003004,167.50865137104483,Latest independent rerun replaces old draft
3d,R08,SCP-ALM,reported_relative_gap,0.005964921714465597,0.007135136309050271,Latest independent rerun replaces old draft
3d,R08,SCP-ALM,reported_gap_percent,0.5964921714465596,0.7135136309050271,Latest independent rerun replaces old draft
3d,R08,SCP-ALM,runtime_sec,1799.7585972999805,1799.7605419999454,Latest independent rerun replaces old draft
3d,R08,SCP-LR,reported_lower_bound,-54690.021618236446,-60404.2825197189,Latest independent rerun replaces old draft
3d,R08,SCP-LR,reported_absolute_gap,31213.4496111576,36927.71051264006,Latest independent rerun replaces old draft
3d,R08,SCP-LR,reported_relative_gap,1.3295573817909134,1.57296007702936,Latest independent rerun replaces old draft
3d,R08,SCP-LR,reported_gap_percent,132.95573817909136,157.29600770293598,Latest independent rerun replaces old draft
3d,R08,SCP-LR,runtime_sec,1787.1180149999564,1791.6391459000297,Latest independent rerun replaces old draft
3d,R09,Gurobi,reported_lower_bound,-25765.39374943167,-25761.428540746903,Latest independent rerun replaces old draft
3d,R09,Gurobi,reported_relative_gap,0.027437464415573994,0.02727934519579511,Latest independent rerun replaces old draft
3d,R09,Gurobi,reported_gap_percent,2.7437464415573993,2.727934519579511,Latest independent rerun replaces old draft
3d,R09,Gurobi,runtime_sec,1800.2070000171661,1800.0620000362396,Latest independent rerun replaces old draft
3d,R09,RD-ALM,reported_lower_bound,-26516.42075987252,-26604.401416631903,Latest independent rerun replaces old draft
3d,R09,RD-ALM,reported_absolute_gap,1807.943058286408,1895.923715045792,Latest independent rerun replaces old draft
3d,R09,RD-ALM,reported_relative_gap,0.07317096100057797,0.0767317087658576,Latest independent rerun replaces old draft
3d,R09,RD-ALM,reported_gap_percent,7.317096100057798,7.673170876585759,Latest independent rerun replaces old draft
3d,R09,RD-ALM,runtime_sec,1799.904257200018,1799.90415940003,Latest independent rerun replaces old draft
3d,R09,SCP-ALM,reported_lower_bound,-25216.780011969633,-25234.33399306354,Latest independent rerun replaces old draft
3d,R09,SCP-ALM,reported_absolute_gap,93.35918812019736,110.91316921410544,Latest independent rerun replaces old draft
3d,R09,SCP-ALM,reported_relative_gap,0.003716022144228557,0.0044147319742706605,Latest independent rerun replaces old draft
3d,R09,SCP-ALM,reported_gap_percent,0.3716022144228557,0.44147319742706603,Latest independent rerun replaces old draft
3d,R09,SCP-ALM,runtime_sec,1801.3093375999597,1799.7582184999483,Latest independent rerun replaces old draft
3d,R09,SCP-LR,runtime_sec,1792.2943827999989,1792.8822844000533,Latest independent rerun replaces old draft
3d,R10,Gurobi,reported_lower_bound,-26783.040232473737,-26778.274714657993,Latest independent rerun replaces old draft
3d,R10,Gurobi,reported_relative_gap,0.027253293804695215,0.02707051418630924,Latest independent rerun replaces old draft
3d,R10,Gurobi,reported_gap_percent,2.7253293804695216,2.707051418630924,Latest independent rerun replaces old draft
3d,R10,Gurobi,runtime_sec,1800.4809999465942,1800.0699999332428,Latest independent rerun replaces old draft
3d,R10,RD-ALM,reported_lower_bound,-27180.843718452616,-27209.577119508966,Latest independent rerun replaces old draft
3d,R10,RD-ALM,reported_absolute_gap,992.4790694761869,1021.2124705325368,Latest independent rerun replaces old draft
3d,R10,RD-ALM,reported_relative_gap,0.03789771078794635,0.038994892740370136,Latest independent rerun replaces old draft
3d,R10,RD-ALM,reported_gap_percent,3.789771078794635,3.8994892740370135,Latest independent rerun replaces old draft
3d,R10,RD-ALM,runtime_sec,1799.9024710000376,1799.926629099995,Latest independent rerun replaces old draft
3d,R10,SCP-ALM,reported_upper_bound,-26188.36464897643,-26188.364648976425,Latest independent rerun replaces old draft
3d,R10,SCP-ALM,reported_absolute_gap,20.534357354026724,20.534357354030362,Latest independent rerun replaces old draft
3d,R10,SCP-ALM,reported_relative_gap,0.0007841023152558443,0.0007841023152559834,Latest independent rerun replaces old draft
3d,R10,SCP-ALM,reported_gap_percent,0.07841023152558443,0.07841023152559834,Latest independent rerun replaces old draft
3d,R10,SCP-ALM,runtime_sec,1773.9910422000103,1766.0455107999733,Latest independent rerun replaces old draft
3d,R10,SCP-LR,runtime_sec,1765.6454410000006,1794.7689085000893,Latest independent rerun replaces old draft
3d,R11,Gurobi,reported_lower_bound,-26014.940395375776,-26007.14707809677,Latest independent rerun replaces old draft
3d,R11,Gurobi,reported_relative_gap,0.026996372572511612,0.026688714417074526,Latest independent rerun replaces old draft
3d,R11,Gurobi,reported_gap_percent,2.6996372572511613,2.6688714417074526,Latest independent rerun replaces old draft
3d,R11,Gurobi,runtime_sec,1800.172000169754,1800.1970000267029,Latest independent rerun replaces old draft
3d,R11,RD-ALM,reported_lower_bound,-26265.79529039928,-26284.782797318374,Latest independent rerun replaces old draft
3d,R11,RD-ALM,reported_absolute_gap,822.9271068134112,841.9146137325042,Latest independent rerun replaces old draft
3d,R11,RD-ALM,reported_relative_gap,0.03234411705769524,0.03309039718547354,Latest independent rerun replaces old draft
3d,R11,RD-ALM,reported_gap_percent,3.2344117057695243,3.309039718547354,Latest independent rerun replaces old draft
3d,R11,RD-ALM,runtime_sec,1799.9028031000053,1799.9019265000243,Latest independent rerun replaces old draft
3d,R11,SCP-ALM,reported_lower_bound,-25502.7244739756,-25443.00299375648,Latest independent rerun replaces old draft
3d,R11,SCP-ALM,reported_absolute_gap,59.85629038972911,0.13481017060985323,Latest independent rerun replaces old draft
3d,R11,SCP-ALM,reported_relative_gap,0.002352576366698492,5.298544552332517e-06,Latest independent rerun replaces old draft
3d,R11,SCP-ALM,reported_gap_percent,0.23525763666984922,0.0005298544552332518,Latest independent rerun replaces old draft
3d,R11,SCP-ALM,runtime_sec,1773.4827000000514,551.9224399999948,Latest independent rerun replaces old draft
3d,R11,SCP-ALM,stop_reason,OUTER_TIME_LIMIT_NO_0P1_CHECKPOINT,HISTORICAL_AUDITED_CERT_TARGET_0P05,Latest independent rerun replaces old draft
3d,R11,SCP-LR,runtime_sec,1792.1025883000111,1796.1082273999928,Latest independent rerun replaces old draft
3d,R12,Gurobi,reported_lower_bound,-22238.042925217884,-22232.98671400828,Latest independent rerun replaces old draft
3d,R12,Gurobi,reported_upper_bound,-21666.548248360134,-21741.842386563017,Latest independent rerun replaces old draft
3d,R12,Gurobi,reported_relative_gap,0.026376821554905713,0.022589820987240727,Latest independent rerun replaces old draft
3d,R12,Gurobi,reported_gap_percent,2.6376821554905714,2.2589820987240725,Latest independent rerun replaces old draft
3d,R12,Gurobi,runtime_sec,1800.0589997768402,1800.1449999809265,Latest independent rerun replaces old draft
3d,R12,RD-ALM,reported_lower_bound,-22414.94622935619,-22434.7646329122,Latest independent rerun replaces old draft
3d,R12,RD-ALM,reported_absolute_gap,697.7288593858393,717.5472629418509,Latest independent rerun replaces old draft
3d,R12,RD-ALM,reported_relative_gap,0.03212791249907685,0.03304047893051183,Latest independent rerun replaces old draft
3d,R12,RD-ALM,reported_gap_percent,3.212791249907685,3.3040478930511834,Latest independent rerun replaces old draft
3d,R12,RD-ALM,runtime_sec,1799.90450840001,1799.900070099975,Latest independent rerun replaces old draft
3d,R12,SCP-ALM,reported_lower_bound,-21741.95602144142,-21741.956012871316,Latest independent rerun replaces old draft
3d,R12,SCP-ALM,reported_absolute_gap,0.11363487840208109,0.1136263082989899,Latest independent rerun replaces old draft
3d,R12,SCP-ALM,reported_relative_gap,5.226552395224343e-06,5.226158219655465e-06,Latest independent rerun replaces old draft
3d,R12,SCP-ALM,reported_gap_percent,0.0005226552395224342,0.0005226158219655464,Latest independent rerun replaces old draft
3d,R12,SCP-ALM,runtime_sec,237.93434239999624,261.68909479992,Latest independent rerun replaces old draft
3d,R12,SCP-LR,runtime_sec,1791.3920478999935,1800.7957224999554,Latest independent rerun replaces old draft
3d,R13,Gurobi,reported_lower_bound,-26621.262606616874,-26613.267000137002,Latest independent rerun replaces old draft
3d,R13,Gurobi,reported_relative_gap,0.02523805883881598,0.024930132044065637,Latest independent rerun replaces old draft
3d,R13,Gurobi,reported_gap_percent,2.523805883881598,2.4930132044065636,Latest independent rerun replaces old draft
3d,R13,Gurobi,runtime_sec,1800.0550000667572,1800.1630001068115,Latest independent rerun replaces old draft
3d,R13,RD-ALM,reported_lower_bound,-27151.22050676835,-27207.216459375893,Latest independent rerun replaces old draft
3d,R13,RD-ALM,reported_absolute_gap,1147.3915774879097,1203.3875300954533,Latest independent rerun replaces old draft
3d,R13,RD-ALM,reported_relative_gap,0.04412394730823433,0.04627732067335795,Latest independent rerun replaces old draft
3d,R13,RD-ALM,reported_gap_percent,4.412394730823433,4.627732067335795,Latest independent rerun replaces old draft
3d,R13,RD-ALM,runtime_sec,1799.9591516999644,1799.9032030000817,Latest independent rerun replaces old draft
3d,R13,SCP-ALM,reported_lower_bound,-26082.440207760363,-26029.677273981277,Latest independent rerun replaces old draft
3d,R13,SCP-ALM,reported_absolute_gap,73.43836875398483,20.675434974898963,Latest independent rerun replaces old draft
3d,R13,SCP-ALM,reported_relative_gap,0.0028235750533050982,0.0007949338118732213,Latest independent rerun replaces old draft
3d,R13,SCP-ALM,reported_gap_percent,0.28235750533050985,0.07949338118732213,Latest independent rerun replaces old draft
3d,R13,SCP-ALM,runtime_sec,1799.7644165999955,1790.069076600019,Latest independent rerun replaces old draft
3d,R13,SCP-ALM,stop_reason,OUTER_TIME_LIMIT_NO_0P1_CHECKPOINT,OUTER_TIME_LIMIT_AFTER_0P1_CHECKPOINT,Latest independent rerun replaces old draft
3d,R13,SCP-LR,runtime_sec,1787.1750737999973,1790.6039659000235,Latest independent rerun replaces old draft
3d,R14,Gurobi,reported_lower_bound,-24463.364828853984,-24457.557591244593,Latest independent rerun replaces old draft
3d,R14,Gurobi,reported_upper_bound,-23867.725899028756,-23867.72589902876,Latest independent rerun replaces old draft
3d,R14,Gurobi,reported_relative_gap,0.02495583082967561,0.024712521616474387,Latest independent rerun replaces old draft
3d,R14,Gurobi,reported_gap_percent,2.495583082967561,2.4712521616474388,Latest independent rerun replaces old draft
3d,R14,Gurobi,runtime_sec,1800.0969998836517,1800.1050000190735,Latest independent rerun replaces old draft
3d,R14,RD-ALM,reported_lower_bound,-24953.198188204336,-25014.977659051045,Latest independent rerun replaces old draft
3d,R14,RD-ALM,reported_absolute_gap,1085.4722891755773,1147.2517600222855,Latest independent rerun replaces old draft
3d,R14,RD-ALM,reported_relative_gap,0.04547866410765795,0.04806707454558837,Latest independent rerun replaces old draft
3d,R14,RD-ALM,reported_gap_percent,4.547866410765795,4.806707454558837,Latest independent rerun replaces old draft
3d,R14,RD-ALM,runtime_sec,1799.9004055999685,1799.9025997999124,Latest independent rerun replaces old draft
3d,R14,SCP-ALM,reported_lower_bound,-23874.534307879625,-23902.24004869684,Latest independent rerun replaces old draft
3d,R14,SCP-ALM,reported_absolute_gap,6.808408850865817,34.51414966808079,Latest independent rerun replaces old draft
3d,R14,SCP-ALM,reported_relative_gap,0.00028525586726060355,0.0014460594115288236,Latest independent rerun replaces old draft
3d,R14,SCP-ALM,reported_gap_percent,0.028525586726060356,0.14460594115288236,Latest independent rerun replaces old draft
3d,R14,SCP-ALM,runtime_sec,1470.175682000001,1752.3218868999975,Latest independent rerun replaces old draft
3d,R14,SCP-ALM,stop_reason,HISTORICAL_AUDITED_CERT_TARGET_0P05,OUTER_TIME_LIMIT_NO_0P1_CHECKPOINT,Latest independent rerun replaces old draft
3d,R14,SCP-LR,runtime_sec,1764.7504515999972,1776.7069790000096,Latest independent rerun replaces old draft
3d,R15,Gurobi,reported_lower_bound,-30905.73710767562,-30901.85820972288,Latest independent rerun replaces old draft
3d,R15,Gurobi,reported_relative_gap,0.025041003317934483,0.024912353111812762,Latest independent rerun replaces old draft
3d,R15,Gurobi,reported_gap_percent,2.5041003317934485,2.4912353111812764,Latest independent rerun replaces old draft
3d,R15,Gurobi,runtime_sec,1800.111999988556,1800.037999868393,Latest independent rerun replaces old draft
3d,R15,RD-ALM,reported_lower_bound,-32165.841161209035,-32220.674872981224,Latest independent rerun replaces old draft
3d,R15,RD-ALM,reported_absolute_gap,2015.1086541444201,2069.9423659166096,Latest independent rerun replaces old draft
3d,R15,RD-ALM,reported_relative_gap,0.06683448415962233,0.06865313688254843,Latest independent rerun replaces old draft
3d,R15,RD-ALM,reported_gap_percent,6.683448415962233,6.865313688254843,Latest independent rerun replaces old draft
3d,R15,RD-ALM,runtime_sec,1799.9034120999859,1799.9023134999443,Latest independent rerun replaces old draft
3d,R15,SCP-ALM,runtime_sec,1785.227263399982,1770.8488779999316,Latest independent rerun replaces old draft
3d,R15,SCP-LR,runtime_sec,1779.2984434999962,1794.1405767999822,Latest independent rerun replaces old draft
3d,R16,Gurobi,reported_lower_bound,-23657.450764819594,-23651.80336451183,Latest independent rerun replaces old draft
3d,R16,Gurobi,reported_relative_gap,0.02373547811059985,0.0234910965788945,Latest independent rerun replaces old draft
3d,R16,Gurobi,reported_gap_percent,2.373547811059985,2.34910965788945,Latest independent rerun replaces old draft
3d,R16,Gurobi,runtime_sec,1800.114000082016,1800.457999944687,Latest independent rerun replaces old draft
3d,R16,RD-ALM,reported_lower_bound,-23872.00530996772,-23907.52756898742,Latest independent rerun replaces old draft
3d,R16,RD-ALM,reported_absolute_gap,763.0564939301476,798.5787529498484,Latest independent rerun replaces old draft
3d,R16,RD-ALM,reported_relative_gap,0.03301995690087762,0.03455712154226747,Latest independent rerun replaces old draft
3d,R16,RD-ALM,reported_gap_percent,3.301995690087762,3.455712154226747,Latest independent rerun replaces old draft
3d,R16,RD-ALM,runtime_sec,1799.9020793000236,1799.902480400051,Latest independent rerun replaces old draft
3d,R16,SCP-ALM,reported_lower_bound,-23112.788305774397,-23112.788305774335,Latest independent rerun replaces old draft
3d,R16,SCP-ALM,reported_absolute_gap,3.8394897368234524,3.8394897367616068,Latest independent rerun replaces old draft
3d,R16,SCP-ALM,reported_relative_gap,0.0001661473123415658,0.00016614731233888957,Latest independent rerun replaces old draft
3d,R16,SCP-ALM,reported_gap_percent,0.01661473123415658,0.016614731233888957,Latest independent rerun replaces old draft
3d,R16,SCP-ALM,runtime_sec,591.4669782000128,835.7748794000363,Latest independent rerun replaces old draft
3d,R16,SCP-LR,runtime_sec,1792.9021221999938,1792.8835093999514,Latest independent rerun replaces old draft
3d,R17,Gurobi,reported_lower_bound,-22821.48901866012,-22811.899236536698,Latest independent rerun replaces old draft
3d,R17,Gurobi,reported_relative_gap,0.008069523242728926,0.00764592392871158,Latest independent rerun replaces old draft
3d,R17,Gurobi,reported_gap_percent,0.8069523242728925,0.764592392871158,Latest independent rerun replaces old draft
3d,R17,Gurobi,runtime_sec,1800.1319999694824,1800.0440001487732,Latest independent rerun replaces old draft
3d,R17,RD-ALM,reported_lower_bound,-23143.552684674636,-23194.67914581028,Latest independent rerun replaces old draft
3d,R17,RD-ALM,reported_absolute_gap,504.74802639212794,555.8744875277735,Latest independent rerun replaces old draft
3d,R17,RD-ALM,reported_relative_gap,0.022295701297438582,0.024554056449460297,Latest independent rerun replaces old draft
3d,R17,RD-ALM,reported_gap_percent,2.229570129743858,2.4554056449460298,Latest independent rerun replaces old draft
3d,R17,RD-ALM,runtime_sec,1799.9669563999632,1799.9047746999422,Latest independent rerun replaces old draft
3d,R17,SCP-ALM,reported_lower_bound,-22693.77016616216,-22645.051215484476,Latest independent rerun replaces old draft
3d,R17,SCP-ALM,reported_absolute_gap,54.96550787965316,6.246557201968244,Latest independent rerun replaces old draft
3d,R17,SCP-ALM,reported_relative_gap,0.0024279333078455526,0.0002759225717194796,Latest independent rerun replaces old draft
3d,R17,SCP-ALM,reported_gap_percent,0.24279333078455526,0.02759225717194796,Latest independent rerun replaces old draft
3d,R17,SCP-ALM,runtime_sec,1759.9723793000448,1353.52949919994,Latest independent rerun replaces old draft
3d,R17,SCP-ALM,stop_reason,OUTER_TIME_LIMIT_NO_0P1_CHECKPOINT,HISTORICAL_AUDITED_CERT_TARGET_0P05,Latest independent rerun replaces old draft
3d,R17,SCP-LR,reported_lower_bound,-50528.06221086744,-50553.97448629564,Latest independent rerun replaces old draft
3d,R17,SCP-LR,reported_absolute_gap,28093.212613661017,28119.124889089217,Latest independent rerun replaces old draft
3d,R17,SCP-LR,reported_relative_gap,1.252213102295955,1.2533681033721122,Latest independent rerun replaces old draft
3d,R17,SCP-LR,reported_gap_percent,125.2213102295955,125.33681033721122,Latest independent rerun replaces old draft
3d,R17,SCP-LR,runtime_sec,1790.1667012000034,1800.6833597000223,Latest independent rerun replaces old draft
3d,R18,Gurobi,reported_lower_bound,-24764.19465926585,-24761.026018617053,Latest independent rerun replaces old draft
3d,R18,Gurobi,reported_relative_gap,0.02316287818528726,0.023031961935808296,Latest independent rerun replaces old draft
3d,R18,Gurobi,reported_gap_percent,2.316287818528726,2.3031961935808294,Latest independent rerun replaces old draft
3d,R18,Gurobi,runtime_sec,1800.2109999656677,1800.0590000152588,Latest independent rerun replaces old draft
3d,R18,RD-ALM,reported_lower_bound,-25367.264292257492,-25529.134061713834,Latest independent rerun replaces old draft
3d,R18,RD-ALM,reported_absolute_gap,1163.6939957644026,1325.5637652207442,Latest independent rerun replaces old draft
3d,R18,RD-ALM,reported_relative_gap,0.048079435451430605,0.05476728222252435,Latest independent rerun replaces old draft
3d,R18,RD-ALM,reported_gap_percent,4.80794354514306,5.476728222252435,Latest independent rerun replaces old draft
3d,R18,RD-ALM,runtime_sec,1799.9045937000192,1799.9038801999995,Latest independent rerun replaces old draft
3d,R18,SCP-ALM,reported_lower_bound,-24214.738658572893,-24214.797773149254,Latest independent rerun replaces old draft
3d,R18,SCP-ALM,reported_absolute_gap,11.168362079803046,11.227476656164072,Latest independent rerun replaces old draft
3d,R18,SCP-ALM,reported_relative_gap,0.00046143448850689833,0.0004638768792631741,Latest independent rerun replaces old draft
3d,R18,SCP-ALM,reported_gap_percent,0.046143448850689835,0.04638768792631741,Latest independent rerun replaces old draft
3d,R18,SCP-ALM,runtime_sec,735.0566190999816,1020.8071758999722,Latest independent rerun replaces old draft
3d,R18,SCP-LR,runtime_sec,1788.4039969000005,1792.2655227999203,Latest independent rerun replaces old draft
3d,R19,Gurobi,reported_lower_bound,-22188.7978063681,-22170.505951265917,Latest independent rerun replaces old draft
3d,R19,Gurobi,reported_relative_gap,0.021389425296105557,0.020547419003855854,Latest independent rerun replaces old draft
3d,R19,Gurobi,reported_gap_percent,2.1389425296105555,2.0547419003855856,Latest independent rerun replaces old draft
3d,R19,Gurobi,runtime_sec,1800.0500001907349,1800.0639998912811,Latest independent rerun replaces old draft
3d,R19,RD-ALM,reported_lower_bound,-22153.02077910641,-22194.441206185053,Latest independent rerun replaces old draft
3d,R19,RD-ALM,reported_absolute_gap,742.1807457914038,783.6011728700469,Latest independent rerun replaces old draft
3d,R19,RD-ALM,reported_relative_gap,0.03466378454262325,0.03659833858226828,Latest independent rerun replaces old draft
3d,R19,RD-ALM,reported_gap_percent,3.466378454262325,3.659833858226828,Latest independent rerun replaces old draft
3d,R19,RD-ALM,runtime_sec,1799.9017008999945,1799.9407553999918,Latest independent rerun replaces old draft
3d,R19,SCP-ALM,runtime_sec,555.0776596000069,771.2794906999916,Latest independent rerun replaces old draft
3d,R19,SCP-LR,runtime_sec,1788.7684242000032,1797.4737457999727,Latest independent rerun replaces old draft
3d,R20,Gurobi,reported_lower_bound,-27841.102401308945,-27834.88243306951,Latest independent rerun replaces old draft
3d,R20,Gurobi,reported_relative_gap,0.02106816947919737,0.020840053095984044,Latest independent rerun replaces old draft
3d,R20,Gurobi,reported_gap_percent,2.106816947919737,2.0840053095984046,Latest independent rerun replaces old draft
3d,R20,Gurobi,runtime_sec,1800.0330002307892,1800.037999868393,Latest independent rerun replaces old draft
3d,R20,RD-ALM,reported_lower_bound,-29344.04890615028,-28936.032065326424,Latest independent rerun replaces old draft
3d,R20,RD-ALM,reported_absolute_gap,2077.404784328839,1669.387943504982,Latest independent rerun replaces old draft
3d,R20,RD-ALM,reported_relative_gap,0.07618850251785463,0.061224547327735655,Latest independent rerun replaces old draft
3d,R20,RD-ALM,reported_gap_percent,7.618850251785463,6.122454732773566,Latest independent rerun replaces old draft
3d,R20,RD-ALM,runtime_sec,1799.9062956999987,1799.9037745000096,Latest independent rerun replaces old draft
3d,R20,SCP-ALM,reported_lower_bound,-27449.82401328888,-27449.824011576336,Latest independent rerun replaces old draft
3d,R20,SCP-ALM,reported_absolute_gap,183.1798914674364,183.17988975489425,Latest independent rerun replaces old draft
3d,R20,SCP-ALM,reported_relative_gap,0.006718094483832643,0.006718094421025422,Latest independent rerun replaces old draft
3d,R20,SCP-ALM,reported_gap_percent,0.6718094483832643,0.6718094421025422,Latest independent rerun replaces old draft
3d,R20,SCP-ALM,runtime_sec,1773.8598166999873,1786.8985704000806,Latest independent rerun replaces old draft
3d,R20,SCP-LR,runtime_sec,1791.8497032999949,1798.6745807001134,Latest independent rerun replaces old draft
