study,instance_id,method,old_summary_sha256,latest_original_summary_sha256,byte_equal
2d,B0300,gurobi,09beb015112d7f2bc8e50a340096580def6a3f1b5a63ce029e107d297b7694d8,0e04ff77323d49aa8e12759e6c48f244601a911df6ba6c607e5e95b69917fbe3,False
2d,B0300,p1,729f199dc5aa2c870c67fec1db0169316cc89f59523f1ea3fe13e0310a5c5bcf,f1ddfeb228acfec4907cc9916545d4156ce9e2d59617acbfecdc12f4055610df,False
2d,B0300,p2,63c268ca98303a9863c95554da8ffeea2947dc3edef5f8f90cce4bc0534b0d1a,06bdcb997f5a58e1c462caa882746d4e38c7c3acfea2650c97cf224be8168af7,False
2d,B0300,p1_norho,7a93c5bf2c74ec32b8d20eeccc002ec4f0cbcea85d2a9062ec1e0ba1506aecbe,82dcaeb1bf8fd424e1a34731a7f4d0d41e671f4b03e852bbe40736d84ec21bb0,False
2d,B0360,gurobi,151685f5a63ea50e20a50608b5f163c8d6da67208f89fb85f80f33e5b8145721,2f53ade883d7757738c933f1cf838ab9c64c2cd8d3ccfc09ad1a826c7dea2188,False
2d,B0360,p1,0dfb96748a9f56d6841a940eed189edf5d155a3c911d9d130a707c5d1c162ff6,683134c1e8dbcc8a5577c6e45826876ebb42a82033923833c0eaade593c96af3,False
2d,B0360,p2,18074a032e28cd84d79b1f890ca6bd723958530e199db90580611c9314142170,7de347fbde6e2662b127cebe470bfa13ce1ceaa7454773c0a07e0adfc68de122,False
2d,B0360,p1_norho,d8a59c188cd2b260a33a0253eb77776dbe8bece22feab247c36e9f656f337e59,235836c1b523bc8345008ce58d75606e0bf59c3585443f0a7ed853759c02feec,False
2d,B0420,gurobi,6938dde9b872d2d6b12bf678af0521ddde07e65d421efd69a8f9f847db7252fd,49f90da83ea7cd1421754279f42ac8e0e601ba83c94d6326595ab2eeb9794b65,False
2d,B0420,p1,bbeea67d1a98b4b46e06b66618fb77acd9adf9b7ab4a59bfcc6c79de521b0e36,f89e535823d26e12b5025dbd7112faf83fdd49b993cb4dc3c13c0b54f4bb146c,False
2d,B0420,p2,bb276d23bd5313be6e5f10337d4c6b40f863e285036cc6f7c599557eb5b41b13,0e3f3056c7bbb2e5e8cc12d0260f26d3f56ab4ad30cc545898e86dc556e6d8d3,False
2d,B0420,p1_norho,6d095871d6b00ad07a3a55a99234d7fe59d2f578770e37ccc0d92b2ecbba4c78,73bbfc8f5e6605386f30ce9b306ac29a270abdd3d68f470e4a38429ac636d4c8,False
2d,B0480,gurobi,af22f4c97b56c3ec6a9b89bb0f7dea1567864dc232f667d8f90732deebdea439,cca8de156789790e6f7d08f72681980f5d8c6d4fb3bd37b79b1b8f5660273b4e,False
2d,B0480,p1,a85d2bf9260d83e0793ab3728225d22fab77e0ad552efe6951321196c2c85844,3895ea54722f44eb7c2c7e764eee983447b0c6fe715f3a23413ee9e0413aab96,False
2d,B0480,p2,2c5be652cb5ad8476c7a673d59a5ff4871f696aa68acb3224d407fd002179b0a,8f6c7688648cc104d6fc9eecc41b8246c193e0807ddb31db7697a2a16d304876,False
2d,B0480,p1_norho,64f93e3a17c1206648371d7fd2cee2fa9d56754f1b6d6f72440cadac86d9d11a,3fb62a0e740b897915480d934a75ea97765663b091d5eb4dd07f6d50e62dfb09,False
2d,B0540,gurobi,ce32d94954087c8626ebe61f9fd31dccc0ba4652213a549adbfb224ef8484e9c,6df18bfddf8e089b491709759c6e6627e60d052fe613a35845885373716da6f8,False
2d,B0540,p1,7e3d97148ce1da5179a65fbebea29c78e50edb0dc5458b06aa9aca6b0e22ec2c,bf98a88e8f6cdf68b0913fb1aff6a86ca14f6f9169ec7778bd9a4d3cc0186d50,False
2d,B0540,p2,eba20d9c8757a4c056855e8ec6a810a7964cc855c1f3dcb4dd3d082d963a3176,eb1ef6bab2f80c95d3e63bdac35799b816cefdce0ad159f4ec9febbf046a6005,False
2d,B0540,p1_norho,555df74949e344b09e7a26203a2655ebc7b4e931e14cdd2969d334aa92c81c8b,11be14736a9fda6042592712a8c8b148775d464a2b952d77771e6100b6905c80,False
2d,B0600,gurobi,82e57c63177b14f3b0bfaa13da2d39d2a176345a6e6db826006b413c2693f588,2e26cb6c40ba7b08c9c99d2191b553c0ed45a100b50f561d6894de6cb42a26f4,False
2d,B0600,p1,dc27a28bd35f65eaf2992b3ddeed0d58c388db9acc8b0bcb52bcba7a43c8a910,f68d3f89bb3cbcbf66d3db162dbf3e735eaf5705ab9d13830f25e44850eb0559,False
2d,B0600,p2,21156553db0cf4317213156e8e9d38591b88c05149cd1997becf69c311d678da,9aa1d6af3808a71de8be2285f6dbbe9eeebf34fbaa660d1d22e7aeb736ea1d48,False
2d,B0600,p1_norho,ca7a98c28ece55ede22208958734d10f71600c1e0641d86c00fd85af7a2a409b,18a81a7ca77524de868673e2bea8fd6ac5891d17048770aec329400a030328b0,False
2d,B0660,gurobi,92c83fc47cf8f73d5433a76fba860aa1bf3c9ace33637d8456b6422c35c95e52,9fb9344d6276f4bbf66d17b79145cfa3bb6537b8a9e281494f324ee1160bbb33,False
2d,B0660,p1,175c5b42de9ec3b25872d8e161b8064e9edc375f7079248376bc0ca8d4bc09cf,c9897392598792392f2a11aa9fc90a19ca2dbda6e3f61d48b77c75ef985371d7,False
2d,B0660,p2,1346e39d53fcb0df8cfc744764cf23165d7d9c5ede222cc82d39ee95ffc0b9b5,f7c4d1b05db597d390433c5f007f3ee439016af05425c1fb427bab0283c7f9ae,False
2d,B0660,p1_norho,8c1ab0a0fd6b4408aa44c7f501898d4ee15c544b45af2d881be3fac50ccd8054,6e159a8e387bda5ec1f640990b0619681a32257ec9f31fac671a194648bc1735,False
2d,B0720,gurobi,1cc2b8f9e4bd1e5ad8c5faecae76b8ffe3b3d02a1da14ae58b09235d7d762b8d,44c4c13973b854d38368cdac5c861af5e3275adf3987dd1ddb9438af60d505c0,False
2d,B0720,p1,1707cd514d37f1a76de054a2d48945021cf82ae4b8579eb3b5ba254d56e68ac9,b596ff211b8ece59090e28790c6c9bcdae536c34a01effaa4ba5e40ff578f2d9,False
2d,B0720,p2,e56fd9f4cf03442e151654a3da8db9de7467db1a460a067aff52235bcf8a2ad9,fc7ef978a76c4b138210289a25c8a724c594c295761f029e1a156aea0e880303,False
2d,B0720,p1_norho,741fdd5b5202db109c8c8ba53aa0c040ca780a781b9305f5baf827a3d3fd63a4,d9a79927bba8a3ba5b3561889f5738e25dbaabc5a9f3372f7334f18764678a1c,False
2d,B0780,gurobi,9ec30a987f9f36a9357804e67424d90508f5d546777b652296082ed3c49d39d6,824011d2764b854c1322c2dff135503545d02d516b088c02d68ac3655591ea58,False
2d,B0780,p1,2a409412ea37a76147c2449234882ec7ba79882779c0a25e189106e7d4677d03,90793a95485264976c3a009b8ce4c158d57c6b33dbc1d7a1e9a3aed9e1be5ea9,False
2d,B0780,p2,3b03387cbed66b5e156b4a6e9fbedf26af20fbb6b31e8383619c2bb481556a15,dee887d77e4519a444452de927231beff49b11ee060b6348317d9fd82d3a868f,False
2d,B0780,p1_norho,81d8d1ec38baf74a7c851f13ab965a52dc0cc22b184e1858187605c483847524,342d1537b500f16adc78bcc860a0bc44eb43696e8460d9f118655c7cdc8f91ed,False
2d,B0840,gurobi,05d06d261c93d0977cf74f1ce7dd8320e9a628e7097ab5020de3895250051940,c1b77ed77a789e414a77d6ca55c323b5118086a0eddc21e9b0d1954fa50ce2dc,False
2d,B0840,p1,21a67b2f5fd1f3fcb675f4da187b6f6d97f8f25f1b12b1f9c4a175b76a151807,bece886395a15b396c9114924482051df48fc6a547c8942ed9f35ba33854c824,False
2d,B0840,p2,bea217084c5245815c002ae9b54fa79976bd1d32eacdffa1240459c3646b6ce3,02470eb04d3d529500b3029427e5662258742023e2e6d79cd93611e0231e063f,False
2d,B0840,p1_norho,d32c0e32587be27299c78e02dfd295f669220eda27794243311ae5aecaccf046,1e9b35c42fb7fca1c60c812663651216a3b7c9422714ea08b8d10df85f5d11bf,False
2d,B0900,gurobi,4f857b7c3a37691bb528e35d6e48b59d77272c0b4a28914bbce6e277224ba820,d8a9e0868de8277f0a99f96bbe245acd2146bae29f86a550bcaa82f6c316f6ef,False
2d,B0900,p1,05e43309881ad664b1a6b7ec127f0fd314d77cd64da86c2a37c2283c7c066171,bcce4d8d97a152d1c801489e0fc27c7cb0e18285b82073499bf61a809baa0e7d,False
2d,B0900,p2,b4c21c85e0b80c9e66456ab7d8011d91640bb7625b9cf9d0e7b1d38c653be0cf,09bf1d05dd36ecc29d57190879e509594868ec5e4255eecb37ff1a8378fcda78,False
2d,B0900,p1_norho,28e05fa79ae20377fe014e68d2573b94cbfd6043f085207c9adf88d8b4a78901,ba163227a31c1181171fadbfb89bede06014e1be2543dff8972bcca8b67d0be2,False
2d,B0960,gurobi,a9d7938f02aae103fafde44c497cf31fc7ea657dc99f0a80829ad19b8a38d4df,c6fde5ca93d377c4a285523c6d445bf856f9dcfa7229717f3f6759e4e8a8f1af,False
2d,B0960,p1,c5e521816cd44cae8fef9b31f5553e8e22c82cb9e9c7632699942029fe1f2ae6,aea293b381529f8062976e388555d7c68121601c8b5ebb3daa20a8646c720f51,False
2d,B0960,p2,ba3d9e73f961dba4b16ac638b84621ab4304a670d20bb8961cf6acd19a883a43,7a7a564b92dda2610de93a7c1a88facfd22cc349afd2239f9f05b96f952886b3,False
2d,B0960,p1_norho,0d415183b0eef7e454b65e0b3af1d8b3eaa1c359bb6c9f801a36559f8ee8d129,9d0416dfdc262f0e100e86f2f51d03d70500d1dd219f43242c8b9dc02eb76f06,False
2d,B1020,gurobi,143cdcd43e9535b281b69cacd0e0b971f514771418e7ce613a5b2a3a107c025c,fd0a8c40f2dd5530df800ae24c6f996fa83508e40dd5ce51bf7d36fe79180228,False
2d,B1020,p1,2f6252ba145094bb2b2cf279b76b63c932e7b6bbc70cbcf6fd7145c04976df26,8c0be83aa8d95205c84149e088a70065ada459d5e6c6d7017417741d58269261,False
2d,B1020,p2,1634aefd0c7e0543fc64df60691bc075d2f65b350547dd3558b141e5ad9dbff3,704fefd53082b4188e722870e724788b9474c447b3b4754fbe63955142ef5b2d,False
2d,B1020,p1_norho,3b87184bd89a75cab837b1f54968b407791df44e50a7255819fa4c0f4e275802,8a24fb2790614f1f593e1884ba546de3dab17a88c531bee1ae5eee53060f499a,False
2d,B1080,gurobi,0eff9a7ef3d5a2dee2c3022a9f5049c04fa79e846274c04ea3e5f9daf14b2f2a,1030034462e032ee75a17ccce3dff7e4e7277ce7a2c3aa2027566a5966aae281,False
2d,B1080,p1,945657ecd48d2d2c6ff7b15dcd0f5258fd549dc5797c4e69be7d79f0edf7c7d3,4986badb6f67e9dbe417f05638140ff5c1b8d7374c7376f441dc76dca298c4ee,False
2d,B1080,p2,6b781c3e12f9fe0b64a415d270ac42a6611503e5dbf3e7d9d4f9e0a5a9993452,08821367fc05efd1618a4961fa5ce8d24460553a2587161d8494944b653cee1b,False
2d,B1080,p1_norho,8291db4a79761a25c4956291cb5a28e1db6b0fb4a9f3ff9263acc5c1ff435598,3f615911b348779871bddaaed39de18437fc0b2391b5cb8eb4fa59415d637dc8,False
2d,B1140,gurobi,62a86b02faf822522c89ada7f4ae1976879ae87b0667041522eee7d2a822aa20,f72f8c42bbf3878df037573b63aa7cc79d5bc1f7cb7f399dda765c270cd39e8f,False
2d,B1140,p1,566c4369fe20ad699725f53340abdb6aea7ae6c54ee323d2d1b2df7cf2561d2d,bb54bc24c340e17f51880d45623a315ff28927451a17160f4e8eff87964b2ac6,False
2d,B1140,p2,b8a492e98bf1b97abd3cd821f1cc219234498846f43b69b0fa8e68c9acb0e41b,6fcd04716865fddd40891e3ce0c756a23b6675641302b148d35feeed3b47967e,False
2d,B1140,p1_norho,a6c4337f3c49b0c46ae0b0563faf7c0fbc5f1bbec7509667871e48979bad3d31,5092616c4e1ddd1575443ee41c4baef01499f8f16709f9167e910125c7ebcf44,False
2d,B1200,gurobi,27360fbf25cea44df2dd55c9887938fb06fac1330788adde58d9b95cab5a2341,40d178145f0d3cc9463bfec9778ac0b218139f188dcc95d3eefeb2ed0d4d86fa,False
2d,B1200,p1,b56beec3a24c106f4f7fdb4278926adda3d6bf74d851717f4306a6ab1100007f,0907203bba99c26097637865a9e93ad3f171a9dab698819f2e7232c3d555ff58,False
2d,B1200,p2,cf3415d888cec8e866213a0e1e492808a906eb032a370119bd1e7132a366bca3,43389c14cded78882f01a0dc86c866dd37440697968d50c8e63e2b58efbf706f,False
2d,B1200,p1_norho,488265c56aa76f3370b245c4c3d858c6438e70ba4649263a00c49efe6725e695,8a776bf17aa48b5b9c96657b7fda5b2f695c61a94a6ec1ac8dc4a4faff7c8592,False
2d,B1260,gurobi,fe13ae47fd222dd496b19c308c11905617930f5f9e60421b6a3345df42bbcfff,0c92eff908127fe6f6b8b15601fda67a1ca8d0432f7c282fdc6346966f31cb53,False
2d,B1260,p1,68e9b2e4ec296690403475551ef8e877e1675636e63c0499a2af5be03a2f8edc,635a07ada36281c7b0c7d6da0cd9fa1dd6570b40838f85607414099beabbe887,False
2d,B1260,p2,ee47f2e0e3fe77a34b87c81278f59073ea98d3f4ca3de74b707048cadc6813ca,4d07bbf1c75f2d0d50bb94283848dfb0a214ea0402463057eef14dfc693a2ec4,False
2d,B1260,p1_norho,140fae7053fbe9da948348641ef43d9802df6645fcadb3e432e8c58d44af5e20,6a87ca7275ba26883d979563ed877fc827e5dd4bfe0ab4b7b8393d31469ed355,False
2d,B1320,gurobi,f6a2fdf8b36ebc7b4db72c2a08a7f666fc20df05527b82ffa2125edf8f7d11cf,642d2afef9a02df6d670bfbef98bee4dd42200e0244b8e2684cab76e50269f35,False
2d,B1320,p1,8d0f1a5e6da9e47d71f2a583251ab0f8520f6b13a2545e1f10b4f638981b1542,29da61feb8176f79d78d6bb58eac055e9fe55b37f233107fcd73a9b16a13236d,False
2d,B1320,p2,a93c5768e25e44b8b94c311015ff887cd6dfcc4e0eca2a0fbf0d3b1628f5a4bc,2acaff424278111bc4d755317504bb73d44c5d8e1d1b4aa3b2e576775865a3b5,False
2d,B1320,p1_norho,75dc0d568309f839cf4770644ca9b38ef24233a2730ff20c5759a9994dd59c72,2d3d52e35143e598be4cead849f4a559413dd126e00748465e380bfc8554854d,False
2d,B1380,gurobi,0a2bcfc77291e247825c971e65af964527fe0d1a930aa3eaf7de66e36c0223cd,21910b88165aefc15d90e663dcd85aeafe3e865f4ca428ba3e164896593feafa,False
2d,B1380,p1,d4099e216adaeffc98c3b5608f5b3c0cf6132c1dbd46d0ef0aedf2db6a7205c6,8c88d41cc7c61e523e62722d393d848a65d4300c65894fcd25c3121f96c937a0,False
2d,B1380,p2,589544832f5b0290d7bb572a975e23bc2b608707745562485b708ab7ccefe20d,40df9cef084ce3371af38535b8ff840b6bdd1489d50d65794488410e1cfe25b3,False
2d,B1380,p1_norho,16c32a645d1f2e94fb28d3ddcaa37f23d6d0c49ab765dcedb95b69484ae7c53c,d769985261e44d424a7c1a73798d112413ab9c996fde2259d2e139b90a3b0afd,False
2d,B1440,gurobi,d25ac92d38b68c728f33f6b39878dcb950d32369de444338c50a63d5c3aa806c,7fde233bee12ec63666006b188f43fb5f77e6a5fad481bb764b833f00131e127,False
2d,B1440,p1,76025a4ca52f6d56a67bbb704f9f7a40de7fffe52533bc57188ef75e1cc726f3,ecd7cbf63ea012bf53212920e0e8cfa97aed6f4ace233b95f61207b5f0fc2e40,False
2d,B1440,p2,53a00b578dff344cd6ab3481734988fdc22eded2319e555f43154e459253f0ee,a65cfb72f208b01fe99e545835fadad1ea4a891d6fa8790e1ff5746a2049bef4,False
2d,B1440,p1_norho,5331cc157a60c9193ecb8c630079e396a6a74a30a08560395b70b0842b97e398,3097a1b408ae482ee9b3789875599dd0d63ab39b81725aae3daf310cc62afe9b,False
3d,R01,gurobi,b515023b5602a3e4c921182b9745fed7fa6bc0ac46aea33fca1a72612ad0047e,53d691d63a0090bf67caa98cf62ed784c82b3247e6d1d4b70c7b20b475b7712d,False
3d,R01,p2,762561bd9ffd5e7e99dff02b1e0e8882996b0a92481a3c6fdbeac1f4aac51f76,7f319ed3b6aa1c3f47c600c9e07a4834d7de3bfafb07f1e38eba7b5246bab83c,False
3d,R01,p1,35547f913882e3aca1bd61ff3322156cb611f8c6388213009c304e1e13bfc547,59f9a95e2097f4011a227ec26eb4dc7ab4320d1b39a4cd68092e4ab99024902e,False
3d,R01,p1_norho,5b42da656fd5bc5452eb2ce6a03bab35c1ea85521eb9917844b6e608ece5361d,f8bd35edc267bb7215c3081e926fd7ff55d1f39132d54816fc882bcca62a694b,False
3d,R02,gurobi,00bcb9c37468f27af8da21b887d05b40200b1782b0c8f0c66716607b7da7078e,0a34c2f24bd23f31a1fd26c56f18ecfbe7a2c9d1a77006601e547c2dc14acaf1,False
3d,R02,p2,e49a83294424434ad606b474630ba68cc11a702850026e015814f9ae07bc3e72,e57de8af121fb8e4f1ebd1296eede59fd56f7185e33a7416c2403900be8dfcd8,False
3d,R02,p1,4942e4236176b0e343eb9b9241b0616d8b05c237ecad6f3b83d9dc9f0945756e,4c84d615c3e8060a00dc99d64790882cdb16b118aa6ee46c79c692e8b439745a,False
3d,R02,p1_norho,fae35ec618e4a8062dd260758b542bf4177f7f0bf78bf68e1d2c377b02536cd1,53f32c5d6a1ea0d2aa790a5f0fec1e313502b44dcb72127bd711fbae47e1cce4,False
3d,R03,gurobi,bce177edbc54b9cb28ede65a696cbb6c0e5672f1e27a8f522273b8c9d4d2b93d,b778bed9cf04bba5e6b266f95636f4569b9c27ecf2ce51b1c331d47236b92048,False
3d,R03,p2,f9e9eabe337387d5998d88cb341d946fd65c76d61beaee67148465db47c24fa1,b3de58b0e13519d053d719a6be95c445bdd501faa36d6493bcd53a7e91ed691d,False
3d,R03,p1,47ae5368efbfb58c7f1d3dd61a4ee7ad9f114910d67e49aaab81ec5641fbd35d,c615c3c99d2ddab4e72c4742932fd190cd3bcde413cba91da27bdf955ecaccc6,False
3d,R03,p1_norho,e1569c79a6d9160b2227f2235a618e19e67d164856547204a3716ccf31f6d7c7,f7e56e587db2a200293af73d84978ef33f764747244488338c3ac78ef03e58b0,False
3d,R04,gurobi,31b086285fb1b8af73a32df37b93f77e5148e3287abc4062e96f48563372e282,122cf865a3d7c98a36c555f238397e4d6f685bfe5a2bf048b50da7f8f91f1d2e,False
3d,R04,p2,793ceb8da0674f26f6e271204ccf0e048da79fea9ee4f051bf8ee4ddb40a30fd,741a9d7ca01028dfbb1fbdcb632510151a1af784ff60c88f5e19f27816ba39a2,False
3d,R04,p1,1e1ef0a394efbad25ddc036fe53be6a7e8702ee9f41b032b837bc30ecac62573,20e8f97f9954ebf053e995e1f0e3351deac665e378ce6764386571befdea6fca,False
3d,R04,p1_norho,eb86c1e75ff35bc2c47f55dbbc8bdf697b8d1f88cb078ee8428589dad926f532,403e927e630a595361b1fbd3d0ddabb59207db56d32a8995c0fae1ec45c7a2ae,False
3d,R05,gurobi,950e43b9cca3365a5de468d4d82b2c71d2b28df55d9efcc585f08435296f1b24,3bd81fdf290968919d7afa25b44d711d5b38065161d5f3d9189165139a3b4090,False
3d,R05,p2,f550ded1dae05534801a8c4427b37fbfb240417d5b2fe9f6f58a292d9d757557,adcb8567f9b26055dfd3ab769de0bb908b521a8ed89966578d4caff46aff614d,False
3d,R05,p1,2bfc430fb5e262f07b8614498e67de9e525367b9383b193e95475e51b6ca1775,fbe9e5c62caf961b3b21659a87cf78117bddf715ac1f73e41865e06bd9840346,False
3d,R05,p1_norho,40ee04edf020bc95bcb059192b2f39ba5f5fa94094692685196e14cd438db37f,47c6fca3661c7e36db5f69db3e3d8fd3c7dc1b0956022bd88dd6e641b7928464,False
3d,R06,gurobi,10b5e3058f4bccba165225f96ec1dab0c95f28e67f7de1e916d256062ee3410e,8c1971e60e03eee9e953fcb2f5ffe9e3f6400211c36138e04fd233a21f3271d1,False
3d,R06,p2,a1253f94fc9eab963480835401dfff3ef68221571cc1e1ce5a3b4b8a2219e363,0c20c22fc012f2fe06bc4f867dd87ed3cfb61723507d2ed56b1c6cd76e2fdfef,False
3d,R06,p1,a2a2dca72cd0eced0931f820cf8f767a2ad8ba480859d36e8b0b342ad8f672e9,ae2b7e65b44532989230e7f5d4b63f0ab96953cee0ccb8e1f099239829eb4c38,False
3d,R06,p1_norho,810b63de08f57bf57ae40d97edac48a99e43ee02a7100948b7d115c221406a4e,e4e9fe1ee6bb5bb1aee2c8c3db67ed55db241489001dc9b39b9e41941430160f,False
3d,R07,gurobi,977b685b5125d66698a9c2d90e7d44d02f743101f173e7d9845f94fca8238289,dfb0e4e84d0d1e6c5b471f9e1723a17717a16de02b4a979b7a68e568e12f8026,False
3d,R07,p2,d53d57eb13762163c1a5184f5768d653d7bd75b1ada12f300e65d16c73b33bda,22eea32796b21654df06bf859442f00411879e59020f2c3b3fe12cac21888a71,False
3d,R07,p1,9d98ffb7e8918cb5b1dd386c1e1ab4cdb7e89ae56f5571b1137d914c082deca7,e5c2e1b27700cc2518f6cf0c49f26bb0db9ebf81929c646baf94caa461b76cf5,False
3d,R07,p1_norho,5842df377cfe3235bedb3d3ec3e2e944dc941106d455d0a1eef6ea6e893bba74,2e2a16492c268b47fd0ac64cff049d179b544819f15acdb317ec3e8804cd57cf,False
3d,R08,gurobi,61da6d15d8632c62e64a88847ec89a0fe739ca70364487f0493c26bac35d579c,92165716d24e5ea683ea8b6ea5fc4840216688e0449d271ec7921bf69726f06d,False
3d,R08,p2,4b98efac973a91d1d23e70aade5d55a0ae3a564afbaefa7554d2baca0d6dd3df,32eea6207dc5a85195cec7fe830504005cabe32cb36993538023f3a3adf3e1df,False
3d,R08,p1,2835126d65d78972090529fe028691d0c704e8eafaf933fe7db1c5dbb9f791e5,a3f82799103ce28a7a795104319670f58de44af66a28fd241d15bdc5c29e74b6,False
3d,R08,p1_norho,5bb2f1f4cb98edfec0ddbbd40ed4bd7eeb0bf0fce3dbbf01e1d0140438ad266c,59fb1f803fcf3b77e6c10e7abae40a7fdf7cebe63091247f5c04240c5fdab238,False
3d,R09,gurobi,c51158ae073dfe10ced5f253ef66c0f40e72eb195c78d7eaad2dc6c886810f9b,6bdca57aba6a79e9a8fb7dca58f617c301db8ee05cbbf11a39f045784edab291,False
3d,R09,p2,8df0f285b9f63d8cc0362fee3a036dadf9af9156861041dfc4540544967f83a0,f48bb8aa12a7db1b3b0efc8d37a8645bd2ce7b26f9232365945aed894398e158,False
3d,R09,p1,d08b0de8ed8ffca2bbec7708005133bb391afc6f4c48fe714c4ede5fc65ac978,4ff39ed1fcb038b52d774ab039df06b3e0ceddb6957b9a3ec6c51bc81b42db44,False
3d,R09,p1_norho,2ccdfe1ef03ee5fefe3fe69bbf51df630c163951cd85f3483e7d44ddf426939b,1978b97d3a88e2d7e49eff9f647e4c40b32eb434540b3eb352804517b73af691,False
3d,R10,gurobi,779287526aa25d30cbbc5547b6d960b4d1cc7051532af1921666f1cb7ff69ac9,932f81fa3b64c2e6778bac38339021047bf4bf02e7ed874067218ae30aa2e4f2,False
3d,R10,p2,044880b70d5170c684ff897f6f6989cf456c5033e1b9804a22bfdcd4d113be7a,96af0b08fe9160f9e8194d188a6f2aa33a1d073b45e12955f399e5c3a05ffdec,False
3d,R10,p1,5dda6854adb759d840ebd11fa20ad1f0f144e34648b4dd39bb60ca34aa58b97a,88beac00aab4a6eccec7cc9bf41fad036aab90fb2e62e18d270bdd44020bc381,False
3d,R10,p1_norho,296a22698c8eb519e5acf51f2ba08776dbc93d0fb56ac4410affdb895d0e27a0,a8eb031e8d68029f81fce2ab0352ce312b09d48828ab37e77b92ebcf2a851e94,False
3d,R11,gurobi,7eb973f4dfaf54628d4a76ca054a6c898e01f3f50491ec06142c1d507f76379d,a0fde36731d11d453a0820e311387fee51afd84396308a1d80be272fd28fddd9,False
3d,R11,p2,adca592d0f68c567c3d09110c49724d207d555421ba6956a78e7fd9224812dba,6f4055ee7bc1a20d8e3e61465e3701b195e7725bea3a81055270ebe515ddb6e8,False
3d,R11,p1,89cb12093ecaec88f95d8e8bce1611b585440ed9b9c85d7f93e51e5cc7eaf8d0,4f74e7ff664b7c406153121952bcedd9e25487adf91b90f76716ee5d5fadad30,False
3d,R11,p1_norho,e2f97ced0bea32ead7c985fd8079b02ab45184eae76b85c8d0e5773d4539acb0,e2d8c1cd494057591d39faea14451df4013f737dc0638cc31e97576ea12a7106,False
3d,R12,gurobi,4f458eb7e2f4007d038ab35c555f68ea0c10c130d5ab2dc3334fa7ef6c9c396c,3633d4892c32a1ab904a9047f1429a14a6c8ee94d671ac16a5f73bc6d625a572,False
3d,R12,p2,73639e8e102dcb0bc5089922071d9b77622f6577bbf0e935623ea267bfddf29f,35e4f09dd881aa34c47c622baeace80aaca066e2c91eb29ce7732f48c7f10626,False
3d,R12,p1,275bd3b281ec4f8d40d7a3d95047b3bbfe72afa47b48f5dd4a8830d5c7de8b35,e30f5a8a82bc190889a5e43a30e5ca2bcecb3a754d232acea16caaa9691fc1a8,False
3d,R12,p1_norho,0477ccff3396677efa949cc693267e2a8cfab1a6e25000359851973d1364ac12,51e872596c5b8d046ec182565de8a84d5209741d8915b9ddb85f57e08c41ada3,False
3d,R13,gurobi,2c17b81087916c8bd53f98c406220da0be33908bb286b3f377407ef04b4f9827,47b9ceb690d3f95679014efd697de85d85cc6e0385906d7607a8199bf37d8ed4,False
3d,R13,p2,d12ae3c24bd198dc4c17a00ff0856665ea4b76df762d55f62176f69977278f0d,3163203c96a7761070b9628b83b8d79a906120e23dbed5194e9e65b1df281e44,False
3d,R13,p1,3f47400a315c53f570cf50b69bb2a63fb6b071638335cafeada433c2f12e5f92,4ec9355a7b440731f3d4a501f31489fda0b7067ede54f290c0cb1cbd4a961d71,False
3d,R13,p1_norho,9968aaae121e258582e54585b1ecbef056cc35a851eb14b7cd6d7e8864e681d3,3ca21c4a93cbecfb5c05311f45691ed24a0e1b6e749c53c4612b2ef5e34f2b08,False
3d,R14,gurobi,e95d3f899b2a2f31c5816ff2404a7b1405353b9b6f3d472c75181e184c332b71,60a64ca357f1a6f3834ec37f0d54bf70d1b1fcad289939395dab61daef926c27,False
3d,R14,p2,492c51c048381782813f9c927562ad93d7d07c17bb33f8298d58055bdc4a8955,e37509fa73b87cd29e7470a824542ee9c456c8c88988b80525b6ba318cec484f,False
3d,R14,p1,33029283318c2efed6cfcd0b4836b1379b76a38929e498fbb403de083b772007,77cc593ae2e42172ebb5aad0ff1da5b23950c32bbf127eff78fdbd19e4fd8826,False
3d,R14,p1_norho,cb3c5cd7950a30ba078e7c34c5a67e7480bdac7d7d5e5ff35ca22886735dd903,79f891b4f23d9ae6122cf77c47f4f8c00e5fa661e79add8ef34de951191d118c,False
3d,R15,gurobi,fb7d65e0cdd40602ad8f66fac824e1a8a1057d0bdcbfac1d9d7f49d70eb0290a,63e1b14da08e6c77389e96426b4c4a7c580b7f18d20ecd690c3ea526c93e24c4,False
3d,R15,p2,923b4b8bab7d3f3c754dc72ecf078ead1f5d56a1bb3e4871dc2159eed25403ad,e2c2b7bd1b99c059301a0d1e109b65715e068e3aa3d7e5faef50277b0236c391,False
3d,R15,p1,aa9a5a251cb7902192e868fa3a81936d15fd228271a947190b4d8fd94bfc003e,3de727cee3291455641597bbdce1158e01fa223378e24296c0424bd3d43d20b8,False
3d,R15,p1_norho,b01ef8b9954d843975a8c37b3b55aa7a53a4ebd23ef458aa1e86a852cfd5bc5f,82e72ed953b92035dc06acb4b65534280d0ed2750902788717c27a432dedf434,False
3d,R16,gurobi,e8466641959b2e1e4ee5af3eb00e4172118f56c8af0a700fee99d1b975f5b0a2,1a2632b9bc70c770829fdafad3d5e1e7ceb3b00c64cb57186fa5a8507f155c60,False
3d,R16,p2,ddd52c45f8e5203e95809d2c8348f4623ce2602e9b33e333288f26f26a0ead18,056ab86387aa625e573837578cb56250fb647b2815c5ac56e0484f18574fb6e9,False
3d,R16,p1,5ac994b1c60aa4b5d434105c48b14d0ac0eb38ea982a9ed1b0e83111776fe562,b589d2595b28e46a5f90a2aed324d1433a85b5796a0c57ed2be7bd889be8fc27,False
3d,R16,p1_norho,2d811a39543eaa2978cf3f6568b1fcf139bf67b37b17056322f655ae2e50034c,d3701936655c10251c16f8bc3707ddf86da93d7dea31aa5e9c34245af112c729,False
3d,R17,gurobi,6e5d193af05d30c4f46aa917a3a99833b8c65885e7774d406370d0b9fa3d3c3d,8fcae8980e77a2521a4f0e3fa47447a0cfa2b69706b5999f39daf77baac0b51b,False
3d,R17,p2,69426f66803ccb4871b55d52f1204a1761c4503bd5621cefb7852ea9464f2ecd,6282fad1fdf8ba80aeda553ca501aa7ff418aff1f423f3fa57064fe397335a64,False
3d,R17,p1,91b3ccd47129452929878a26e5dad7ac9bfcf7ea48e6c17fef088efcca0a959e,69b431968d92ade3a3ab6c74750b993bd5a8040137c118f55ab3514cdab6f5aa,False
3d,R17,p1_norho,115640aba01a30d526e9f0f28a632333182d8e399b645ee180e82363e1bf0ea7,cad18c18ca83dca13cdeaabd3acb0a76fe630b3cb5aea49d99ddd103381e00a7,False
3d,R18,gurobi,fb4e204ed573449185b86adb65823a23613f5456b070011d9fc0c5ca0795ec04,c4987c082da363c8326d8c25a5adb52f2a6005860a02470615dc74b4c3355354,False
3d,R18,p2,f75aac538aeec8ba55d6f57dcedcda1a8a9d978997a8c9f8523b79add6f9f4ad,1205ea94a14bb1691a7c7409b5cef3b2861f8e72d2f44f6b764aff3d7ce4047b,False
3d,R18,p1,4e7287b7bf5ba9f2cbf48a20450f4955c6bdfedcde846b68cc57cff6a3f2e320,949f793ab6283299ee19ac382b321bbf883df44bc03d59cb843c6fdfe98b2dd4,False
3d,R18,p1_norho,848758b95bbb38f121c79eec4ade6f94faeb21df385bd0fd38b130c13bc6725c,f60441aab25660d6d98ed8a1e9a6de9ea8e608e3d6b4f731b0f30635a1546caf,False
3d,R19,gurobi,417e74fa74e2d92ed115bc482730e234fa52883108f60f598ed5793fe3c037e5,d47f668cc2d3d29d2609380f543d4ed765a6e975a570fccac72835d5a9f1ada4,False
3d,R19,p2,2332ec864d1f94a91085f5a8b3cb027f510e324044170183b5f301c5ed062592,ab5abfcfb7491c0eeab85991dce9a2dfa0229cf9fbaa313ebf75f726e53115ca,False
3d,R19,p1,1591275d56c134f38aed17e32f0c8bdb2bae74c633666cf196274796bfccc19e,f3f987f0fb74983a5955c0400cb5a47e04efb533e5fcd9c0ed7ac376c8843132,False
3d,R19,p1_norho,d26a24e282e81cb8a7b20a82aa772161225b495bf9c9f8c53f521e8b87a450e8,4fe92cb44dbac7aa0969a7cd02a34b9f120d537bf4282fe1cba02401dfa2ac3f,False
3d,R20,gurobi,7ca67de2728165a9a71f3e84b439fa83f7fc1a5549e709edfa53903c3aa7711d,107e9fb364a109218c723432b2daab753fe9c5d0054f6445e79f913a99db79dc,False
3d,R20,p2,c2edfd9807e099b49959a80fd08e2e381ca846f5f0f9448c902a34cee159d858,53d32d461fec1d270338ca2a4c36bea693c2f4db04d827e12bff0f08a43f0f35,False
3d,R20,p1,11f522e7685136f27f96c6dd22db98dd357ad72997eb5bbc1ff39c9f846f8f14,d0c374a9136561b1a9b780659800e5423aa5a1faf0df1261146a7f44320b78fc,False
3d,R20,p1_norho,b16c33ee9c444c82d10685d045e9f750b5cdd10c39c1be0d162b6069ac26d207,7d0457e048b6b30593d57ae120759a1043a495c044895693d46688d268e1157b,False
