repository_file,source_sha256,public_sha256,fields,numeric_fields_changed
results/source_summaries/2d/B0300/Gurobi.csv,0e04ff77323d49aa8e12759e6c48f244601a911df6ba6c607e5e95b69917fbe3,de2cd59319abf543438e1109bbd9f8cd83feecf778ec75c3e9221823a4589ffe,logfile,0
results/source_summaries/2d/B0300/gurobi_extensive.log,336f0294ffe3cf490e712d946f50975cc1e84fbe53b1cf62606c9e5668327f39,fab4d3f115a6acdba2350218c86afca3d08c3188d6e5809ee080845ffd387a8e,LogFile line 4,0
results/source_summaries/2d/B0360/Gurobi.csv,2f53ade883d7757738c933f1cf838ab9c64c2cd8d3ccfc09ad1a826c7dea2188,b04766d0ea4deba4053b2eba55fda489b0b57c9ec020bfe2edba16764b9f2824,logfile,0
results/source_summaries/2d/B0360/gurobi_extensive.log,493131abee64977a5a5e0af16e830f28f331a3c2377a6a471a25338502faffbd,e7b581f96e15c10ce0d1cad0c7c4f86e45def6568b7d7375be03e98db5bd87c8,LogFile line 4,0
results/source_summaries/2d/B0420/Gurobi.csv,49f90da83ea7cd1421754279f42ac8e0e601ba83c94d6326595ab2eeb9794b65,f96191a1c6b9c12e6382d22a1e62c88411e58b98c9cfd011ef574e1ae8f6a8ca,logfile,0
results/source_summaries/2d/B0420/gurobi_extensive.log,a124966de9157b1a120190cd93e952b27b1ecaa760954e17434aa0fb4243ef4a,9fcaeef0166e87315851298f2f80c81930b7ab7d1bec97479dbaf9363b82637f,LogFile line 4,0
results/source_summaries/2d/B0480/Gurobi.csv,cca8de156789790e6f7d08f72681980f5d8c6d4fb3bd37b79b1b8f5660273b4e,1a74049d1aea52a5d9c2f2eb19e30952ed6e5b194f69a78e69a2f651e2e97901,logfile,0
results/source_summaries/2d/B0480/gurobi_extensive.log,6dd8b1dea788736c19303ca7cae97b769103d735bddf43e7ee0d950b582f40bc,f2c8464d7751e7d85147e605755b9758314a2e6fa74296adff5a4b07457f455b,LogFile line 4,0
results/source_summaries/2d/B0540/Gurobi.csv,6df18bfddf8e089b491709759c6e6627e60d052fe613a35845885373716da6f8,0e7cbf5fdd14163dcbe2b8a34daeddf0eb0762e83cf96946461b4a5a40671db7,logfile,0
results/source_summaries/2d/B0540/gurobi_extensive.log,1304a7f2e6dacdada43344cd81df365fb2d5d1502bb0696a307f67343c2e1a6b,54fcbf6bd64c97a15ce593637ea9ea22c97547b4ba3b18299d4d951057342749,LogFile line 4,0
results/source_summaries/2d/B0600/Gurobi.csv,2e26cb6c40ba7b08c9c99d2191b553c0ed45a100b50f561d6894de6cb42a26f4,48d06fc1024ea4f83e0933e7f9b9013cb3d7931365caf3cca118d4c65fe38389,logfile,0
results/source_summaries/2d/B0600/gurobi_extensive.log,469e5840696b7782f39db5119585ffeda189f07b4982c8e31d33e8fdaf76323e,ca761aaeddb3b39265b18f5ed452bfd4e38a270d3b66c56de5292a8a6fee0949,LogFile line 4,0
results/source_summaries/2d/B0660/Gurobi.csv,9fb9344d6276f4bbf66d17b79145cfa3bb6537b8a9e281494f324ee1160bbb33,f0bfcf41e7322055123bdd058ceb9234478797e2ceb01279b35e280f87e5d1ea,logfile,0
results/source_summaries/2d/B0660/gurobi_extensive.log,c88a3664f3884d7d2f17379847ba1662cfccb9430bf19fa7c9980603fcca2069,037df11e1b2196b73939579fd194ff8726b4e765293c19018389a5f068407156,LogFile line 4,0
results/source_summaries/2d/B0720/Gurobi.csv,44c4c13973b854d38368cdac5c861af5e3275adf3987dd1ddb9438af60d505c0,a43cabb848df0c78396e8c3f0fdda3687e7abf917683aa3d9683a4e5ee899fd1,logfile,0
results/source_summaries/2d/B0720/gurobi_extensive.log,e5b0d7ce9bf24eeef25a7f500552bd6d03964c6ffae9a519055a469324bbd6fe,59a746d57ec89a82f908d07b5cffb816a8f88f946c666bf9e2b9c8dc25cbd93f,LogFile line 4,0
results/source_summaries/2d/B0780/Gurobi.csv,824011d2764b854c1322c2dff135503545d02d516b088c02d68ac3655591ea58,6ea4df4ef3907e668778c5dd3f0454025c999fb6df577e5613b3cb0894e6a775,logfile,0
results/source_summaries/2d/B0780/gurobi_extensive.log,3a0584f0f21e549a4c23e4f759f46b46c948446705415ce04fa578a457aeea05,5645eaac7fc5a760f9843c92769bc16b5fba6063060afbbc69f0682ecf8693c9,LogFile line 4,0
results/source_summaries/2d/B0840/Gurobi.csv,c1b77ed77a789e414a77d6ca55c323b5118086a0eddc21e9b0d1954fa50ce2dc,c1cf2ea0a7c739af9dbcb2e9b671209813bb29e1a6ef1c2b7bd01b58c2b03436,logfile,0
results/source_summaries/2d/B0840/gurobi_extensive.log,95a4e40b435ebdfd65e515c5a51bf83203b84834fba84c18227f3139d8faa2dc,4156c9cb3ff328684f3dd401f540a3c7518895b810d0d37a60e18ba1b0b68fab,LogFile line 4,0
results/source_summaries/2d/B0900/Gurobi.csv,d8a9e0868de8277f0a99f96bbe245acd2146bae29f86a550bcaa82f6c316f6ef,5a12a090b8c2e3e3eafc870fe787165e2ac59e7255f0448ace4a54ec339e6971,logfile,0
results/source_summaries/2d/B0900/gurobi_extensive.log,8feb68cdeb7712321eddf6def99eee89cfc21915b9b15e604639871027859bb8,47f8609ffd64738de03cae66a619106e4bcfe03cd9e0e1426fffd5b4df66a96c,LogFile line 4,0
results/source_summaries/2d/B0960/Gurobi.csv,c6fde5ca93d377c4a285523c6d445bf856f9dcfa7229717f3f6759e4e8a8f1af,048a17af7b709151f79d6114e03444ccf3b776af7b4be830c2e8cb540b98d913,logfile,0
results/source_summaries/2d/B0960/gurobi_extensive.log,7b0e507f3878c6d32a8140ecae6dfd6c530454edf077f6f860b016b935949780,add277f27197d2e31dee4970929e7a570b9dfd6d30992408dbd20bc36c6439dd,LogFile line 4,0
results/source_summaries/2d/B1020/Gurobi.csv,fd0a8c40f2dd5530df800ae24c6f996fa83508e40dd5ce51bf7d36fe79180228,d2e6a5e1a0314b105a92c59ffca67b432172f4f68fbd233c3b2dc75423ee026b,logfile,0
results/source_summaries/2d/B1020/gurobi_extensive.log,d85da8072bc29e2186d5df982df45963e76ad4215e38c5e5240c1090ef6f405d,29e8028b7ba66382b2e0e987a401a819337c015b9d5cea3144bedebd80edb138,LogFile line 4,0
results/source_summaries/2d/B1080/Gurobi.csv,1030034462e032ee75a17ccce3dff7e4e7277ce7a2c3aa2027566a5966aae281,83d52821aef21421898fd0e6d22ed12918931b80ed7b2db46e38726cd1f325d1,logfile,0
results/source_summaries/2d/B1080/gurobi_extensive.log,b5db593026b9150772f28709c12e114089c8d106c6fe16f7b20ccdd8cc62b7e7,f931f6379b6aefafe99eeac1d694d05fd71cc67e59919a5b196269f60220fe25,LogFile line 4,0
results/source_summaries/2d/B1140/Gurobi.csv,f72f8c42bbf3878df037573b63aa7cc79d5bc1f7cb7f399dda765c270cd39e8f,f79021519074bcfc469c8382efe593ce628b5c576935b4bc665c5dfdd1ec5817,logfile,0
results/source_summaries/2d/B1140/gurobi_extensive.log,4f4ffa7dce9d59fb5d917794b0044420556229cbeebaf1ef9b253839bb98c271,93b4a51fad221fc44d7dd31d19da8e352e1368aff27797e6f7dc506f90412ff9,LogFile line 4,0
results/source_summaries/2d/B1200/Gurobi.csv,40d178145f0d3cc9463bfec9778ac0b218139f188dcc95d3eefeb2ed0d4d86fa,e04e233c39a45aedf95e5c4c83c18f8fdce2df1e2482b9adf6e40bbdbe73b691,logfile,0
results/source_summaries/2d/B1200/gurobi_extensive.log,542940a309f6758a4ec4e30d3a9e45aef63fea949e564319d5ff5cd653c1c9ee,1b6790d79562574fdfbcc8e5193cd02be5edabfb739c77a054f7319463e5fea1,LogFile line 4,0
results/source_summaries/2d/B1260/Gurobi.csv,0c92eff908127fe6f6b8b15601fda67a1ca8d0432f7c282fdc6346966f31cb53,ef4f7ac43ff561130d26ee7385d23c83f356ca8a89bb71aa39db7224821bd71f,logfile,0
results/source_summaries/2d/B1260/gurobi_extensive.log,db6278aa118924a42e03e53c11d5fe1c20470d354cd96fe84723cba5889f2411,4b8365dd197da5503eb7a5dd09a20dc32d63ffb9824c1c5e39e09b2a20569151,LogFile line 4,0
results/source_summaries/2d/B1320/Gurobi.csv,642d2afef9a02df6d670bfbef98bee4dd42200e0244b8e2684cab76e50269f35,917e624ed22ecdd257d5e83435baeecc9ef29baa397fbfa989c7defbe68c1480,logfile,0
results/source_summaries/2d/B1320/gurobi_extensive.log,4d2b71bc92b8ac27d0865cc9d2dbac85435ea236b61d897f890b50b7affba847,cb5266be014f560ff2a3cf914570c0bd372e483dd0e24bf7238b659b3caa3fa8,LogFile line 4,0
results/source_summaries/2d/B1380/Gurobi.csv,21910b88165aefc15d90e663dcd85aeafe3e865f4ca428ba3e164896593feafa,ef27f8b75a6c4b93ce42fb5610494d386d0bdddbf73f3b45abf0fbd18d9f7369,logfile,0
results/source_summaries/2d/B1380/gurobi_extensive.log,c591ddef5c7d5549999995421523701db54f87c22698a0bf882f5176191e7e8c,3e0e9c0a19f984241877a2132d4b1959f144d6682580a1e0232ed35b0cf74c85,LogFile line 4,0
results/source_summaries/2d/B1440/Gurobi.csv,7fde233bee12ec63666006b188f43fb5f77e6a5fad481bb764b833f00131e127,7abbedb5560591d59b933266b3f4f7c65446f382bd9c9a133163b789f352cca3,logfile,0
results/source_summaries/2d/B1440/gurobi_extensive.log,abe997cc422421344f75d628d59ae2db84786ba1493af74fc90282f536d83b35,7b26a461cb42c43e07cfe7b697f960704fe2789126b0ffba64152d9144475195,LogFile line 4,0
results/source_summaries/3d/R01/Gurobi.csv,53d691d63a0090bf67caa98cf62ed784c82b3247e6d1d4b70c7b20b475b7712d,dde43f803c912df190b2aba5becced769a5d477c3f207143f5a69245ad15dbc3,logfile,0
results/source_summaries/3d/R01/gurobi_extensive.log,7319660215907a98bb08a706f57ac6aed382ae5bb634999b4544ff70380346ee,0bd3cbcc8cca79a3fcf4180a966f1f22fa12cc946ecd09196378ea537d303ab6,LogFile line 4,0
results/source_summaries/3d/R02/Gurobi.csv,0a34c2f24bd23f31a1fd26c56f18ecfbe7a2c9d1a77006601e547c2dc14acaf1,56a51557a4775dc1905bec563af90f14d9b4996c499d31cdbabf972cba5124ba,logfile,0
results/source_summaries/3d/R02/gurobi_extensive.log,5b43f0b710e1086741fbe1fa3ddbb35c6dd816be1a55f6f42d9762f0773b16d5,6d29a0661fb66ac9f64ad3f075307093591d096d5fb8c7b6c9f456a5d2405aeb,LogFile line 4,0
results/source_summaries/3d/R03/Gurobi.csv,b778bed9cf04bba5e6b266f95636f4569b9c27ecf2ce51b1c331d47236b92048,1bde7b3ef94ce88b58225e6e1c42a39d15d5667fae848694b333ae0ae0413c47,logfile,0
results/source_summaries/3d/R03/gurobi_extensive.log,4413a2aac1d51d6548ae78b50f6a17d1e357d97c6b7fce20ff185034bd08d0ac,306a8f13a95832987816534cf77a4085949aa4a7bfc27847aaedff36c595e798,LogFile line 4,0
results/source_summaries/3d/R04/Gurobi.csv,122cf865a3d7c98a36c555f238397e4d6f685bfe5a2bf048b50da7f8f91f1d2e,39e7f6f14afbfd26944ea07b366d0b29a482bf4e2cc792486acc4a6f8d5f9998,logfile,0
results/source_summaries/3d/R04/gurobi_extensive.log,170a6f73af9944a18fd10570a6f3eaf0116bb035ad39050ad4786518a7129f79,2fb490abc4145d4f5fed4e0183019e04644099d85d6351e4b2d3d14e5b0d1c97,LogFile line 4,0
results/source_summaries/3d/R05/Gurobi.csv,3bd81fdf290968919d7afa25b44d711d5b38065161d5f3d9189165139a3b4090,f98320b5c67db3c996f76f9e9e804acaaba3d927d84a37423ebfdc8aa4d9bffa,logfile,0
results/source_summaries/3d/R05/gurobi_extensive.log,03406e56a89d63ab5b06bc4f2a5381da970e191c25e3062179356ca3b894c38e,e92ad3f1e3cf099c51d54fc841e54c6ebb9fee2deec888cfd38301339f53dff0,LogFile line 4,0
results/source_summaries/3d/R06/Gurobi.csv,8c1971e60e03eee9e953fcb2f5ffe9e3f6400211c36138e04fd233a21f3271d1,ac70f1bb6cb8716c2f8ee00397536b88cbc16ce9d57a32216b2168c5cc51badc,logfile,0
results/source_summaries/3d/R06/gurobi_extensive.log,7bbb89245b7fd12d1f5bc631ee3d1495570ec8d2bfdb26707d2c00c4340b44c8,8f814623fdd67ee44ac9ca19a7ff6f2637d1b35a44a0c475e667304767672a5c,LogFile line 4,0
results/source_summaries/3d/R07/Gurobi.csv,dfb0e4e84d0d1e6c5b471f9e1723a17717a16de02b4a979b7a68e568e12f8026,a953d8531c19be77eb48ad579e0679d27067f5d6af169661028eb5115d627baa,logfile,0
results/source_summaries/3d/R07/gurobi_extensive.log,4d8eca7e4e716ea41e986d7e7456b516e0772a4316268487602ade21f75c6ebb,8dce35c2a0f0b3aea3a4dd6303045cc407a620b0da15631de92a5b7fe3d8086d,LogFile line 4,0
results/source_summaries/3d/R08/Gurobi.csv,92165716d24e5ea683ea8b6ea5fc4840216688e0449d271ec7921bf69726f06d,5590f2d25cd37e80b54ff53adeb095e96af4437ea90016fe72a64f8c852267c3,logfile,0
results/source_summaries/3d/R08/gurobi_extensive.log,4e6c42d488b7a778ecad7d4c61202c17b973e2c76dfc9cfd749b8708e639b7ac,bf58a3cace5cfc30cc88cb49ecc87054a8efff77e4c991aee544a8b7e8c6834d,LogFile line 4,0
results/source_summaries/3d/R09/Gurobi.csv,6bdca57aba6a79e9a8fb7dca58f617c301db8ee05cbbf11a39f045784edab291,f04cc158b2baff913ce57364773ef8eb3ff81f66d6b7993a6bebf87895a93361,logfile,0
results/source_summaries/3d/R09/gurobi_extensive.log,3b888ce86b0b6f767d3bcbe3f69b84a348c2242782e5a3c7b92ed71f4b2d0723,6aff6e850710e9d5254e7aaf96426e4ea9fa04dff87a00091b0662d91cb44c46,LogFile line 4,0
results/source_summaries/3d/R10/Gurobi.csv,932f81fa3b64c2e6778bac38339021047bf4bf02e7ed874067218ae30aa2e4f2,13d2773533d8635fd1826ccbcd5ffd4d46904e23b49c73136e37436a5cf0fbd6,logfile,0
results/source_summaries/3d/R10/gurobi_extensive.log,7b654aa63c4d605256a0645ffda06e9b30fb1e8a877737c5605eb654ee90fcfa,073c7541b7ac9a917323f9bccb7fc1f3d957f256003969ef0aa1e8ddbc1d5e47,LogFile line 4,0
results/source_summaries/3d/R11/Gurobi.csv,a0fde36731d11d453a0820e311387fee51afd84396308a1d80be272fd28fddd9,aa06cabb32c6edac3bce7c8541f8b6c6bbc3286d063c76467af863f9692ce806,logfile,0
results/source_summaries/3d/R11/gurobi_extensive.log,bc844bf0261969c5f00c2874a791bd349658bf51f53aae4187f9590f745d52b5,7401d5470808497d2f7b1907f6b987c5259e7f20852ec0bea2a140692d8a8ead,LogFile line 4,0
results/source_summaries/3d/R12/Gurobi.csv,3633d4892c32a1ab904a9047f1429a14a6c8ee94d671ac16a5f73bc6d625a572,84b8cca081d9c8cef46987b579e72a1ccd8515d6f6f6b8802f8887260c7edd63,logfile,0
results/source_summaries/3d/R12/gurobi_extensive.log,88fb91cdaaabd4bc2fe5bdeba71538178c38591075a5883fde6a0824274a5746,fb59c86d1af8e4cd9089599dc84f8c58f37395047444db9a4534d744068e483a,LogFile line 4,0
results/source_summaries/3d/R13/Gurobi.csv,47b9ceb690d3f95679014efd697de85d85cc6e0385906d7607a8199bf37d8ed4,ac7a12d32c7dc18f1be1120b20a3f78e335137abcff853a0af9c026609be09dd,logfile,0
results/source_summaries/3d/R13/gurobi_extensive.log,5e989ea91b2c31deff467d48a1c595512ea9671a91d2539418aac6d0dee536e2,954f6e3a3b6c5540ed2762243101727c06aacaa6623f6d8901c6f33367334422,LogFile line 4,0
results/source_summaries/3d/R14/Gurobi.csv,60a64ca357f1a6f3834ec37f0d54bf70d1b1fcad289939395dab61daef926c27,ccf040a547ec30b73d74bc81928d6a671a457f268d36dd016f6e24ae1ad3d6b7,logfile,0
results/source_summaries/3d/R14/gurobi_extensive.log,932c1a5cc8d12064f9c39e9832db535d264bea7615f41c4ec76cce672bca6feb,24231bea9417efeee916c8b65a8a0219416265837e6a96e9dbe23e0736fe5a35,LogFile line 4,0
results/source_summaries/3d/R15/Gurobi.csv,63e1b14da08e6c77389e96426b4c4a7c580b7f18d20ecd690c3ea526c93e24c4,a2c52a60b6a21f8ffad55f5d000e88a4305d2d10e9cbc436e3262570c7eed53f,logfile,0
results/source_summaries/3d/R15/gurobi_extensive.log,cf19b1f37d143ae3c7432e255e2c5a6a8c628559828773850f452286a5db4af3,616f0f09893c87c9d934ad60bd6591cdd665530fdfabd588d05db6200f4a4361,LogFile line 4,0
results/source_summaries/3d/R16/Gurobi.csv,1a2632b9bc70c770829fdafad3d5e1e7ceb3b00c64cb57186fa5a8507f155c60,70a9977615aec99db151d91b452270dced0fbb92ff8d13906755f725847e1762,logfile,0
results/source_summaries/3d/R16/gurobi_extensive.log,b098dff01bc6e14166643f5478872446f0c931f7f2855645b1ce0f2de9fb73bb,e17e607c34fc9f2713c1bb9638aaba755a7e5539ecf74176ac54c4c29aba2782,LogFile line 4,0
results/source_summaries/3d/R17/Gurobi.csv,8fcae8980e77a2521a4f0e3fa47447a0cfa2b69706b5999f39daf77baac0b51b,fcb71d3a4b0bb675efdb8334c3719bdf266b47f42a1f22557c4f502e3616670b,logfile,0
results/source_summaries/3d/R17/gurobi_extensive.log,a8eeda28c915e3ff0ecb5b0bf4e2ec2b77b3b599e207069b7dab1ab3f75ef250,d81803a5aa95c41dce23d70261ed9b73f316c4029d55238af940c7828c5883e0,LogFile line 4,0
results/source_summaries/3d/R18/Gurobi.csv,c4987c082da363c8326d8c25a5adb52f2a6005860a02470615dc74b4c3355354,fdae7d291bc7de9df3d76b0e35358a7b288b9447e46f2e0c0b33ee9d287c8970,logfile,0
results/source_summaries/3d/R18/gurobi_extensive.log,fc506abdd635b64ced4b63fe6ac970693a49aac48a068dac743d0d8b6caa9f71,4a21055b8706e7b1769e08d84adbbd9ad5a7256636521f282d00457654420aad,LogFile line 4,0
results/source_summaries/3d/R19/Gurobi.csv,d47f668cc2d3d29d2609380f543d4ed765a6e975a570fccac72835d5a9f1ada4,832c21defd95eec420ec536f26bcab81ccf0c0edfe2e6a3878179b7d58dfdeeb,logfile,0
results/source_summaries/3d/R19/gurobi_extensive.log,17eddc13b45b36e988eb42234ab9d6f7f7c534e3001df53419374ffbf2978384,3ed2b7f91a118f5800dd3c53cd37dd739e87d4a78b1a10aba4549b6578b36db1,LogFile line 4,0
results/source_summaries/3d/R20/Gurobi.csv,107e9fb364a109218c723432b2daab753fe9c5d0054f6445e79f913a99db79dc,d1ea6e773d062c443a5cfbe19241edc31dece2bfe8c0cbda9f36aa3962b2df27,logfile,0
results/source_summaries/3d/R20/gurobi_extensive.log,a9b3f38e7a9882e9c1956fca1aa6fa21f6da34cb6cecd5a2cd96ccbd83ee317b,f03c7a43736d6164a8b52065bd454660010d7997b64063cf98cc6629acdb1f99,LogFile line 4,0
