instance_id,case_dir,family_seed,candidate_index,candidate_seed,stage2_rank,methods,full_payload_hash,latest_all_four_payloads_equal,stage2_payload_equal,latest_native_log_present,complete_summaries,merge_status
R01,R01_F08_C39_S813017037,8,39,813017037,1,4,e09882924009749a27450c583934b2142e1ad8503d44c2cc435f602d934c0a4c,True,True,True,4,PASS
R02,R02_F03_C33_S1688352591,3,33,1688352591,2,4,bc1b4ed608f5c14b0a51389dcce5319bf5d9405170d60d5c3f18c15ad5337871,True,True,True,4,PASS
R03,R03_F06_C37_S1177541701,6,37,1177541701,3,4,92552afac3528d727a778f82e68c485b1a288f58183b8859e39dc505babf3573,True,True,True,4,PASS
R04,R04_F05_C22_S1400951998,5,22,1400951998,4,4,a072f41263b0f55c7621a57bd21322cc8d5ce6c5907f45eef81bfced2e7a6627,True,True,True,4,PASS
R05,R05_F06_C30_S1775975473,6,30,1775975473,5,4,541b745bdba2a065e187d1a05193b454e5524d789605f46573c343cd8f532e32,True,True,True,4,PASS
R06,R06_F08_C09_S1373808879,8,9,1373808879,6,4,413e70cd8fd1aa9effd49266aacc34e3634e0aae5e342a37c76c15c78ddbcc95,True,True,True,4,PASS
R07,R07_F06_C04_S737168579,6,4,737168579,7,4,39db42503e68b4042f4691ee2043ec1f1947688e6ece1af91ce03835ceff87f8,True,True,True,4,PASS
R08,R08_F05_C08_S613753789,5,8,613753789,8,4,3b5bf3c964905df897d42c0c259a4fa83348c4450d7ff2ab102cd0c5f6ebf141,True,True,True,4,PASS
R09,R09_F06_C22_S111087679,6,22,111087679,9,4,e3d095cc66717c99009ab7e147da5cf08faf11d3c4134851e4094450248b6df5,True,True,True,4,PASS
R10,R10_F09_C24_S139917572,9,24,139917572,10,4,9ed605cd2a11c99604978c78ff9657980dd6cd8ce2cba5e3fea0828de4cbd018,True,True,True,4,PASS
R11,R11_F08_C35_S956872797,8,35,956872797,11,4,dd5e36eb7357a5382b043810655a0b9c27d79aec393134c892a6274447a33ba3,True,True,True,4,PASS
R12,R12_F07_C15_S1073283950,7,15,1073283950,12,4,2840ecf807410911517573f209eec7b80b0980535331f49476fe379b4425e248,True,True,True,4,PASS
R13,R13_F10_C12_S291885126,10,12,291885126,13,4,28dff04b5e727d0675a996376b26837eac3e49ee332a0f8480c0e09bf80b88dc,True,True,True,4,PASS
R14,R14_F02_C18_S590492220,2,18,590492220,14,4,28408a042887297cc8013e16051c1e98badb5b7f2299dea1c84d4efe8d67dcb4,True,True,True,4,PASS
R15,R15_F01_C29_S266112162,1,29,266112162,15,4,6bd3673363ea44ca169950040c2e1701717bd8d879996049516f15d20e0a117f,True,True,True,4,PASS
R16,R16_F07_C19_S255728784,7,19,255728784,16,4,f58d8ed77597bad6a33e77ed6c8124a870a46d339f196496047b2784bc2d3fd7,True,True,True,4,PASS
R17,R17_F06_C39_S1606396927,6,39,1606396927,17,4,c58fd67d0407c0d7ed9f16f50bec77649689cae91fe8ac8c22f43650052e85c5,True,True,True,4,PASS
R18,R18_F08_C08_S1693395944,8,8,1693395944,18,4,089f186c53630c4ef5c2215f114559f4e17dd63f14fc45e3e86d848122dc4ff4,True,True,True,4,PASS
R19,R19_F03_C28_S1260140335,3,28,1260140335,19,4,506a6c97547fc8d789fa79160ec51e767637a8f321ddfb58085b3d542ada7d99,True,True,True,4,PASS
R20,R20_F01_C24_S1155653964,1,24,1155653964,20,4,48ae9c4c3fb45b4191c110e16cc2de398b58854700e8ffb921716c9926fb544c,True,True,True,4,PASS
