job_id,original_root_id,original_root_sha256,original_path_sha256,supplied_merged_directory,full_payload_sha256,path_is_instance_data
3d_R01_gurobi,original_root_1,16680ca880e5fc4afbfe60f27aca84a1f1a1dc37f6143946c0603966c838a5a6,d2ddfc4b37c2651db19b7be5b758a15967a76328b5acb8fcf762e8f44fabf1e7,R01_F08_C39_S813017037/Gurobi,e09882924009749a27450c583934b2142e1ad8503d44c2cc435f602d934c0a4c,NO
3d_R01_p2,original_root_2,0fb1cb988140e2bf6c1b371c2f914890b8ba4bccf074916190deabed22604f3c,bb71de171ac1832036b448df3ec0b8edd51ae2ffc5e671a7511642a3a1e3323a,R01_F08_C39_S813017037/RD-ALM,e09882924009749a27450c583934b2142e1ad8503d44c2cc435f602d934c0a4c,NO
3d_R01_p1,original_root_2,0fb1cb988140e2bf6c1b371c2f914890b8ba4bccf074916190deabed22604f3c,05f1437cdafcb4a8e4888876f413f93f949a79e288718fa0f76db5ec2ee1bbce,R01_F08_C39_S813017037/SCP-ALM,e09882924009749a27450c583934b2142e1ad8503d44c2cc435f602d934c0a4c,NO
3d_R01_p1_norho,original_root_1,16680ca880e5fc4afbfe60f27aca84a1f1a1dc37f6143946c0603966c838a5a6,d3fc768e67c8ad1750a330cd3951e920588ea12f67669c106ff5d3d137ca56f8,R01_F08_C39_S813017037/SCP-LR,e09882924009749a27450c583934b2142e1ad8503d44c2cc435f602d934c0a4c,NO
3d_R02_gurobi,original_root_1,16680ca880e5fc4afbfe60f27aca84a1f1a1dc37f6143946c0603966c838a5a6,7ddd7c61698fc4249d86573d7c2ed51e45fb42f7ce3961b861d37ce41dccc48e,R02_F03_C33_S1688352591/Gurobi,bc1b4ed608f5c14b0a51389dcce5319bf5d9405170d60d5c3f18c15ad5337871,NO
3d_R02_p2,original_root_2,0fb1cb988140e2bf6c1b371c2f914890b8ba4bccf074916190deabed22604f3c,5c157bfd8a8709927f1ba62ae98124963c5720d6241196e5d5f374cef81bb45d,R02_F03_C33_S1688352591/RD-ALM,bc1b4ed608f5c14b0a51389dcce5319bf5d9405170d60d5c3f18c15ad5337871,NO
3d_R02_p1,original_root_2,0fb1cb988140e2bf6c1b371c2f914890b8ba4bccf074916190deabed22604f3c,50979369501f8e856d8ce1ba7353223a444520d47233876cb67ba548e1aba64e,R02_F03_C33_S1688352591/SCP-ALM,bc1b4ed608f5c14b0a51389dcce5319bf5d9405170d60d5c3f18c15ad5337871,NO
3d_R02_p1_norho,original_root_1,16680ca880e5fc4afbfe60f27aca84a1f1a1dc37f6143946c0603966c838a5a6,b6049665579bef898526db25d30b138b6820ea495758ad7676178840dea538ef,R02_F03_C33_S1688352591/SCP-LR,bc1b4ed608f5c14b0a51389dcce5319bf5d9405170d60d5c3f18c15ad5337871,NO
3d_R03_gurobi,original_root_1,16680ca880e5fc4afbfe60f27aca84a1f1a1dc37f6143946c0603966c838a5a6,45cb313ca7cc4724cc25fadf16c72044222e1b877ec96c8b7b4ee611c8cdd39f,R03_F06_C37_S1177541701/Gurobi,92552afac3528d727a778f82e68c485b1a288f58183b8859e39dc505babf3573,NO
3d_R03_p2,original_root_2,0fb1cb988140e2bf6c1b371c2f914890b8ba4bccf074916190deabed22604f3c,f9c703d27ad829b7f13a04b7076d0fecd81f70e1006ebf33969e017942db85d6,R03_F06_C37_S1177541701/RD-ALM,92552afac3528d727a778f82e68c485b1a288f58183b8859e39dc505babf3573,NO
3d_R03_p1,original_root_2,0fb1cb988140e2bf6c1b371c2f914890b8ba4bccf074916190deabed22604f3c,d8a48212e416aa0063d43a77530c1789504759e3a38bbc3802bec5fe1519176c,R03_F06_C37_S1177541701/SCP-ALM,92552afac3528d727a778f82e68c485b1a288f58183b8859e39dc505babf3573,NO
3d_R03_p1_norho,original_root_1,16680ca880e5fc4afbfe60f27aca84a1f1a1dc37f6143946c0603966c838a5a6,9b3da0986b04a5b339986096185537f99753632a4bf193e274e485f7568ab01b,R03_F06_C37_S1177541701/SCP-LR,92552afac3528d727a778f82e68c485b1a288f58183b8859e39dc505babf3573,NO
3d_R04_gurobi,original_root_1,16680ca880e5fc4afbfe60f27aca84a1f1a1dc37f6143946c0603966c838a5a6,920553e3cc2e0572569e7d0bf5967a5812177203226bc97cfd7b6295e8f38fa5,R04_F05_C22_S1400951998/Gurobi,a072f41263b0f55c7621a57bd21322cc8d5ce6c5907f45eef81bfced2e7a6627,NO
3d_R04_p2,original_root_2,0fb1cb988140e2bf6c1b371c2f914890b8ba4bccf074916190deabed22604f3c,dfd5fe051664af609cc39629de466d7e265c894d23076ecfa4d7463d0f43eba1,R04_F05_C22_S1400951998/RD-ALM,a072f41263b0f55c7621a57bd21322cc8d5ce6c5907f45eef81bfced2e7a6627,NO
3d_R04_p1,original_root_2,0fb1cb988140e2bf6c1b371c2f914890b8ba4bccf074916190deabed22604f3c,62e7087c96610214971120299f90ecd241ff380106d896589337b18dfea1a4eb,R04_F05_C22_S1400951998/SCP-ALM,a072f41263b0f55c7621a57bd21322cc8d5ce6c5907f45eef81bfced2e7a6627,NO
3d_R04_p1_norho,original_root_1,16680ca880e5fc4afbfe60f27aca84a1f1a1dc37f6143946c0603966c838a5a6,71d1833643d756ac6ddaa9a5ffee4be11f4306f8d74d1aae8d06a318ede2b4b2,R04_F05_C22_S1400951998/SCP-LR,a072f41263b0f55c7621a57bd21322cc8d5ce6c5907f45eef81bfced2e7a6627,NO
3d_R05_gurobi,original_root_1,16680ca880e5fc4afbfe60f27aca84a1f1a1dc37f6143946c0603966c838a5a6,1c376613c441a44580c9d30b98ca34fadda635c05896562b1b5648ef8ec77532,R05_F06_C30_S1775975473/Gurobi,541b745bdba2a065e187d1a05193b454e5524d789605f46573c343cd8f532e32,NO
3d_R05_p2,original_root_2,0fb1cb988140e2bf6c1b371c2f914890b8ba4bccf074916190deabed22604f3c,3ef0fda40f4df58f1b5a345079f914b70b8c0002566fb521dd7fdfba584019c7,R05_F06_C30_S1775975473/RD-ALM,541b745bdba2a065e187d1a05193b454e5524d789605f46573c343cd8f532e32,NO
3d_R05_p1,original_root_2,0fb1cb988140e2bf6c1b371c2f914890b8ba4bccf074916190deabed22604f3c,237b260832f58766d8213a7f8f1e8e0545e12a714eab6e3917d1ad1ea79e395d,R05_F06_C30_S1775975473/SCP-ALM,541b745bdba2a065e187d1a05193b454e5524d789605f46573c343cd8f532e32,NO
3d_R05_p1_norho,original_root_1,16680ca880e5fc4afbfe60f27aca84a1f1a1dc37f6143946c0603966c838a5a6,160f87bb4e44d4561f28deaf06934efc07031ec69ad6f7787a0462e426167dd5,R05_F06_C30_S1775975473/SCP-LR,541b745bdba2a065e187d1a05193b454e5524d789605f46573c343cd8f532e32,NO
3d_R06_gurobi,original_root_1,16680ca880e5fc4afbfe60f27aca84a1f1a1dc37f6143946c0603966c838a5a6,94414d2a0fc77998fc1fb43016886ebeec0d347c6566d5555c34cb446632debf,R06_F08_C09_S1373808879/Gurobi,413e70cd8fd1aa9effd49266aacc34e3634e0aae5e342a37c76c15c78ddbcc95,NO
3d_R06_p2,original_root_2,0fb1cb988140e2bf6c1b371c2f914890b8ba4bccf074916190deabed22604f3c,81e08f92e170e354158262df5a0ce3c20ba55d762e8fd2d4714bf83b5bbd6b22,R06_F08_C09_S1373808879/RD-ALM,413e70cd8fd1aa9effd49266aacc34e3634e0aae5e342a37c76c15c78ddbcc95,NO
3d_R06_p1,original_root_2,0fb1cb988140e2bf6c1b371c2f914890b8ba4bccf074916190deabed22604f3c,644188e065a97362da9e42450e14ebb375908a3cee5da52a2884a7c70c37241f,R06_F08_C09_S1373808879/SCP-ALM,413e70cd8fd1aa9effd49266aacc34e3634e0aae5e342a37c76c15c78ddbcc95,NO
3d_R06_p1_norho,original_root_1,16680ca880e5fc4afbfe60f27aca84a1f1a1dc37f6143946c0603966c838a5a6,0a4cb0feaa1a0d4c3868f410abdd857e842407a2638e75b8df7341d8e5cbfdd4,R06_F08_C09_S1373808879/SCP-LR,413e70cd8fd1aa9effd49266aacc34e3634e0aae5e342a37c76c15c78ddbcc95,NO
3d_R07_gurobi,original_root_1,16680ca880e5fc4afbfe60f27aca84a1f1a1dc37f6143946c0603966c838a5a6,35f40d94d5b4873f592a099041cf809047d306e7caa378d3b69d873b0fbefcae,R07_F06_C04_S737168579/Gurobi,39db42503e68b4042f4691ee2043ec1f1947688e6ece1af91ce03835ceff87f8,NO
3d_R07_p2,original_root_2,0fb1cb988140e2bf6c1b371c2f914890b8ba4bccf074916190deabed22604f3c,5492ca1bf7d9241a8a53e80409aa79fb54948b526681b374eb9802b0a26a6595,R07_F06_C04_S737168579/RD-ALM,39db42503e68b4042f4691ee2043ec1f1947688e6ece1af91ce03835ceff87f8,NO
3d_R07_p1,original_root_2,0fb1cb988140e2bf6c1b371c2f914890b8ba4bccf074916190deabed22604f3c,067be71848ef674a32e1edd22288d1071c63080bb7ec2c6e11997ef5422a8f86,R07_F06_C04_S737168579/SCP-ALM,39db42503e68b4042f4691ee2043ec1f1947688e6ece1af91ce03835ceff87f8,NO
3d_R07_p1_norho,original_root_1,16680ca880e5fc4afbfe60f27aca84a1f1a1dc37f6143946c0603966c838a5a6,66a6fe35ffb867c08756c997b8f975be0d7bfd2116864a6412670708ba9b5829,R07_F06_C04_S737168579/SCP-LR,39db42503e68b4042f4691ee2043ec1f1947688e6ece1af91ce03835ceff87f8,NO
3d_R08_gurobi,original_root_1,16680ca880e5fc4afbfe60f27aca84a1f1a1dc37f6143946c0603966c838a5a6,ae8feedf48d4d18a7b1c7f764f3d0dcd5ec26ace3bb147ddc81a451e9cd67929,R08_F05_C08_S613753789/Gurobi,3b5bf3c964905df897d42c0c259a4fa83348c4450d7ff2ab102cd0c5f6ebf141,NO
3d_R08_p2,original_root_2,0fb1cb988140e2bf6c1b371c2f914890b8ba4bccf074916190deabed22604f3c,c9cfacf8806d47717a18286a277ae95aebcf10eb58c5f95c23e8b75a26fad500,R08_F05_C08_S613753789/RD-ALM,3b5bf3c964905df897d42c0c259a4fa83348c4450d7ff2ab102cd0c5f6ebf141,NO
3d_R08_p1,original_root_2,0fb1cb988140e2bf6c1b371c2f914890b8ba4bccf074916190deabed22604f3c,c5e817dedba632afc6892164d21069d44ba2ef271bf70ffde5106ab159fefc59,R08_F05_C08_S613753789/SCP-ALM,3b5bf3c964905df897d42c0c259a4fa83348c4450d7ff2ab102cd0c5f6ebf141,NO
3d_R08_p1_norho,original_root_1,16680ca880e5fc4afbfe60f27aca84a1f1a1dc37f6143946c0603966c838a5a6,26b08da2154c63f7dbd99c4a4037229b705adf8869c264476c713ac9c3d050a5,R08_F05_C08_S613753789/SCP-LR,3b5bf3c964905df897d42c0c259a4fa83348c4450d7ff2ab102cd0c5f6ebf141,NO
3d_R09_gurobi,original_root_1,16680ca880e5fc4afbfe60f27aca84a1f1a1dc37f6143946c0603966c838a5a6,d486e1fbd8751cb28978813ed799f92485752cb9400c6149a3c2abcb372f6a56,R09_F06_C22_S111087679/Gurobi,e3d095cc66717c99009ab7e147da5cf08faf11d3c4134851e4094450248b6df5,NO
3d_R09_p2,original_root_2,0fb1cb988140e2bf6c1b371c2f914890b8ba4bccf074916190deabed22604f3c,467b02d41a6729fd8986dd033218e5ef9312c9ea7f671e8249e4594576de30d5,R09_F06_C22_S111087679/RD-ALM,e3d095cc66717c99009ab7e147da5cf08faf11d3c4134851e4094450248b6df5,NO
3d_R09_p1,original_root_2,0fb1cb988140e2bf6c1b371c2f914890b8ba4bccf074916190deabed22604f3c,b39dbba260dd3992a175c3532d3d2a2cbd6e81c0f2a8179bdd8cff8bff429750,R09_F06_C22_S111087679/SCP-ALM,e3d095cc66717c99009ab7e147da5cf08faf11d3c4134851e4094450248b6df5,NO
3d_R09_p1_norho,original_root_1,16680ca880e5fc4afbfe60f27aca84a1f1a1dc37f6143946c0603966c838a5a6,9c2e4354a6d6bbe73030d755c23a184dad4ae15866fbf221148505e893694921,R09_F06_C22_S111087679/SCP-LR,e3d095cc66717c99009ab7e147da5cf08faf11d3c4134851e4094450248b6df5,NO
3d_R10_gurobi,original_root_1,16680ca880e5fc4afbfe60f27aca84a1f1a1dc37f6143946c0603966c838a5a6,f583bb788b214e5f8f8b9abf55d631f0895fbbf7409e7699eb025800ee11c031,R10_F09_C24_S139917572/Gurobi,9ed605cd2a11c99604978c78ff9657980dd6cd8ce2cba5e3fea0828de4cbd018,NO
3d_R10_p2,original_root_2,0fb1cb988140e2bf6c1b371c2f914890b8ba4bccf074916190deabed22604f3c,fa4b8d772966b1eb2941cd1bf0aa24e50bf812298f9531275439f06d93740184,R10_F09_C24_S139917572/RD-ALM,9ed605cd2a11c99604978c78ff9657980dd6cd8ce2cba5e3fea0828de4cbd018,NO
3d_R10_p1,original_root_2,0fb1cb988140e2bf6c1b371c2f914890b8ba4bccf074916190deabed22604f3c,c749909678e664c79f837f349578e838e55372df1816b0e1b921a6f3fd58d83a,R10_F09_C24_S139917572/SCP-ALM,9ed605cd2a11c99604978c78ff9657980dd6cd8ce2cba5e3fea0828de4cbd018,NO
3d_R10_p1_norho,original_root_1,16680ca880e5fc4afbfe60f27aca84a1f1a1dc37f6143946c0603966c838a5a6,1d81bc94a88406a2a547cf997025603958a546b221c760728ecc771b2094a623,R10_F09_C24_S139917572/SCP-LR,9ed605cd2a11c99604978c78ff9657980dd6cd8ce2cba5e3fea0828de4cbd018,NO
3d_R11_gurobi,original_root_1,16680ca880e5fc4afbfe60f27aca84a1f1a1dc37f6143946c0603966c838a5a6,75e9d0ce0a08a73379faf11aa283c39c42e82781894438bf17be72e5188ea1c1,R11_F08_C35_S956872797/Gurobi,dd5e36eb7357a5382b043810655a0b9c27d79aec393134c892a6274447a33ba3,NO
3d_R11_p2,original_root_2,0fb1cb988140e2bf6c1b371c2f914890b8ba4bccf074916190deabed22604f3c,4dd6d42dc39c6d919b626c082e5dad3dde2beaa105752cdcb30af2e7ed7dd2d4,R11_F08_C35_S956872797/RD-ALM,dd5e36eb7357a5382b043810655a0b9c27d79aec393134c892a6274447a33ba3,NO
3d_R11_p1,original_root_2,0fb1cb988140e2bf6c1b371c2f914890b8ba4bccf074916190deabed22604f3c,82ed97824922d84aea1f171145b7d15547bf40e1bc3cbfb234d3782d4d5268ac,R11_F08_C35_S956872797/SCP-ALM,dd5e36eb7357a5382b043810655a0b9c27d79aec393134c892a6274447a33ba3,NO
3d_R11_p1_norho,original_root_1,16680ca880e5fc4afbfe60f27aca84a1f1a1dc37f6143946c0603966c838a5a6,b75c0a5a56503e1f45aae0aaf37255706b840e453f64d70caace016fe578df25,R11_F08_C35_S956872797/SCP-LR,dd5e36eb7357a5382b043810655a0b9c27d79aec393134c892a6274447a33ba3,NO
3d_R12_gurobi,original_root_1,16680ca880e5fc4afbfe60f27aca84a1f1a1dc37f6143946c0603966c838a5a6,ad3dd5c87293fb9ad6e0c82b7fd975b92ca941c4a52702e97f950e137aff9064,R12_F07_C15_S1073283950/Gurobi,2840ecf807410911517573f209eec7b80b0980535331f49476fe379b4425e248,NO
3d_R12_p2,original_root_2,0fb1cb988140e2bf6c1b371c2f914890b8ba4bccf074916190deabed22604f3c,78e276fe0e6a31aeef5b9f1540c808f51ac5d3c05b12ea036312eb1aa9cd38d2,R12_F07_C15_S1073283950/RD-ALM,2840ecf807410911517573f209eec7b80b0980535331f49476fe379b4425e248,NO
3d_R12_p1,original_root_2,0fb1cb988140e2bf6c1b371c2f914890b8ba4bccf074916190deabed22604f3c,f6be47447fd016ae478bb01c7b3029e7981c56e2aa6996eaa19857f079c8e953,R12_F07_C15_S1073283950/SCP-ALM,2840ecf807410911517573f209eec7b80b0980535331f49476fe379b4425e248,NO
3d_R12_p1_norho,original_root_1,16680ca880e5fc4afbfe60f27aca84a1f1a1dc37f6143946c0603966c838a5a6,c38be120d9e634d530e33a8927ffab4f815baab158ea3c1215804bbf26c61fc1,R12_F07_C15_S1073283950/SCP-LR,2840ecf807410911517573f209eec7b80b0980535331f49476fe379b4425e248,NO
3d_R13_gurobi,original_root_1,16680ca880e5fc4afbfe60f27aca84a1f1a1dc37f6143946c0603966c838a5a6,133212d753ec257d4a0eb758c4f7720b2d9562ceb022dd8e8d6d622c626c7ba4,R13_F10_C12_S291885126/Gurobi,28dff04b5e727d0675a996376b26837eac3e49ee332a0f8480c0e09bf80b88dc,NO
3d_R13_p2,original_root_2,0fb1cb988140e2bf6c1b371c2f914890b8ba4bccf074916190deabed22604f3c,6ad53d156031f6c37d78343f870fbe643400ac02f0430630ece917b67bc83b02,R13_F10_C12_S291885126/RD-ALM,28dff04b5e727d0675a996376b26837eac3e49ee332a0f8480c0e09bf80b88dc,NO
3d_R13_p1,original_root_2,0fb1cb988140e2bf6c1b371c2f914890b8ba4bccf074916190deabed22604f3c,f32d082f53ce8c1085c30d2308a58168442cfb8d24e41f5666605825185058f3,R13_F10_C12_S291885126/SCP-ALM,28dff04b5e727d0675a996376b26837eac3e49ee332a0f8480c0e09bf80b88dc,NO
3d_R13_p1_norho,original_root_1,16680ca880e5fc4afbfe60f27aca84a1f1a1dc37f6143946c0603966c838a5a6,366cc30d00d0f7c8adbe4770c0d4f91cc3cd24476581d15d40d36e366054c798,R13_F10_C12_S291885126/SCP-LR,28dff04b5e727d0675a996376b26837eac3e49ee332a0f8480c0e09bf80b88dc,NO
3d_R14_gurobi,original_root_1,16680ca880e5fc4afbfe60f27aca84a1f1a1dc37f6143946c0603966c838a5a6,78916deabbf32738d5203b8b05dab3f2d0b59063bd227833ca0a3b0cc29adaeb,R14_F02_C18_S590492220/Gurobi,28408a042887297cc8013e16051c1e98badb5b7f2299dea1c84d4efe8d67dcb4,NO
3d_R14_p2,original_root_2,0fb1cb988140e2bf6c1b371c2f914890b8ba4bccf074916190deabed22604f3c,c61731b7379bba56c46aae0878ebaefa30cd4d32dd94ea7a283abfeaf90abaea,R14_F02_C18_S590492220/RD-ALM,28408a042887297cc8013e16051c1e98badb5b7f2299dea1c84d4efe8d67dcb4,NO
3d_R14_p1,original_root_2,0fb1cb988140e2bf6c1b371c2f914890b8ba4bccf074916190deabed22604f3c,f8a053a91341f17c071f30dfbbb166064a6aaff868e7f93842fc9ead7a7171b1,R14_F02_C18_S590492220/SCP-ALM,28408a042887297cc8013e16051c1e98badb5b7f2299dea1c84d4efe8d67dcb4,NO
3d_R14_p1_norho,original_root_1,16680ca880e5fc4afbfe60f27aca84a1f1a1dc37f6143946c0603966c838a5a6,48773450c930e5c81cab82a3960eb7236d52acfb4434355efd1217832add0021,R14_F02_C18_S590492220/SCP-LR,28408a042887297cc8013e16051c1e98badb5b7f2299dea1c84d4efe8d67dcb4,NO
3d_R15_gurobi,original_root_1,16680ca880e5fc4afbfe60f27aca84a1f1a1dc37f6143946c0603966c838a5a6,daf87330f8bc5e55bb493cefc0115c7b2b7c124b5a9b001bf210dbf2dafbd99d,R15_F01_C29_S266112162/Gurobi,6bd3673363ea44ca169950040c2e1701717bd8d879996049516f15d20e0a117f,NO
3d_R15_p2,original_root_2,0fb1cb988140e2bf6c1b371c2f914890b8ba4bccf074916190deabed22604f3c,0afdde8d60098cff987ea21846eee935a2f481f8f548bd97138f580db3aabba9,R15_F01_C29_S266112162/RD-ALM,6bd3673363ea44ca169950040c2e1701717bd8d879996049516f15d20e0a117f,NO
3d_R15_p1,original_root_2,0fb1cb988140e2bf6c1b371c2f914890b8ba4bccf074916190deabed22604f3c,167c0492258d453944bfa46723cd710ddd033cb9ac4426f2738d739bf1a6ee6f,R15_F01_C29_S266112162/SCP-ALM,6bd3673363ea44ca169950040c2e1701717bd8d879996049516f15d20e0a117f,NO
3d_R15_p1_norho,original_root_1,16680ca880e5fc4afbfe60f27aca84a1f1a1dc37f6143946c0603966c838a5a6,f354e0ede74d852bd0c3c2fe8683c01b9b5f11cf76717bfba9e521969bca2ae6,R15_F01_C29_S266112162/SCP-LR,6bd3673363ea44ca169950040c2e1701717bd8d879996049516f15d20e0a117f,NO
3d_R16_gurobi,original_root_1,16680ca880e5fc4afbfe60f27aca84a1f1a1dc37f6143946c0603966c838a5a6,1abb157637fe238246b6f862deea8d58be03664cbd67126069d8655ffbcf1d49,R16_F07_C19_S255728784/Gurobi,f58d8ed77597bad6a33e77ed6c8124a870a46d339f196496047b2784bc2d3fd7,NO
3d_R16_p2,original_root_2,0fb1cb988140e2bf6c1b371c2f914890b8ba4bccf074916190deabed22604f3c,06c68a7e5b1a288e999e4d115d8532ad8a3604a3be9983bbe2368fbbaf2d03cd,R16_F07_C19_S255728784/RD-ALM,f58d8ed77597bad6a33e77ed6c8124a870a46d339f196496047b2784bc2d3fd7,NO
3d_R16_p1,original_root_2,0fb1cb988140e2bf6c1b371c2f914890b8ba4bccf074916190deabed22604f3c,279f806ce51070563d356776e36e6fa251d2aeee2b68a0a337ff1db1dfd6b5e8,R16_F07_C19_S255728784/SCP-ALM,f58d8ed77597bad6a33e77ed6c8124a870a46d339f196496047b2784bc2d3fd7,NO
3d_R16_p1_norho,original_root_1,16680ca880e5fc4afbfe60f27aca84a1f1a1dc37f6143946c0603966c838a5a6,1f6bf1afcc31efc48989e23822d64e63096a46838928658da3e8970e23bf568b,R16_F07_C19_S255728784/SCP-LR,f58d8ed77597bad6a33e77ed6c8124a870a46d339f196496047b2784bc2d3fd7,NO
3d_R17_gurobi,original_root_1,16680ca880e5fc4afbfe60f27aca84a1f1a1dc37f6143946c0603966c838a5a6,e26f149157fcd828ff5497179a9ae5fe6d1c0651d02b9c3cf55aa2faf5d96c9a,R17_F06_C39_S1606396927/Gurobi,c58fd67d0407c0d7ed9f16f50bec77649689cae91fe8ac8c22f43650052e85c5,NO
3d_R17_p2,original_root_2,0fb1cb988140e2bf6c1b371c2f914890b8ba4bccf074916190deabed22604f3c,10e5803d325d98130601150ce37f49d643e2e8b4869fbb1aef3c9aee1bb1494a,R17_F06_C39_S1606396927/RD-ALM,c58fd67d0407c0d7ed9f16f50bec77649689cae91fe8ac8c22f43650052e85c5,NO
3d_R17_p1,original_root_2,0fb1cb988140e2bf6c1b371c2f914890b8ba4bccf074916190deabed22604f3c,bd21a2fdae37c0939f43c1b513bc5a062962023f33996ff8decc5842bfbdbb79,R17_F06_C39_S1606396927/SCP-ALM,c58fd67d0407c0d7ed9f16f50bec77649689cae91fe8ac8c22f43650052e85c5,NO
3d_R17_p1_norho,original_root_1,16680ca880e5fc4afbfe60f27aca84a1f1a1dc37f6143946c0603966c838a5a6,e17368b4d05eeae91ce791b70e983a8547c367b69b7bc9ee0ec99bf486a155b1,R17_F06_C39_S1606396927/SCP-LR,c58fd67d0407c0d7ed9f16f50bec77649689cae91fe8ac8c22f43650052e85c5,NO
3d_R18_gurobi,original_root_1,16680ca880e5fc4afbfe60f27aca84a1f1a1dc37f6143946c0603966c838a5a6,5d4ed14fda64a91d7729138cdc6163917102c4c45b54169a1eea59e214590847,R18_F08_C08_S1693395944/Gurobi,089f186c53630c4ef5c2215f114559f4e17dd63f14fc45e3e86d848122dc4ff4,NO
3d_R18_p2,original_root_2,0fb1cb988140e2bf6c1b371c2f914890b8ba4bccf074916190deabed22604f3c,f60973fe20948a5adb1c21a12c282352bd5119272fef85ec2a5b35ba1a86bd41,R18_F08_C08_S1693395944/RD-ALM,089f186c53630c4ef5c2215f114559f4e17dd63f14fc45e3e86d848122dc4ff4,NO
3d_R18_p1,original_root_2,0fb1cb988140e2bf6c1b371c2f914890b8ba4bccf074916190deabed22604f3c,564640a224fe2dd25d25d674d6ec402afa76b5336907e0d226a28bbab1104f41,R18_F08_C08_S1693395944/SCP-ALM,089f186c53630c4ef5c2215f114559f4e17dd63f14fc45e3e86d848122dc4ff4,NO
3d_R18_p1_norho,original_root_1,16680ca880e5fc4afbfe60f27aca84a1f1a1dc37f6143946c0603966c838a5a6,1af13961787190a9a60c2e06d7a766b4a07348599acb622ba944f9d7770f3571,R18_F08_C08_S1693395944/SCP-LR,089f186c53630c4ef5c2215f114559f4e17dd63f14fc45e3e86d848122dc4ff4,NO
3d_R19_gurobi,original_root_1,16680ca880e5fc4afbfe60f27aca84a1f1a1dc37f6143946c0603966c838a5a6,f64bbc87561d72632820836c773c48e23e54893239596475f68bb8180a04f937,R19_F03_C28_S1260140335/Gurobi,506a6c97547fc8d789fa79160ec51e767637a8f321ddfb58085b3d542ada7d99,NO
3d_R19_p2,original_root_2,0fb1cb988140e2bf6c1b371c2f914890b8ba4bccf074916190deabed22604f3c,33f186214d75c39cedd81a6c3e68db837aae2e6d0a30ecf832956556107185b0,R19_F03_C28_S1260140335/RD-ALM,506a6c97547fc8d789fa79160ec51e767637a8f321ddfb58085b3d542ada7d99,NO
3d_R19_p1,original_root_2,0fb1cb988140e2bf6c1b371c2f914890b8ba4bccf074916190deabed22604f3c,5a3b1a31469c10cdcd423cf8f17c4d4430ae37204b1a177b0a455b159d8c25b3,R19_F03_C28_S1260140335/SCP-ALM,506a6c97547fc8d789fa79160ec51e767637a8f321ddfb58085b3d542ada7d99,NO
3d_R19_p1_norho,original_root_1,16680ca880e5fc4afbfe60f27aca84a1f1a1dc37f6143946c0603966c838a5a6,6127b215919bdd9aebd167254aa4a7fcf19d8f53a07af6c674a596a7eec74895,R19_F03_C28_S1260140335/SCP-LR,506a6c97547fc8d789fa79160ec51e767637a8f321ddfb58085b3d542ada7d99,NO
3d_R20_gurobi,original_root_1,16680ca880e5fc4afbfe60f27aca84a1f1a1dc37f6143946c0603966c838a5a6,606ebb830ad40ac0516c6987b253d13f79c0a662f8137cee711cf3f07496abe1,R20_F01_C24_S1155653964/Gurobi,48ae9c4c3fb45b4191c110e16cc2de398b58854700e8ffb921716c9926fb544c,NO
3d_R20_p2,original_root_2,0fb1cb988140e2bf6c1b371c2f914890b8ba4bccf074916190deabed22604f3c,9ce0553f15254f6be9c8f2d1aa7aef226fae5611fb94cf543e17dd7142308426,R20_F01_C24_S1155653964/RD-ALM,48ae9c4c3fb45b4191c110e16cc2de398b58854700e8ffb921716c9926fb544c,NO
3d_R20_p1,original_root_2,0fb1cb988140e2bf6c1b371c2f914890b8ba4bccf074916190deabed22604f3c,d99a58151cc9f39143ee1650ae32bcc9b0d4feae9dc81b2197eb83a4afa7eabc,R20_F01_C24_S1155653964/SCP-ALM,48ae9c4c3fb45b4191c110e16cc2de398b58854700e8ffb921716c9926fb544c,NO
3d_R20_p1_norho,original_root_1,16680ca880e5fc4afbfe60f27aca84a1f1a1dc37f6143946c0603966c838a5a6,9b68c630a679c5fd7a644ecb2704e05647f069355f4064b82a6763d519feb861,R20_F01_C24_S1155653964/SCP-LR,48ae9c4c3fb45b4191c110e16cc2de398b58854700e8ffb921716c9926fb544c,NO
