study,instance_id,manifest,payload_sha256,family_payload_sha256,final_requirements_sha256,final_task_periods_sha256,scenario_capacities_sha256,family_seed,candidate_index,candidate_seed,common_pool_seed,num_blocks,n_knapsacks,z_dimension,homogeneous_A0,stored_block_hash_stage,stored_first_120_blocks_hash,prefix_verified,first_stage_verified,tail_verified
2d,B0300,instances/2d_scaling/B0300.json,cb688fd284029ecd164a0d0d682257359d6d49c35b50f13b41a6f694501b66fc,b956d3d7de1733de9dcf8c639938421d3fec0be11883cfbba66f13aac25e4218,eb0bf217c9d4fa1c7a808b4a94c9278dcb3e14affe095aa8730af01acc23f5b5,f921db7a529060759216240645e834b8f1c6beb05855cb1ed003c90767837d0e,7d78209376872f290a2a72018a2df0ef15f7ead8d2a7be2536946ac5a2abbe31,4,13,1346405564,5711692,300,2,6,False,post_tail,,True,True,True
2d,B0360,instances/2d_scaling/B0360.json,e42c3d4d4b9951cb8a293ab26890559c9c3a032abb5c51a65a9ce9420c6a65aa,9c46a95d985bff1d2a9abe9b8f953bcdbc6f0fa90dbc7d47ad710b4d8f875f0d,fedb2935a1cd891cf9807ae895eb22f9e1f7c5bc5056482dfd9d103a7821548c,2771c30c3389f17ec58993c886d3b5d3825c254b5d25b2d4db521bed399ed3e5,ed315f70bcab0a7af4d40ef9f01d843153a222ac1eb30e7e3e6625673551e90c,4,13,1346405564,5711692,360,2,6,False,post_tail,,True,True,True
2d,B0420,instances/2d_scaling/B0420.json,7b8cc27f35a36877f552b4ab3cb0e3aa59a4448671bb01abe9ee2614b0918a27,67b5b98eee8e426054663a756d800093dd8015350e29c6eb153233e46e903343,da39b77f2b9ef41f21c92384951f36bc19708fa534f901cd93a1341cb96d116a,11465d24ad3aa52904a6c9d5a672f1e9c422432e6eec1a70f945b95ff3c5ba55,1f54ab1c953df5d67bd0094d92b3d8450f93d0951d319ad683651aaf5759525c,4,13,1346405564,5711692,420,2,6,False,post_tail,,True,True,True
2d,B0480,instances/2d_scaling/B0480.json,5f2b1d21aae95d90328bb14ce2dac5be5dce41005520d9d7dcd7e7c2c02af144,ad896635640d60733c240b756287659b079b02a838a9e9f6d6e265efc3d91e26,9a8fca1b65c7fd567146a253da64507364d66e261c16c84c2b9d853404a9c350,4e85d918c67edbc80b228fc72792dbbdd9b7f63e66a66f5a04414a890836d444,a6ad9579dc6088f041b6916c2e1abc6ff2133dbf3ad8a839930e9aea2573dd7a,4,13,1346405564,5711692,480,2,6,False,post_tail,,True,True,True
2d,B0540,instances/2d_scaling/B0540.json,9ae5236b381cc41a3fa2f45252e1bfbc3e5654f865c9eab14920200cbf4ea781,d394934c91600964e53c37dec2864e5068d12c0e9807b48dd4569d07e13cea5c,742fbba18bf42e64b4995642b907df70b47d51fe2fa0ae837205263bb3a99f1c,8b137aede21f27aa3f45a6280a0ba7f4e3c4798dc27e25b04008a4da6f5eea12,7de5b30d370e27bfe5f2d6b01e9e9fdb9628c0df35010cce1d9dfaed19689f5b,4,13,1346405564,5711692,540,2,6,False,post_tail,,True,True,True
2d,B0600,instances/2d_scaling/B0600.json,c289b726429b49e2a642fb2b1251c7b4d29f72f37ae1232a281a99fb7ea2392f,cf2b328d227f6e00eaf2915c43e9aa8523a531f4e9a0cbdc8e6b16c337e81f05,01bc07f9632cd0c5e66d4c71e0769f32c4cb40ca2faa6ccfb5040784e225c903,97e39b3abb40c59f496c74abf3528bbad2d435d407d48516b2f13e4ef0164360,8935d07942f01c8ecc57a64e7c80217d017f8b31c8b62805d2a4d74a47d7d666,4,13,1346405564,5711692,600,2,6,False,post_tail,,True,True,True
2d,B0660,instances/2d_scaling/B0660.json,d193a34e84c05a472218813dd06f3df17141773c8884778ecaa29b85b0a69007,2949d96b35e06c1bab73a137ed23157999232e8834547aaedbc4f98ac3628cd9,e6095fe9859be4e8452a2dcec48bb0ad7c0a3688beae7c504a5f7dac31197507,081b981adb2231f673d77989358459fc88b44a430074392d55aef207d3630767,0698628d6a03e1d839cc7e92892d3c178051d1c066f508be21c3b157e0f612a0,4,13,1346405564,5711692,660,2,6,False,post_tail,,True,True,True
2d,B0720,instances/2d_scaling/B0720.json,5ccc12e229e39928b34bdd60a763de94c01df659ff0f5a4c42e4b1bfd28bb864,858194e1ead577a72e1ab2ac718eb5ad082b66cf5b5dd6c7afe2a94259fe4b5c,1e68b2fe690045af3122eafaa16bb729a0cb400ad9012f2dba76adf6c6328935,f2a902a166ad83353b9012abc9cdba79e994c9060c5bd7732a29bc51cbd30b93,7f6e1272922bc9492c4701b517b9a6d4f554ef15a8012d5e98282ce7c0d774f7,4,13,1346405564,5711692,720,2,6,False,post_tail,,True,True,True
2d,B0780,instances/2d_scaling/B0780.json,86b2a167ffc3bd21f5970bc36fdf428c4a94a0001a8c659e972aa7aca509222b,a502087a35781a6b96a2081538661d9e05635233f34679a7b57567639408ec11,16dcae213bc7b1932bb61311fe88d2685ad9e705dd664e51de13a0713b84a83f,49c860ef37ebb589762b018ccb1a2e1b14fd21f9eee092ec610733a1696eefaf,618ec04546b9846374e37b4668159650c5d3a9f6c538862936f638cf9441b80b,4,13,1346405564,5711692,780,2,6,False,post_tail,,True,True,True
2d,B0840,instances/2d_scaling/B0840.json,702b061bab177443985d55b62e5b3af5f7528779db1f193a6ed12566e864e881,a8c3a599d1ca3e330550d0b2a1f722ebf219c7c496722b7ba61b580561fbbb03,52a7fabdce840e7e38dc301d2f959fa91679f76976b9e7cea0e5dc964b577027,34e07c78b5dc58c442dadc0977d13e8b4ec6dd0635999929f25c10a8154ed439,db383c6d6e1de1791fb90e17c4f3eb76abcc5bfa735ea0517d291c3b77ce9f37,4,13,1346405564,5711692,840,2,6,False,post_tail,,True,True,True
2d,B0900,instances/2d_scaling/B0900.json,e45576bbb5d0caced9c80b96068c19b35cad0af77bf97bd7c870f019f849e937,0b4b4a782d0b083dbebca2c19d1e9b41c15a8c667ebd825a71c147bc44c3b056,cf260efb0ef7dea31dbbfa7902089d4dee09144690f7aaa558869c0bd6581fa5,3bef878645da5f2c5f74fb5514147a220ad199af0fb1b1b0d8adc7ca490d1e5a,990ed920663fa2b43e6605bde7f3c7c255d6e30a70826c2673a718d1eb807ab5,4,13,1346405564,5711692,900,2,6,False,post_tail,,True,True,True
2d,B0960,instances/2d_scaling/B0960.json,15dc8cb7886f0030ef445bd85d138bc3b2b67a2d2a66d9d48f352f8f464965f0,46a0f70c39263a418896caf1759ade3e2b9882f869ec6bd3285fc616d838a95f,b19304ddb42a4113ec28ff9953eadacfb5726bb4b3119e078d692d3290ee856c,e3b14757e545c5341dca3d57bece96c45272c7251636029c7463cb50d161da61,4bbbdb0e9d7fbff2760eb9b96440920f8df52de75cbc0b06cf40796065b6f59a,4,13,1346405564,5711692,960,2,6,False,post_tail,,True,True,True
2d,B1020,instances/2d_scaling/B1020.json,83811af91d6c497856d27a6ac44fd1c71f0effb2dd97d61be8213c6cbf679f9b,dd70c3c26c63ffd8461ce61a87a6260028edd7b7e182405b442825f482cd247c,6bc25e2cbd10e77345a949e7360c9aec832915760a58957be6e49591739cfa5f,b244c1f11400e6af1b7ff39ca3c081f97638c6e8fffa0c7b24269df4aefc4553,36149da9637656cc808ba1ee37d594106713e2f49b8c19115a89aeff67de2438,4,13,1346405564,5711692,1020,2,6,False,post_tail,,True,True,True
2d,B1080,instances/2d_scaling/B1080.json,02502eb0aa0db0a6e92e4a1adb93f4201691397ef8aaba6e55c9729f05f470cf,0c22e2881724d20b000ed154235a1ebc4c508e4ec4d4529720f8161937066214,45a2d132b677c42953acd2d60ac9fe2de8eb78ec1fd050b12738990e9b4e51df,a39cb3ee2e18179ed6afed9c189a1e739e36e86d014ede2d7700d75bd1ef1334,ece33bda9525d09d85569984fa53742546a5fe9ee123674de408a15fd4f53859,4,13,1346405564,5711692,1080,2,6,False,post_tail,,True,True,True
2d,B1140,instances/2d_scaling/B1140.json,fc96e7f9951a3834077941e903a373c803a946422e236f0664202695531921e1,673a6650ca3593ce5baceb1daa6965591ae789548e3b697c5184086542ac4e3a,afb195e4ec2557fffedacfde228653c37cf6d433120afff03657f997dda5dc64,4b86aff265cd0f2074b33e72f1dfa052bbc7fc2d1e224fe9fc87c43a76c7f716,670eb76d80564685e894e4ec295ac608e30ef9d3e480a36faea6eb4acaaac2b1,4,13,1346405564,5711692,1140,2,6,False,post_tail,,True,True,True
2d,B1200,instances/2d_scaling/B1200.json,b39c5eb505467f3389e04f0dfb30cbab16c2b37142168a856e1c9259f7137f74,53324aa912078399357be474a323991c8889b49c7c685ae79cfdb5c40d06d311,3bf95d371fdcd5f7258af86688d4274c0167fd4c332a32e6d8ea56a068bf00a1,e06162b9fdc03a5ffdae58601054744f58a07872eadd8fc19d79502de88fcf07,c4f0f4ba4b1f1ce0ba163d737b76080580e6656a278855fa78d15e18c0768700,4,13,1346405564,5711692,1200,2,6,False,post_tail,,True,True,True
2d,B1260,instances/2d_scaling/B1260.json,3ff100925c66664ddcd7c0377007ad28a2a89ff114702cab59746505068a4d6a,deeb82c8f72f116f54b5c5b1320d8050943d9851f9d41e9bab430598439add5b,edf8fa8a6c959913d4393bccf9473cc79a6d4812edcc1e122655ead332634c25,1d9e901bf95291d3f6a1241bc00ffb0855fe404a54d5827d8b0680c52326ff32,d86dc0f9df7e5a57a6d4d739f49931febfbd29f444185e01978ce6bd5f2c72f9,4,13,1346405564,5711692,1260,2,6,False,post_tail,,True,True,True
2d,B1320,instances/2d_scaling/B1320.json,9acd39e6d44abe700436c417e0a96872d1de765f343a06ed9c994ab11ef45d5d,46b3c3549c71cfdab8aebedf1cb967ef816d165d5e43d55f72b6dacf6e6bdb13,ef12ba3ed0322881ed3e3c13526de3acd9ebe031dc5c8271efb2d30196bb11e6,e4a670c53f869a90415334837f1695a1f30290febd74030e8ee83fd2a529b636,522e8855288e7dfdffe0eaa7dd9cc1cb7afd2fa3b928f06bb1baa4a164e0879b,4,13,1346405564,5711692,1320,2,6,False,post_tail,,True,True,True
2d,B1380,instances/2d_scaling/B1380.json,f9782994d19ad056dac4c681344952aaa75934339d59f984339e3988459072f7,dea602ab42d385d19406ad511940ac50a52a50858941e6b5c68f0b21b64d0a8f,9d5624793e2d00e8c9f9c0d2b912d7ed89e9b0c2847be76bd610fa063bcb6ba2,e11b8e759a6b185002c173721caed8106da3b5f4badaaec1a3e8e4d57ec56133,baed51bd24b735009fc7cabb083ad8d9520d3da29aed1736f6b31e3dbd114500,4,13,1346405564,5711692,1380,2,6,False,post_tail,,True,True,True
2d,B1440,instances/2d_scaling/B1440.json,bb087512b3fced80e991335e3ef4712dcd95408e93dbf02c7b2c73884dd8c3e5,eacf1b0a8b13fca5a5eb5ba9106d3e075dea7280fdfb032b215d71bcdd5fbb28,f4d1cfa4c5e708fec505b1122aa000f0bae3ed370ba51c0b54ca03af42397111,94f1f35ab65a232474ace68df63193e94d0d4e245d079990cab5fd530df0fde7,ebbad44d7212c5fab569e4b938b6ca819c813b0bb6c905c3f96bbcfce03f4b70,4,13,1346405564,5711692,1440,2,6,False,post_tail,,True,True,True
3d,R01,instances/3d_difficult/R01.json,e09882924009749a27450c583934b2142e1ad8503d44c2cc435f602d934c0a4c,61a5e0826f449c038f34605ea643f74945ccfa6467a80af9eb6660935893d16b,6698aff627fb61eec549c8a8a8079dde16bae42e52581b07c64f28dcac566d68,856e27887e964f013a7af70346168e2ea0502383549a3aef5bc189b6ce046ef3,a9c595bb82d0b371912b81383772c3033f1812043b559af19f44e4048e389e88,8,39,813017037,161262537,120,3,9,True,post_tail_pre_homogeneous_A0,e65c1a4e06b8926a8ec76fa2dc0d84694cd24e8709b309161069e9b612317103,True,True,True
3d,R02,instances/3d_difficult/R02.json,bc1b4ed608f5c14b0a51389dcce5319bf5d9405170d60d5c3f18c15ad5337871,6fc0eba33056299da8380586c2394d8aa7dbd9b9998bccd4ed3950c5f6088be0,507f6d5516afc37def759e7b9434cce471dd122c45d82a83cc8c15c16c820fd8,856e27887e964f013a7af70346168e2ea0502383549a3aef5bc189b6ce046ef3,e7acfb1e790e04f9cfdd2379a459bd81fa44afaae7795241854d6a2fb773409d,3,33,1688352591,161262537,120,3,9,True,post_tail_pre_homogeneous_A0,bffac7c83523a228deec5979e5e58f62f76ab57e33da076d214d5d8f566466a3,True,True,True
3d,R03,instances/3d_difficult/R03.json,92552afac3528d727a778f82e68c485b1a288f58183b8859e39dc505babf3573,f4e6927edd1951aad0bf1acc2ee375b5c0d751778dfefdb4e497566facc043e3,93ccb25d250e76d45943d216671dca6a11f6d50b0a5af6b80ccf81f2a3938fed,856e27887e964f013a7af70346168e2ea0502383549a3aef5bc189b6ce046ef3,b0e5cdeae8ec69eed601ba034c85460604fe2648652899708979ffa163d94ac3,6,37,1177541701,161262537,120,3,9,True,post_tail_pre_homogeneous_A0,0e2975e1b4528dde112c1c603bf4005aba0142fc37afe921f8360f3a97b0ba2f,True,True,True
3d,R04,instances/3d_difficult/R04.json,a072f41263b0f55c7621a57bd21322cc8d5ce6c5907f45eef81bfced2e7a6627,becfc42f5668538d539b35f11bf33de2c791bb963cfc4366c4e208d2d3e6d341,6352aaa4108fe2f2f6fe24655216522e211ee4d2dac12e4efb61d412f2fa1213,856e27887e964f013a7af70346168e2ea0502383549a3aef5bc189b6ce046ef3,b252f01c77b6a72c43521c755ad6164a2e0fd657db2d26bea2a515108d2324db,5,22,1400951998,161262537,120,3,9,True,post_tail_pre_homogeneous_A0,67b38596d97e4ff91df53fefb835d3315cbed25e18511b7076b4ba4fe93892ed,True,True,True
3d,R05,instances/3d_difficult/R05.json,541b745bdba2a065e187d1a05193b454e5524d789605f46573c343cd8f532e32,8e61799fd8311e2fb549b52379c448ed21b77108e93c3a5fabf089107fc67683,2a84a9134c0e3db0a1c9c95c0f8e388abaa991f9b464c8abb083e4588d91e3c7,856e27887e964f013a7af70346168e2ea0502383549a3aef5bc189b6ce046ef3,984e4599ce48a31e8a7e3c991712e70b1441391733e67e46d5a0f0dd4387ad3f,6,30,1775975473,161262537,120,3,9,True,post_tail_pre_homogeneous_A0,6d12500ecbb4a8c96e4ed60cd9069bf80531d7cde48939985de9922660a9c36e,True,True,True
3d,R06,instances/3d_difficult/R06.json,413e70cd8fd1aa9effd49266aacc34e3634e0aae5e342a37c76c15c78ddbcc95,d7b95d2711cd480ab9c2ac2d928127dd5644e466d4fa37bdaae0c57bd9f298e4,374e15c667d3e49a00bdb026dfd8ac01ad193877b0177502ed8c5370a411f0e6,856e27887e964f013a7af70346168e2ea0502383549a3aef5bc189b6ce046ef3,a54ea34a4e2c3cd86c335a2dcfb6fce239cd3877f950479ae3d39fc855dd1fb7,8,9,1373808879,161262537,120,3,9,True,post_tail_pre_homogeneous_A0,8b26f69027b9a7bf1a9ac661c03fd7fbe5e39551ac42ea37555e71ab1f9a98a1,True,True,True
3d,R07,instances/3d_difficult/R07.json,39db42503e68b4042f4691ee2043ec1f1947688e6ece1af91ce03835ceff87f8,4999b63d84a924d5feac1d14c3fcb0a76f929bfaa989166d3b8492208821493d,7be61c9a2c686b87f7b0a24773fb2dfa9b88191df4aebcc8e6d463f8d97553c6,856e27887e964f013a7af70346168e2ea0502383549a3aef5bc189b6ce046ef3,4cf5a6f3f15d10556d06547553140456e2c9b5189c838b002cc0f2b64159b1be,6,4,737168579,161262537,120,3,9,True,post_tail_pre_homogeneous_A0,7b324efe8c42974003b0965b0b3669e714c070a44d011015475f6e418e61ca33,True,True,True
3d,R08,instances/3d_difficult/R08.json,3b5bf3c964905df897d42c0c259a4fa83348c4450d7ff2ab102cd0c5f6ebf141,723c860696741d04044a8de93e250cec53aa5dfc08dff56c73d4c1865700d407,4db88782de4281cf19040d4502d252b3bc870e45b77c656a392354d79196a6f0,856e27887e964f013a7af70346168e2ea0502383549a3aef5bc189b6ce046ef3,0de1d3bfda107b7c6c47e51ec83c68d2a6a6be72d745a2df36b8c99ba8ab5768,5,8,613753789,161262537,120,3,9,True,post_tail_pre_homogeneous_A0,218c3792c3f10ad016b601115bafe9f7d9758b1b031f7c74682e5d77f15591fe,True,True,True
3d,R09,instances/3d_difficult/R09.json,e3d095cc66717c99009ab7e147da5cf08faf11d3c4134851e4094450248b6df5,a5f92480ec00cf2d50761a127bba3b199ad508deadce8956ca86f031ecf6e54d,cc106e034ce71e9c9b8d0d26740a34f42db26c00144a99e61d0822d07a3174dc,856e27887e964f013a7af70346168e2ea0502383549a3aef5bc189b6ce046ef3,627a63a2016db1e6a4d9d6a895bd9205d82e43fbd47296592ec66cba586d85c5,6,22,111087679,161262537,120,3,9,True,post_tail_pre_homogeneous_A0,85a4ac98737b01eac5bfa3435de41a81cfeb0bd6d60a304fbf828b958feeb870,True,True,True
3d,R10,instances/3d_difficult/R10.json,9ed605cd2a11c99604978c78ff9657980dd6cd8ce2cba5e3fea0828de4cbd018,354bd8a64477068eae0389967c8f8663ccc5097a1b4d6832a90ecc5f455abe24,a4b3150f454074a626310a243b81669b0a619d60aa6af9c8e274f1b47c026006,856e27887e964f013a7af70346168e2ea0502383549a3aef5bc189b6ce046ef3,5868192cf84ecb366380fc3b469ea19f227e0ed506986e849508870bf543af2f,9,24,139917572,161262537,120,3,9,True,post_tail_pre_homogeneous_A0,d4a75adb898d910ef4614359abad9e6dcf76d2f39e9de064a4d94a0a6b02c5e0,True,True,True
3d,R11,instances/3d_difficult/R11.json,dd5e36eb7357a5382b043810655a0b9c27d79aec393134c892a6274447a33ba3,4965ef30c37adba6be83d8ff7ca5f34b0c198f87b25e8b116fdd14a69972f929,591ee623c1d4a4d0529a948f59fbb5e4503350ac336feb8c6e210d929e6ac037,856e27887e964f013a7af70346168e2ea0502383549a3aef5bc189b6ce046ef3,a3f38fc8a3a51bd585de41b5117a5c87c8a299e50990818e0e667137c6380687,8,35,956872797,161262537,120,3,9,True,post_tail_pre_homogeneous_A0,2282bf6fa39ad2ab8dce2efed8cbf1af63b5cff881ebf6e368007ebf067d0e25,True,True,True
3d,R12,instances/3d_difficult/R12.json,2840ecf807410911517573f209eec7b80b0980535331f49476fe379b4425e248,0c52dae8cef5d515a2b29cf52c08a9aa9f393ed36d1951854c2f6a8da8bd1456,0389c6b953addeda5044d3bdadeaa897a788dda990d41ba8107fcf0232083662,856e27887e964f013a7af70346168e2ea0502383549a3aef5bc189b6ce046ef3,2bbdf691f9155aaf084906159eead3707e5f1096e009cc51c15f8468a281c64e,7,15,1073283950,161262537,120,3,9,True,post_tail_pre_homogeneous_A0,1a98e68f70248f1cf1dbac97fd03939cfeba3fad47b47b821211638f3a88bee8,True,True,True
3d,R13,instances/3d_difficult/R13.json,28dff04b5e727d0675a996376b26837eac3e49ee332a0f8480c0e09bf80b88dc,1e913c17ff2e508b1c809adeb20a12f1d5d87c1ac8ba24bfb775855e8dad9ad2,a7626cacdde1d78497141df53de4e4ca286facf073ab1dc69afe7b83f0be0237,856e27887e964f013a7af70346168e2ea0502383549a3aef5bc189b6ce046ef3,0cf1ab526fec200ef9423806dddfd17ef299885f26bd5db9a9a192e7d88d9039,10,12,291885126,161262537,120,3,9,True,post_tail_pre_homogeneous_A0,b5a85398e64ebabf2b19d6f1909933d2e8283033948fe81bb5e3c50bbf9b1be9,True,True,True
3d,R14,instances/3d_difficult/R14.json,28408a042887297cc8013e16051c1e98badb5b7f2299dea1c84d4efe8d67dcb4,542540a0a2073f99bb04221db37daabdef6eaa5c74d0be203de0501d3d7d3464,f077b25655a9917a3511439543e2700736d8d723531b3015ca771a93eeb33137,856e27887e964f013a7af70346168e2ea0502383549a3aef5bc189b6ce046ef3,6ff4bebf9221facfc4f6155702ec79e127c43eeda6321e9ec1bce55dbb0cb27d,2,18,590492220,161262537,120,3,9,True,post_tail_pre_homogeneous_A0,54cb79929aff7ffd0cb40fed1160fa969ee83470e47d3bf6fad46157e9cb527a,True,True,True
3d,R15,instances/3d_difficult/R15.json,6bd3673363ea44ca169950040c2e1701717bd8d879996049516f15d20e0a117f,15b4b20e8c665b62759e945e9903c6ee25711b8c898e42bd3bbcf8ba2de410ac,6859c2d41370b17fcb38f48115f33b8ddea7493fef528071234c0ccd2ccaf37c,856e27887e964f013a7af70346168e2ea0502383549a3aef5bc189b6ce046ef3,47b72349dd1a0bce8363e59fe0fff91706d40bd6a6e6afeffda157d1d24ba6b9,1,29,266112162,161262537,120,3,9,True,post_tail_pre_homogeneous_A0,67de08b39958ce9fa42cf710e0ae6469028e238bb243dacf8168142e3ac2248e,True,True,True
3d,R16,instances/3d_difficult/R16.json,f58d8ed77597bad6a33e77ed6c8124a870a46d339f196496047b2784bc2d3fd7,321f909a02012297b66ec8aa174ae7bfa3ccccb8d1a516340a9eabf4ce5b3944,979beaf713dcc204520b77a64ea7c471b91333c221324546a359c6bdd84dc04b,856e27887e964f013a7af70346168e2ea0502383549a3aef5bc189b6ce046ef3,35a00f653a7c22b6431b42029952c3ec2eef55767fe00f53890abfb74a2ec695,7,19,255728784,161262537,120,3,9,True,post_tail_pre_homogeneous_A0,1268278e789ce8e3288602b5481177d46115c98b41d5839494ef96403f6e84e5,True,True,True
3d,R17,instances/3d_difficult/R17.json,c58fd67d0407c0d7ed9f16f50bec77649689cae91fe8ac8c22f43650052e85c5,d90e4a5fe00cf34e256ac20258ae3a260be416745c33194ad731d8f915ca5df8,84e6cda57df47d77de09ea2312cc18a3f5a86e2dc2fc17166eac6b031e183caf,856e27887e964f013a7af70346168e2ea0502383549a3aef5bc189b6ce046ef3,3f4e1b387aaebc526599d30f020b370a31355ccf3ed75183ab1d3a0750acfcbe,6,39,1606396927,161262537,120,3,9,True,post_tail_pre_homogeneous_A0,7dfce4fcc9fb342fe6eaea203af919a490eb0bd58baafbe2b42fd703a7ef1eb6,True,True,True
3d,R18,instances/3d_difficult/R18.json,089f186c53630c4ef5c2215f114559f4e17dd63f14fc45e3e86d848122dc4ff4,18b06c40545a2241fc37b926b994b4ec8459cedbd8bc97c0ba46a5cbf0520c1e,c7a1026e8144a9ce21bad55dc703854f2bc091b8b483d679fd701985469c3574,856e27887e964f013a7af70346168e2ea0502383549a3aef5bc189b6ce046ef3,f1e11b89ac5dce46ad7c5a03960229675040c8f5e1c98be2911674966a4da65c,8,8,1693395944,161262537,120,3,9,True,post_tail_pre_homogeneous_A0,ef629a548d36310a17bc9ba57aa7ec2ad18e331e317025c584f55810e349b24b,True,True,True
3d,R19,instances/3d_difficult/R19.json,506a6c97547fc8d789fa79160ec51e767637a8f321ddfb58085b3d542ada7d99,dba0013e52c77ec1fde9f092b5400986d4905bf01c9a3d5100423301a9bb8a24,5ec7e21bddb8a9beeb79021ed0d58b8e31f6fd469dd5e65bd51c98c60e9a9e1a,856e27887e964f013a7af70346168e2ea0502383549a3aef5bc189b6ce046ef3,1c369c5538f5eeb7a4400453395bfcdba29754ae7723a399d8fed8d1cecdf813,3,28,1260140335,161262537,120,3,9,True,post_tail_pre_homogeneous_A0,386c107ba3519312b616187965917ed4a0c38c01d3fa194f082eeabc743e3763,True,True,True
3d,R20,instances/3d_difficult/R20.json,48ae9c4c3fb45b4191c110e16cc2de398b58854700e8ffb921716c9926fb544c,39dd4d611aa9ae1995d624573d89601789c8d6a4aa504a97f44e6dd66a0eca36,18daefb7b8ddd9954eae7b1b32aeba61125dd09cfa78d878065b01cbd5c6fde9,856e27887e964f013a7af70346168e2ea0502383549a3aef5bc189b6ce046ef3,e70534df2c40b8ce1a7612a2f1e227928ad2284fa716d9e75acec349aa157382,1,24,1155653964,161262537,120,3,9,True,post_tail_pre_homogeneous_A0,0a100f2f2bb94c456ca3e93941f37accd5c3fb4a268aa525e6f1ee3439e7fc0a,True,True,True
