instance_id,q,P,method,method_internal,job_id,reported_lower_bound,reported_upper_bound,reported_absolute_gap,reported_relative_gap,reported_gap_percent,runtime_sec,residual,stop_reason,absolute_gap_note,runtime_semantics,effective_time_limit_sec,budget_source_field,first_hit_checkpoint_time_sec,first_hit_checkpoint_rel_gap,first_hit_stop_time_sec,first_hit_stop_rel_gap,source_file,source_data_row,config,instance_payload_sha256,original_source_file
R01,3,120,Gurobi,gurobi,3d_R01_gurobi,-25131.689517867086,-24508.804690568075,,0.025414737077680525,2.5414737077680525,1800.1529998779297,3.3333334981122675e-09,TIME_LIMIT,UB-LB; not an independent source CSV field,runtime,1800.0,baseline_time_limit,nan,nan,nan,nan,results/source_summaries/3d/R01/Gurobi.csv,1,configs/3d/R01/gurobi.json,e09882924009749a27450c583934b2142e1ad8503d44c2cc435f602d934c0a4c,仿真文件(1).zip!/仿真文件/Study2_3D_Difficult.zip!/Study2_3D_Difficult/R01_F08_C39_S813017037/Gurobi/gurobi_summary.csv
R01,3,120,RD-ALM,p2,3d_R01_p2,-25394.32143347709,-24508.804686140757,885.5167473363326,0.036130556290942854,3.6130556290942852,1799.905123500037,0.0,OUTER_TIME_LIMIT,"source field, unchanged",p2_certified_total_time_sec,1800.0,outer_time_limit,,,,,results/source_summaries/3d/R01/RD_ALM.csv,1,configs/3d/R01/p2.json,e09882924009749a27450c583934b2142e1ad8503d44c2cc435f602d934c0a4c,仿真文件(1).zip!/仿真文件/Study2_3D_Difficult.zip!/Study2_3D_Difficult/R01_F08_C39_S813017037/RD-ALM/p2_summary.csv
R01,3,120,SCP-ALM,p1,3d_R01_p1,-24529.68704859374,-24508.804686140757,20.882362452983216,0.00085203512453595,0.085203512453595,1771.9302379,0.0,OUTER_TIME_LIMIT_AFTER_0P1_CHECKPOINT,"source field, unchanged",total_time_sec,1800.0,outer_time_limit,441.31813859997783,0.00085203512453595,nan,nan,results/source_summaries/3d/R01/SCP_ALM.csv,1,configs/3d/R01/p1.json,e09882924009749a27450c583934b2142e1ad8503d44c2cc435f602d934c0a4c,仿真文件(1).zip!/仿真文件/Study2_3D_Difficult.zip!/Study2_3D_Difficult/R01_F08_C39_S813017037/SCP-ALM/p1_summary.csv
R01,3,120,SCP-LR,p1_norho,3d_R01_p1_norho,-47506.572042542095,-24508.804686140757,22997.76735640134,0.9383471634341319,93.83471634341319,1796.8071522000246,0.0,OUTER_TIME_LIMIT_NO_0P1_CHECKPOINT,"source field, unchanged",total_time_sec,1800.0,outer_time_limit,nan,nan,nan,nan,results/source_summaries/3d/R01/SCP_LR.csv,1,configs/3d/R01/p1_norho.json,e09882924009749a27450c583934b2142e1ad8503d44c2cc435f602d934c0a4c,仿真文件(1).zip!/仿真文件/Study2_3D_Difficult.zip!/Study2_3D_Difficult/R01_F08_C39_S813017037/SCP-LR/p1_norho_summary.csv
R02,3,120,Gurobi,gurobi,3d_R02_gurobi,-25239.96471422544,-24438.24272473206,,0.03280604086487854,3.2806040864878536,1800.090000152588,0.0,TIME_LIMIT,UB-LB; not an independent source CSV field,runtime,1800.0,baseline_time_limit,nan,nan,nan,nan,results/source_summaries/3d/R02/Gurobi.csv,1,configs/3d/R02/gurobi.json,bc1b4ed608f5c14b0a51389dcce5319bf5d9405170d60d5c3f18c15ad5337871,仿真文件(1).zip!/仿真文件/Study2_3D_Difficult.zip!/Study2_3D_Difficult/R02_F03_C33_S1688352591/Gurobi/gurobi_summary.csv
R02,3,120,RD-ALM,p2,3d_R02_p2,-25073.64281003711,-24294.612013804133,779.0307962329753,0.03206599042579202,3.206599042579202,1799.9036012999713,0.0,OUTER_TIME_LIMIT,"source field, unchanged",p2_certified_total_time_sec,1800.0,outer_time_limit,,,,,results/source_summaries/3d/R02/RD_ALM.csv,1,configs/3d/R02/p2.json,bc1b4ed608f5c14b0a51389dcce5319bf5d9405170d60d5c3f18c15ad5337871,仿真文件(1).zip!/仿真文件/Study2_3D_Difficult.zip!/Study2_3D_Difficult/R02_F03_C33_S1688352591/RD-ALM/p2_summary.csv
R02,3,120,SCP-ALM,p1,3d_R02_p1,-24442.590126012125,-24438.242724732056,4.34740128006888,0.00017789336692646936,0.017789336692646936,311.49672930000816,0.0,HISTORICAL_AUDITED_CERT_TARGET_0P05,"source field, unchanged",total_time_sec,1800.0,outer_time_limit,311.4929364999989,0.00017789336692646936,311.4929364999989,0.00017789336692646936,results/source_summaries/3d/R02/SCP_ALM.csv,1,configs/3d/R02/p1.json,bc1b4ed608f5c14b0a51389dcce5319bf5d9405170d60d5c3f18c15ad5337871,仿真文件(1).zip!/仿真文件/Study2_3D_Difficult.zip!/Study2_3D_Difficult/R02_F03_C33_S1688352591/SCP-ALM/p1_summary.csv
R02,3,120,SCP-LR,p1_norho,3d_R02_p1_norho,-52970.490399089795,-24438.24272473206,28532.247674357735,1.1675245227629418,116.75245227629418,1796.2464548000135,0.0,OUTER_TIME_LIMIT_NO_0P1_CHECKPOINT,"source field, unchanged",total_time_sec,1800.0,outer_time_limit,nan,nan,nan,nan,results/source_summaries/3d/R02/SCP_LR.csv,1,configs/3d/R02/p1_norho.json,bc1b4ed608f5c14b0a51389dcce5319bf5d9405170d60d5c3f18c15ad5337871,仿真文件(1).zip!/仿真文件/Study2_3D_Difficult.zip!/Study2_3D_Difficult/R02_F03_C33_S1688352591/SCP-LR/p1_norho_summary.csv
R03,3,120,Gurobi,gurobi,3d_R03_gurobi,-27329.189898014727,-26440.230729152267,,0.03362146034082519,3.362146034082519,1800.055999994278,7.796324155151524e-07,TIME_LIMIT,UB-LB; not an independent source CSV field,runtime,1800.0,baseline_time_limit,nan,nan,nan,nan,results/source_summaries/3d/R03/Gurobi.csv,1,configs/3d/R03/gurobi.json,92552afac3528d727a778f82e68c485b1a288f58183b8859e39dc505babf3573,仿真文件(1).zip!/仿真文件/Study2_3D_Difficult.zip!/Study2_3D_Difficult/R03_F06_C37_S1177541701/Gurobi/gurobi_summary.csv
R03,3,120,RD-ALM,p2,3d_R03_p2,-27848.669310007906,-26440.23072915226,1408.4385808556472,0.0532687704310667,5.32687704310667,1799.9250708000036,0.0,OUTER_TIME_LIMIT,"source field, unchanged",p2_certified_total_time_sec,1800.0,outer_time_limit,,,,,results/source_summaries/3d/R03/RD_ALM.csv,1,configs/3d/R03/p2.json,92552afac3528d727a778f82e68c485b1a288f58183b8859e39dc505babf3573,仿真文件(1).zip!/仿真文件/Study2_3D_Difficult.zip!/Study2_3D_Difficult/R03_F06_C37_S1177541701/RD-ALM/p2_summary.csv
R03,3,120,SCP-ALM,p1,3d_R03_p1,-26521.944941022,-26519.785769108337,2.159171913663158,8.141739652279834e-05,0.008141739652279835,711.0831268999027,0.0,HISTORICAL_AUDITED_CERT_TARGET_0P05,"source field, unchanged",total_time_sec,1800.0,outer_time_limit,691.4856951999245,8.141739652279834e-05,691.4856951999245,8.141739652279834e-05,results/source_summaries/3d/R03/SCP_ALM.csv,1,configs/3d/R03/p1.json,92552afac3528d727a778f82e68c485b1a288f58183b8859e39dc505babf3573,仿真文件(1).zip!/仿真文件/Study2_3D_Difficult.zip!/Study2_3D_Difficult/R03_F06_C37_S1177541701/SCP-ALM/p1_summary.csv
R03,3,120,SCP-LR,p1_norho,3d_R03_p1_norho,-68425.41736311071,-26519.785769108337,41905.63159400238,1.5801647856000518,158.01647856000517,1797.7396673000185,0.0,OUTER_TIME_LIMIT_NO_0P1_CHECKPOINT,"source field, unchanged",total_time_sec,1800.0,outer_time_limit,nan,nan,nan,nan,results/source_summaries/3d/R03/SCP_LR.csv,1,configs/3d/R03/p1_norho.json,92552afac3528d727a778f82e68c485b1a288f58183b8859e39dc505babf3573,仿真文件(1).zip!/仿真文件/Study2_3D_Difficult.zip!/Study2_3D_Difficult/R03_F06_C37_S1177541701/SCP-LR/p1_norho_summary.csv
R04,3,120,Gurobi,gurobi,3d_R04_gurobi,-27927.610732064484,-27117.6182981519,,0.02986960082581385,2.986960082581385,1800.0859999656677,0.0,TIME_LIMIT,UB-LB; not an independent source CSV field,runtime,1800.0,baseline_time_limit,nan,nan,nan,nan,results/source_summaries/3d/R04/Gurobi.csv,1,configs/3d/R04/gurobi.json,a072f41263b0f55c7621a57bd21322cc8d5ce6c5907f45eef81bfced2e7a6627,仿真文件(1).zip!/仿真文件/Study2_3D_Difficult.zip!/Study2_3D_Difficult/R04_F05_C22_S1400951998/Gurobi/gurobi_summary.csv
R04,3,120,RD-ALM,p2,3d_R04_p2,-28513.971458717286,-27052.716670513095,1461.2547882041908,0.054015084917402346,5.401508491740235,1799.9040221000323,0.0,OUTER_TIME_LIMIT,"source field, unchanged",p2_certified_total_time_sec,1800.0,outer_time_limit,,,,,results/source_summaries/3d/R04/RD_ALM.csv,1,configs/3d/R04/p2.json,a072f41263b0f55c7621a57bd21322cc8d5ce6c5907f45eef81bfced2e7a6627,仿真文件(1).zip!/仿真文件/Study2_3D_Difficult.zip!/Study2_3D_Difficult/R04_F05_C22_S1400951998/RD-ALM/p2_summary.csv
R04,3,120,SCP-ALM,p1,3d_R04_p1,-27118.72552569239,-27117.61829815191,1.1072275404803804,4.08305599815836e-05,0.00408305599815836,1762.4896705999272,0.0,HISTORICAL_AUDITED_CERT_TARGET_0P05,"source field, unchanged",total_time_sec,1800.0,outer_time_limit,1669.023605399998,0.0005949084297245885,1762.4795348999323,4.08305599815836e-05,results/source_summaries/3d/R04/SCP_ALM.csv,1,configs/3d/R04/p1.json,a072f41263b0f55c7621a57bd21322cc8d5ce6c5907f45eef81bfced2e7a6627,仿真文件(1).zip!/仿真文件/Study2_3D_Difficult.zip!/Study2_3D_Difficult/R04_F05_C22_S1400951998/SCP-ALM/p1_summary.csv
R04,3,120,SCP-LR,p1_norho,3d_R04_p1_norho,-57497.92922640113,-27117.61829815191,30380.310928249222,1.1203163417312232,112.03163417312231,1800.583225899958,0.0,OUTER_TIME_LIMIT_NO_0P1_CHECKPOINT,"source field, unchanged",total_time_sec,1800.0,outer_time_limit,nan,nan,nan,nan,results/source_summaries/3d/R04/SCP_LR.csv,1,configs/3d/R04/p1_norho.json,a072f41263b0f55c7621a57bd21322cc8d5ce6c5907f45eef81bfced2e7a6627,仿真文件(1).zip!/仿真文件/Study2_3D_Difficult.zip!/Study2_3D_Difficult/R04_F05_C22_S1400951998/SCP-LR/p1_norho_summary.csv
R05,3,120,Gurobi,gurobi,3d_R05_gurobi,-25084.020011840297,-24329.41697124461,,0.0310160757854398,3.1016075785439803,1800.0439999103546,0.0,TIME_LIMIT,UB-LB; not an independent source CSV field,runtime,1800.0,baseline_time_limit,nan,nan,nan,nan,results/source_summaries/3d/R05/Gurobi.csv,1,configs/3d/R05/gurobi.json,541b745bdba2a065e187d1a05193b454e5524d789605f46573c343cd8f532e32,仿真文件(1).zip!/仿真文件/Study2_3D_Difficult.zip!/Study2_3D_Difficult/R05_F06_C30_S1775975473/Gurobi/gurobi_summary.csv
R05,3,120,RD-ALM,p2,3d_R05_p2,-25611.53358022106,-24156.853904697673,1454.6796755233881,0.060218093020817716,6.021809302081771,1799.9022790999152,0.0,OUTER_TIME_LIMIT,"source field, unchanged",p2_certified_total_time_sec,1800.0,outer_time_limit,,,,,results/source_summaries/3d/R05/RD_ALM.csv,1,configs/3d/R05/p2.json,541b745bdba2a065e187d1a05193b454e5524d789605f46573c343cd8f532e32,仿真文件(1).zip!/仿真文件/Study2_3D_Difficult.zip!/Study2_3D_Difficult/R05_F06_C30_S1775975473/RD-ALM/p2_summary.csv
R05,3,120,SCP-ALM,p1,3d_R05_p1,-24472.38394389656,-24467.421877505476,4.962066391082772,0.00020280299313613946,0.020280299313613945,483.7594137999695,0.0,HISTORICAL_AUDITED_CERT_TARGET_0P05,"source field, unchanged",total_time_sec,1800.0,outer_time_limit,483.7533072999213,0.00020280299313613946,483.7533072999213,0.00020280299313613946,results/source_summaries/3d/R05/SCP_ALM.csv,1,configs/3d/R05/p1.json,541b745bdba2a065e187d1a05193b454e5524d789605f46573c343cd8f532e32,仿真文件(1).zip!/仿真文件/Study2_3D_Difficult.zip!/Study2_3D_Difficult/R05_F06_C30_S1775975473/SCP-ALM/p1_summary.csv
R05,3,120,SCP-LR,p1_norho,3d_R05_p1_norho,-59926.47678149237,-24467.421877505476,35459.05490398689,1.4492354397414773,144.92354397414772,1796.154916800093,0.0,OUTER_TIME_LIMIT_NO_0P1_CHECKPOINT,"source field, unchanged",total_time_sec,1800.0,outer_time_limit,nan,nan,nan,nan,results/source_summaries/3d/R05/SCP_LR.csv,1,configs/3d/R05/p1_norho.json,541b745bdba2a065e187d1a05193b454e5524d789605f46573c343cd8f532e32,仿真文件(1).zip!/仿真文件/Study2_3D_Difficult.zip!/Study2_3D_Difficult/R05_F06_C30_S1775975473/SCP-LR/p1_norho_summary.csv
R06,3,120,Gurobi,gurobi,3d_R06_gurobi,-28312.49119350147,-27831.830329429606,,0.01727018519380708,1.727018519380708,1800.026999950409,0.0,TIME_LIMIT,UB-LB; not an independent source CSV field,runtime,1800.0,baseline_time_limit,nan,nan,nan,nan,results/source_summaries/3d/R06/Gurobi.csv,1,configs/3d/R06/gurobi.json,413e70cd8fd1aa9effd49266aacc34e3634e0aae5e342a37c76c15c78ddbcc95,仿真文件(1).zip!/仿真文件/Study2_3D_Difficult.zip!/Study2_3D_Difficult/R06_F08_C09_S1373808879/Gurobi/gurobi_summary.csv
R06,3,120,RD-ALM,p2,3d_R06_p2,-29630.86252522363,-27538.137088475614,2092.7254367480164,0.07599371845758576,7.599371845758577,1799.902311899932,0.0,OUTER_TIME_LIMIT,"source field, unchanged",p2_certified_total_time_sec,1800.0,outer_time_limit,,,,,results/source_summaries/3d/R06/RD_ALM.csv,1,configs/3d/R06/p2.json,413e70cd8fd1aa9effd49266aacc34e3634e0aae5e342a37c76c15c78ddbcc95,仿真文件(1).zip!/仿真文件/Study2_3D_Difficult.zip!/Study2_3D_Difficult/R06_F08_C09_S1373808879/RD-ALM/p2_summary.csv
R06,3,120,SCP-ALM,p1,3d_R06_p1,-27832.66496796353,-27831.8303294296,0.8346385339318658,2.99886325855225e-05,0.00299886325855225,891.0917437000899,0.0,HISTORICAL_AUDITED_CERT_TARGET_0P05,"source field, unchanged",total_time_sec,1800.0,outer_time_limit,817.0539691000013,0.0006051237991225951,891.085510200006,2.99886325855225e-05,results/source_summaries/3d/R06/SCP_ALM.csv,1,configs/3d/R06/p1.json,413e70cd8fd1aa9effd49266aacc34e3634e0aae5e342a37c76c15c78ddbcc95,仿真文件(1).zip!/仿真文件/Study2_3D_Difficult.zip!/Study2_3D_Difficult/R06_F08_C09_S1373808879/SCP-ALM/p1_summary.csv
R06,3,120,SCP-LR,p1_norho,3d_R06_p1_norho,-55304.396595405175,-27538.137088475614,27766.25950692956,1.008283872569921,100.8283872569921,1806.793348499923,0.0,OUTER_TIME_LIMIT_NO_0P1_CHECKPOINT,"source field, unchanged",total_time_sec,1800.0,outer_time_limit,nan,nan,nan,nan,results/source_summaries/3d/R06/SCP_LR.csv,1,configs/3d/R06/p1_norho.json,413e70cd8fd1aa9effd49266aacc34e3634e0aae5e342a37c76c15c78ddbcc95,仿真文件(1).zip!/仿真文件/Study2_3D_Difficult.zip!/Study2_3D_Difficult/R06_F08_C09_S1373808879/SCP-LR/p1_norho_summary.csv
R07,3,120,Gurobi,gurobi,3d_R07_gurobi,-27676.18924901592,-26889.682194982168,,0.029249399391582234,2.9249399391582234,1800.0520000457764,0.0,TIME_LIMIT,UB-LB; not an independent source CSV field,runtime,1800.0,baseline_time_limit,nan,nan,nan,nan,results/source_summaries/3d/R07/Gurobi.csv,1,configs/3d/R07/gurobi.json,39db42503e68b4042f4691ee2043ec1f1947688e6ece1af91ce03835ceff87f8,仿真文件(1).zip!/仿真文件/Study2_3D_Difficult.zip!/Study2_3D_Difficult/R07_F06_C04_S737168579/Gurobi/gurobi_summary.csv
R07,3,120,RD-ALM,p2,3d_R07_p2,-29479.808101547103,-26968.374449497966,2511.433652049138,0.09312514021755916,9.312514021755916,1799.9031009000028,0.0,OUTER_TIME_LIMIT,"source field, unchanged",p2_certified_total_time_sec,1800.0,outer_time_limit,,,,,results/source_summaries/3d/R07/RD_ALM.csv,1,configs/3d/R07/p2.json,39db42503e68b4042f4691ee2043ec1f1947688e6ece1af91ce03835ceff87f8,仿真文件(1).zip!/仿真文件/Study2_3D_Difficult.zip!/Study2_3D_Difficult/R07_F06_C04_S737168579/RD-ALM/p2_summary.csv
R07,3,120,SCP-ALM,p1,3d_R07_p1,-27266.910972125614,-26968.374449497966,298.5365226276481,0.011069874574261021,1.106987457426102,1740.1624360999558,0.0,OUTER_TIME_LIMIT_NO_0P1_CHECKPOINT,"source field, unchanged",total_time_sec,1800.0,outer_time_limit,nan,nan,nan,nan,results/source_summaries/3d/R07/SCP_ALM.csv,1,configs/3d/R07/p1.json,39db42503e68b4042f4691ee2043ec1f1947688e6ece1af91ce03835ceff87f8,仿真文件(1).zip!/仿真文件/Study2_3D_Difficult.zip!/Study2_3D_Difficult/R07_F06_C04_S737168579/SCP-ALM/p1_summary.csv
R07,3,120,SCP-LR,p1_norho,3d_R07_p1_norho,-63527.279703388405,-26968.374449497966,36558.905253890436,1.3556213898747242,135.56213898747242,1786.7563446999993,0.0,OUTER_TIME_LIMIT_NO_0P1_CHECKPOINT,"source field, unchanged",total_time_sec,1800.0,outer_time_limit,nan,nan,nan,nan,results/source_summaries/3d/R07/SCP_LR.csv,1,configs/3d/R07/p1_norho.json,39db42503e68b4042f4691ee2043ec1f1947688e6ece1af91ce03835ceff87f8,仿真文件(1).zip!/仿真文件/Study2_3D_Difficult.zip!/Study2_3D_Difficult/R07_F06_C04_S737168579/SCP-LR/p1_norho_summary.csv
R08,3,120,Gurobi,gurobi,3d_R08_gurobi,-24084.428443991826,-23476.660895967725,,0.025888159765023892,2.588815976502389,1800.0910000801086,0.0,TIME_LIMIT,UB-LB; not an independent source CSV field,runtime,1800.0,baseline_time_limit,nan,nan,nan,nan,results/source_summaries/3d/R08/Gurobi.csv,1,configs/3d/R08/gurobi.json,3b5bf3c964905df897d42c0c259a4fa83348c4450d7ff2ab102cd0c5f6ebf141,仿真文件(1).zip!/仿真文件/Study2_3D_Difficult.zip!/Study2_3D_Difficult/R08_F05_C08_S613753789/Gurobi/gurobi_summary.csv
R08,3,120,RD-ALM,p2,3d_R08_p2,-25452.58394311929,-23428.267782327508,2024.3161607917827,0.08640485842144813,8.640485842144813,1799.9001409000484,0.0,OUTER_TIME_LIMIT,"source field, unchanged",p2_certified_total_time_sec,1800.0,outer_time_limit,,,,,results/source_summaries/3d/R08/RD_ALM.csv,1,configs/3d/R08/p2.json,3b5bf3c964905df897d42c0c259a4fa83348c4450d7ff2ab102cd0c5f6ebf141,仿真文件(1).zip!/仿真文件/Study2_3D_Difficult.zip!/Study2_3D_Difficult/R08_F05_C08_S613753789/RD-ALM/p2_summary.csv
R08,3,120,SCP-ALM,p1,3d_R08_p1,-23644.096079501236,-23476.58742813019,167.50865137104483,0.007135136309050271,0.7135136309050271,1799.7605419999454,8.640199666842818e-12,OUTER_TIME_LIMIT_NO_0P1_CHECKPOINT,"source field, unchanged",total_time_sec,1800.0,outer_time_limit,nan,nan,nan,nan,results/source_summaries/3d/R08/SCP_ALM.csv,1,configs/3d/R08/p1.json,3b5bf3c964905df897d42c0c259a4fa83348c4450d7ff2ab102cd0c5f6ebf141,仿真文件(1).zip!/仿真文件/Study2_3D_Difficult.zip!/Study2_3D_Difficult/R08_F05_C08_S613753789/SCP-ALM/p1_summary.csv
R08,3,120,SCP-LR,p1_norho,3d_R08_p1_norho,-60404.2825197189,-23476.572007078845,36927.71051264006,1.57296007702936,157.29600770293598,1791.6391459000297,0.0,OUTER_TIME_LIMIT_NO_0P1_CHECKPOINT,"source field, unchanged",total_time_sec,1800.0,outer_time_limit,nan,nan,nan,nan,results/source_summaries/3d/R08/SCP_LR.csv,1,configs/3d/R08/p1_norho.json,3b5bf3c964905df897d42c0c259a4fa83348c4450d7ff2ab102cd0c5f6ebf141,仿真文件(1).zip!/仿真文件/Study2_3D_Difficult.zip!/Study2_3D_Difficult/R08_F05_C08_S613753789/SCP-LR/p1_norho_summary.csv
R09,3,120,Gurobi,gurobi,3d_R09_gurobi,-25761.428540746903,-25077.335255715556,,0.02727934519579511,2.727934519579511,1800.0620000362396,4.055554336801492e-09,TIME_LIMIT,UB-LB; not an independent source CSV field,runtime,1800.0,baseline_time_limit,nan,nan,nan,nan,results/source_summaries/3d/R09/Gurobi.csv,1,configs/3d/R09/gurobi.json,e3d095cc66717c99009ab7e147da5cf08faf11d3c4134851e4094450248b6df5,仿真文件(1).zip!/仿真文件/Study2_3D_Difficult.zip!/Study2_3D_Difficult/R09_F06_C22_S111087679/Gurobi/gurobi_summary.csv
R09,3,120,RD-ALM,p2,3d_R09_p2,-26604.401416631903,-24708.47770158611,1895.923715045792,0.0767317087658576,7.673170876585759,1799.90415940003,0.0,OUTER_TIME_LIMIT,"source field, unchanged",p2_certified_total_time_sec,1800.0,outer_time_limit,,,,,results/source_summaries/3d/R09/RD_ALM.csv,1,configs/3d/R09/p2.json,e3d095cc66717c99009ab7e147da5cf08faf11d3c4134851e4094450248b6df5,仿真文件(1).zip!/仿真文件/Study2_3D_Difficult.zip!/Study2_3D_Difficult/R09_F06_C22_S111087679/RD-ALM/p2_summary.csv
R09,3,120,SCP-ALM,p1,3d_R09_p1,-25234.33399306354,-25123.420823849436,110.91316921410544,0.0044147319742706605,0.44147319742706603,1799.7582184999483,0.0,OUTER_TIME_LIMIT_NO_0P1_CHECKPOINT,"source field, unchanged",total_time_sec,1800.0,outer_time_limit,nan,nan,nan,nan,results/source_summaries/3d/R09/SCP_ALM.csv,1,configs/3d/R09/p1.json,e3d095cc66717c99009ab7e147da5cf08faf11d3c4134851e4094450248b6df5,仿真文件(1).zip!/仿真文件/Study2_3D_Difficult.zip!/Study2_3D_Difficult/R09_F06_C22_S111087679/SCP-ALM/p1_summary.csv
R09,3,120,SCP-LR,p1_norho,3d_R09_p1_norho,-62621.37365297013,-25123.420823849436,37497.952829120695,1.4925496448924753,149.25496448924753,1792.8822844000533,0.0,OUTER_TIME_LIMIT_NO_0P1_CHECKPOINT,"source field, unchanged",total_time_sec,1800.0,outer_time_limit,nan,nan,nan,nan,results/source_summaries/3d/R09/SCP_LR.csv,1,configs/3d/R09/p1_norho.json,e3d095cc66717c99009ab7e147da5cf08faf11d3c4134851e4094450248b6df5,仿真文件(1).zip!/仿真文件/Study2_3D_Difficult.zip!/Study2_3D_Difficult/R09_F06_C22_S111087679/SCP-LR/p1_norho_summary.csv
R10,3,120,Gurobi,gurobi,3d_R10_gurobi,-26778.274714657993,-26072.479294055996,,0.02707051418630924,2.707051418630924,1800.0699999332428,0.0,TIME_LIMIT,UB-LB; not an independent source CSV field,runtime,1800.0,baseline_time_limit,nan,nan,nan,nan,results/source_summaries/3d/R10/Gurobi.csv,1,configs/3d/R10/gurobi.json,9ed605cd2a11c99604978c78ff9657980dd6cd8ce2cba5e3fea0828de4cbd018,仿真文件(1).zip!/仿真文件/Study2_3D_Difficult.zip!/Study2_3D_Difficult/R10_F09_C24_S139917572/Gurobi/gurobi_summary.csv
R10,3,120,RD-ALM,p2,3d_R10_p2,-27209.577119508966,-26188.36464897643,1021.2124705325368,0.038994892740370136,3.8994892740370135,1799.926629099995,0.0,OUTER_TIME_LIMIT,"source field, unchanged",p2_certified_total_time_sec,1800.0,outer_time_limit,,,,,results/source_summaries/3d/R10/RD_ALM.csv,1,configs/3d/R10/p2.json,9ed605cd2a11c99604978c78ff9657980dd6cd8ce2cba5e3fea0828de4cbd018,仿真文件(1).zip!/仿真文件/Study2_3D_Difficult.zip!/Study2_3D_Difficult/R10_F09_C24_S139917572/RD-ALM/p2_summary.csv
R10,3,120,SCP-ALM,p1,3d_R10_p1,-26208.899006330455,-26188.364648976425,20.534357354030362,0.0007841023152559834,0.07841023152559834,1766.0455107999733,0.0,OUTER_TIME_LIMIT_AFTER_0P1_CHECKPOINT,"source field, unchanged",total_time_sec,1800.0,outer_time_limit,481.9723953999346,0.0007841023152559834,nan,nan,results/source_summaries/3d/R10/SCP_ALM.csv,1,configs/3d/R10/p1.json,9ed605cd2a11c99604978c78ff9657980dd6cd8ce2cba5e3fea0828de4cbd018,仿真文件(1).zip!/仿真文件/Study2_3D_Difficult.zip!/Study2_3D_Difficult/R10_F09_C24_S139917572/SCP-ALM/p1_summary.csv
R10,3,120,SCP-LR,p1_norho,3d_R10_p1_norho,-58314.14165099835,-25123.30705274422,33190.83459825412,1.3211172608993242,132.11172608993243,1794.7689085000893,0.0,OUTER_TIME_LIMIT_NO_0P1_CHECKPOINT,"source field, unchanged",total_time_sec,1800.0,outer_time_limit,nan,nan,nan,nan,results/source_summaries/3d/R10/SCP_LR.csv,1,configs/3d/R10/p1_norho.json,9ed605cd2a11c99604978c78ff9657980dd6cd8ce2cba5e3fea0828de4cbd018,仿真文件(1).zip!/仿真文件/Study2_3D_Difficult.zip!/Study2_3D_Difficult/R10_F09_C24_S139917572/SCP-LR/p1_norho_summary.csv
R11,3,120,Gurobi,gurobi,3d_R11_gurobi,-26007.14707809677,-25331.092777096423,,0.026688714417074526,2.6688714417074526,1800.1970000267029,0.0,TIME_LIMIT,UB-LB; not an independent source CSV field,runtime,1800.0,baseline_time_limit,nan,nan,nan,nan,results/source_summaries/3d/R11/Gurobi.csv,1,configs/3d/R11/gurobi.json,dd5e36eb7357a5382b043810655a0b9c27d79aec393134c892a6274447a33ba3,仿真文件(1).zip!/仿真文件/Study2_3D_Difficult.zip!/Study2_3D_Difficult/R11_F08_C35_S956872797/Gurobi/gurobi_summary.csv
R11,3,120,RD-ALM,p2,3d_R11_p2,-26284.782797318374,-25442.86818358587,841.9146137325042,0.03309039718547354,3.309039718547354,1799.9019265000243,0.0,OUTER_TIME_LIMIT,"source field, unchanged",p2_certified_total_time_sec,1800.0,outer_time_limit,,,,,results/source_summaries/3d/R11/RD_ALM.csv,1,configs/3d/R11/p2.json,dd5e36eb7357a5382b043810655a0b9c27d79aec393134c892a6274447a33ba3,仿真文件(1).zip!/仿真文件/Study2_3D_Difficult.zip!/Study2_3D_Difficult/R11_F08_C35_S956872797/RD-ALM/p2_summary.csv
R11,3,120,SCP-ALM,p1,3d_R11_p1,-25443.00299375648,-25442.86818358587,0.13481017060985323,5.298544552332517e-06,0.0005298544552332518,551.9224399999948,0.0,HISTORICAL_AUDITED_CERT_TARGET_0P05,"source field, unchanged",total_time_sec,1800.0,outer_time_limit,534.5787310000742,5.298544552332517e-06,534.5787310000742,5.298544552332517e-06,results/source_summaries/3d/R11/SCP_ALM.csv,1,configs/3d/R11/p1.json,dd5e36eb7357a5382b043810655a0b9c27d79aec393134c892a6274447a33ba3,仿真文件(1).zip!/仿真文件/Study2_3D_Difficult.zip!/Study2_3D_Difficult/R11_F08_C35_S956872797/SCP-ALM/p1_summary.csv
R11,3,120,SCP-LR,p1_norho,3d_R11_p1_norho,-44583.67635645706,-25442.86818358587,19140.808172871188,0.7523054411459643,75.23054411459643,1796.1082273999928,0.0,OUTER_TIME_LIMIT_NO_0P1_CHECKPOINT,"source field, unchanged",total_time_sec,1800.0,outer_time_limit,nan,nan,nan,nan,results/source_summaries/3d/R11/SCP_LR.csv,1,configs/3d/R11/p1_norho.json,dd5e36eb7357a5382b043810655a0b9c27d79aec393134c892a6274447a33ba3,仿真文件(1).zip!/仿真文件/Study2_3D_Difficult.zip!/Study2_3D_Difficult/R11_F08_C35_S956872797/SCP-LR/p1_norho_summary.csv
R12,3,120,Gurobi,gurobi,3d_R12_gurobi,-22232.98671400828,-21741.842386563017,,0.022589820987240727,2.2589820987240725,1800.1449999809265,0.0,TIME_LIMIT,UB-LB; not an independent source CSV field,runtime,1800.0,baseline_time_limit,nan,nan,nan,nan,results/source_summaries/3d/R12/Gurobi.csv,1,configs/3d/R12/gurobi.json,2840ecf807410911517573f209eec7b80b0980535331f49476fe379b4425e248,仿真文件(1).zip!/仿真文件/Study2_3D_Difficult.zip!/Study2_3D_Difficult/R12_F07_C15_S1073283950/Gurobi/gurobi_summary.csv
R12,3,120,RD-ALM,p2,3d_R12_p2,-22434.7646329122,-21717.21736997035,717.5472629418509,0.03304047893051183,3.3040478930511834,1799.900070099975,0.0,OUTER_TIME_LIMIT,"source field, unchanged",p2_certified_total_time_sec,1800.0,outer_time_limit,,,,,results/source_summaries/3d/R12/RD_ALM.csv,1,configs/3d/R12/p2.json,2840ecf807410911517573f209eec7b80b0980535331f49476fe379b4425e248,仿真文件(1).zip!/仿真文件/Study2_3D_Difficult.zip!/Study2_3D_Difficult/R12_F07_C15_S1073283950/RD-ALM/p2_summary.csv
R12,3,120,SCP-ALM,p1,3d_R12_p1,-21741.956012871316,-21741.842386563017,0.1136263082989899,5.226158219655465e-06,0.0005226158219655464,261.68909479992,0.0,UNIFIED_EPS_SOLUTION_WITH_CASE_C,"source field, unchanged",total_time_sec,1800.0,outer_time_limit,nan,nan,nan,nan,results/source_summaries/3d/R12/SCP_ALM.csv,1,configs/3d/R12/p1.json,2840ecf807410911517573f209eec7b80b0980535331f49476fe379b4425e248,仿真文件(1).zip!/仿真文件/Study2_3D_Difficult.zip!/Study2_3D_Difficult/R12_F07_C15_S1073283950/SCP-ALM/p1_summary.csv
R12,3,120,SCP-LR,p1_norho,3d_R12_p1_norho,-50697.435320686884,-21717.21736997035,28980.217950716535,1.3344351376612897,133.44351376612897,1800.7957224999554,0.0,OUTER_TIME_LIMIT_NO_0P1_CHECKPOINT,"source field, unchanged",total_time_sec,1800.0,outer_time_limit,nan,nan,nan,nan,results/source_summaries/3d/R12/SCP_LR.csv,1,configs/3d/R12/p1_norho.json,2840ecf807410911517573f209eec7b80b0980535331f49476fe379b4425e248,仿真文件(1).zip!/仿真文件/Study2_3D_Difficult.zip!/Study2_3D_Difficult/R12_F07_C15_S1073283950/SCP-LR/p1_norho_summary.csv
R13,3,120,Gurobi,gurobi,3d_R13_gurobi,-26613.267000137002,-25965.93286516119,,0.024930132044065637,2.4930132044065636,1800.1630001068115,9.67865575907112e-07,TIME_LIMIT,UB-LB; not an independent source CSV field,runtime,1800.0,baseline_time_limit,nan,nan,nan,nan,results/source_summaries/3d/R13/Gurobi.csv,1,configs/3d/R13/gurobi.json,28dff04b5e727d0675a996376b26837eac3e49ee332a0f8480c0e09bf80b88dc,仿真文件(1).zip!/仿真文件/Study2_3D_Difficult.zip!/Study2_3D_Difficult/R13_F10_C12_S291885126/Gurobi/gurobi_summary.csv
R13,3,120,RD-ALM,p2,3d_R13_p2,-27207.216459375893,-26003.82892928044,1203.3875300954533,0.04627732067335795,4.627732067335795,1799.9032030000817,0.0,OUTER_TIME_LIMIT,"source field, unchanged",p2_certified_total_time_sec,1800.0,outer_time_limit,,,,,results/source_summaries/3d/R13/RD_ALM.csv,1,configs/3d/R13/p2.json,28dff04b5e727d0675a996376b26837eac3e49ee332a0f8480c0e09bf80b88dc,仿真文件(1).zip!/仿真文件/Study2_3D_Difficult.zip!/Study2_3D_Difficult/R13_F10_C12_S291885126/RD-ALM/p2_summary.csv
R13,3,120,SCP-ALM,p1,3d_R13_p1,-26029.677273981277,-26009.001839006378,20.675434974898963,0.0007949338118732213,0.07949338118732213,1790.069076600019,0.0,OUTER_TIME_LIMIT_AFTER_0P1_CHECKPOINT,"source field, unchanged",total_time_sec,1800.0,outer_time_limit,1718.3989715999924,0.0007949338118732213,nan,nan,results/source_summaries/3d/R13/SCP_ALM.csv,1,configs/3d/R13/p1.json,28dff04b5e727d0675a996376b26837eac3e49ee332a0f8480c0e09bf80b88dc,仿真文件(1).zip!/仿真文件/Study2_3D_Difficult.zip!/Study2_3D_Difficult/R13_F10_C12_S291885126/SCP-ALM/p1_summary.csv
R13,3,120,SCP-LR,p1_norho,3d_R13_p1_norho,-59410.2734484587,-25965.932865161194,33444.340583297504,1.2880084361679214,128.80084361679215,1790.6039659000235,0.0,OUTER_TIME_LIMIT_NO_0P1_CHECKPOINT,"source field, unchanged",total_time_sec,1800.0,outer_time_limit,nan,nan,nan,nan,results/source_summaries/3d/R13/SCP_LR.csv,1,configs/3d/R13/p1_norho.json,28dff04b5e727d0675a996376b26837eac3e49ee332a0f8480c0e09bf80b88dc,仿真文件(1).zip!/仿真文件/Study2_3D_Difficult.zip!/Study2_3D_Difficult/R13_F10_C12_S291885126/SCP-LR/p1_norho_summary.csv
R14,3,120,Gurobi,gurobi,3d_R14_gurobi,-24457.557591244593,-23867.72589902876,,0.024712521616474387,2.4712521616474388,1800.1050000190735,2.2621992545879266e-07,TIME_LIMIT,UB-LB; not an independent source CSV field,runtime,1800.0,baseline_time_limit,nan,nan,nan,nan,results/source_summaries/3d/R14/Gurobi.csv,1,configs/3d/R14/gurobi.json,28408a042887297cc8013e16051c1e98badb5b7f2299dea1c84d4efe8d67dcb4,仿真文件(1).zip!/仿真文件/Study2_3D_Difficult.zip!/Study2_3D_Difficult/R14_F02_C18_S590492220/Gurobi/gurobi_summary.csv
R14,3,120,RD-ALM,p2,3d_R14_p2,-25014.977659051045,-23867.72589902876,1147.2517600222855,0.04806707454558837,4.806707454558837,1799.9025997999124,0.0,OUTER_TIME_LIMIT,"source field, unchanged",p2_certified_total_time_sec,1800.0,outer_time_limit,,,,,results/source_summaries/3d/R14/RD_ALM.csv,1,configs/3d/R14/p2.json,28408a042887297cc8013e16051c1e98badb5b7f2299dea1c84d4efe8d67dcb4,仿真文件(1).zip!/仿真文件/Study2_3D_Difficult.zip!/Study2_3D_Difficult/R14_F02_C18_S590492220/RD-ALM/p2_summary.csv
R14,3,120,SCP-ALM,p1,3d_R14_p1,-23902.24004869684,-23867.72589902876,34.51414966808079,0.0014460594115288236,0.14460594115288236,1752.3218868999975,0.0,OUTER_TIME_LIMIT_NO_0P1_CHECKPOINT,"source field, unchanged",total_time_sec,1800.0,outer_time_limit,nan,nan,nan,nan,results/source_summaries/3d/R14/SCP_ALM.csv,1,configs/3d/R14/p1.json,28408a042887297cc8013e16051c1e98badb5b7f2299dea1c84d4efe8d67dcb4,仿真文件(1).zip!/仿真文件/Study2_3D_Difficult.zip!/Study2_3D_Difficult/R14_F02_C18_S590492220/SCP-ALM/p1_summary.csv
R14,3,120,SCP-LR,p1_norho,3d_R14_p1_norho,-52269.52879375721,-23867.72589902876,28401.802894728447,1.1899668621502055,118.99668621502056,1776.7069790000096,0.0,OUTER_TIME_LIMIT_NO_0P1_CHECKPOINT,"source field, unchanged",total_time_sec,1800.0,outer_time_limit,nan,nan,nan,nan,results/source_summaries/3d/R14/SCP_LR.csv,1,configs/3d/R14/p1_norho.json,28408a042887297cc8013e16051c1e98badb5b7f2299dea1c84d4efe8d67dcb4,仿真文件(1).zip!/仿真文件/Study2_3D_Difficult.zip!/Study2_3D_Difficult/R14_F02_C18_S590492220/SCP-LR/p1_norho_summary.csv
R15,3,120,Gurobi,gurobi,3d_R15_gurobi,-30901.85820972288,-30150.732514735962,,0.024912353111812762,2.4912353111812764,1800.037999868393,8.333316259268031e-10,TIME_LIMIT,UB-LB; not an independent source CSV field,runtime,1800.0,baseline_time_limit,nan,nan,nan,nan,results/source_summaries/3d/R15/Gurobi.csv,1,configs/3d/R15/gurobi.json,6bd3673363ea44ca169950040c2e1701717bd8d879996049516f15d20e0a117f,仿真文件(1).zip!/仿真文件/Study2_3D_Difficult.zip!/Study2_3D_Difficult/R15_F01_C29_S266112162/Gurobi/gurobi_summary.csv
R15,3,120,RD-ALM,p2,3d_R15_p2,-32220.674872981224,-30150.732507064615,2069.9423659166096,0.06865313688254843,6.865313688254843,1799.9023134999443,0.0,OUTER_TIME_LIMIT,"source field, unchanged",p2_certified_total_time_sec,1800.0,outer_time_limit,,,,,results/source_summaries/3d/R15/RD_ALM.csv,1,configs/3d/R15/p2.json,6bd3673363ea44ca169950040c2e1701717bd8d879996049516f15d20e0a117f,仿真文件(1).zip!/仿真文件/Study2_3D_Difficult.zip!/Study2_3D_Difficult/R15_F01_C29_S266112162/RD-ALM/p2_summary.csv
R15,3,120,SCP-ALM,p1,3d_R15_p1,-30439.047991179395,-30150.732507064615,288.3154841147807,0.009562470299758903,0.9562470299758904,1770.8488779999316,0.0,OUTER_TIME_LIMIT_NO_0P1_CHECKPOINT,"source field, unchanged",total_time_sec,1800.0,outer_time_limit,nan,nan,nan,nan,results/source_summaries/3d/R15/SCP_ALM.csv,1,configs/3d/R15/p1.json,6bd3673363ea44ca169950040c2e1701717bd8d879996049516f15d20e0a117f,仿真文件(1).zip!/仿真文件/Study2_3D_Difficult.zip!/Study2_3D_Difficult/R15_F01_C29_S266112162/SCP-ALM/p1_summary.csv
R15,3,120,SCP-LR,p1_norho,3d_R15_p1_norho,-49747.79075542815,-29077.5990787446,20670.19167668355,0.7108630812573941,71.08630812573941,1794.1405767999822,0.0,OUTER_TIME_LIMIT_NO_0P1_CHECKPOINT,"source field, unchanged",total_time_sec,1800.0,outer_time_limit,nan,nan,nan,nan,results/source_summaries/3d/R15/SCP_LR.csv,1,configs/3d/R15/p1_norho.json,6bd3673363ea44ca169950040c2e1701717bd8d879996049516f15d20e0a117f,仿真文件(1).zip!/仿真文件/Study2_3D_Difficult.zip!/Study2_3D_Difficult/R15_F01_C29_S266112162/SCP-LR/p1_norho_summary.csv
R16,3,120,Gurobi,gurobi,3d_R16_gurobi,-23651.80336451183,-23108.948816037562,,0.0234910965788945,2.34910965788945,1800.457999944687,8.5294117613266e-07,TIME_LIMIT,UB-LB; not an independent source CSV field,runtime,1800.0,baseline_time_limit,nan,nan,nan,nan,results/source_summaries/3d/R16/Gurobi.csv,1,configs/3d/R16/gurobi.json,f58d8ed77597bad6a33e77ed6c8124a870a46d339f196496047b2784bc2d3fd7,仿真文件(1).zip!/仿真文件/Study2_3D_Difficult.zip!/Study2_3D_Difficult/R16_F07_C19_S255728784/Gurobi/gurobi_summary.csv
R16,3,120,RD-ALM,p2,3d_R16_p2,-23907.52756898742,-23108.948816037573,798.5787529498484,0.03455712154226747,3.455712154226747,1799.902480400051,0.0,OUTER_TIME_LIMIT,"source field, unchanged",p2_certified_total_time_sec,1800.0,outer_time_limit,,,,,results/source_summaries/3d/R16/RD_ALM.csv,1,configs/3d/R16/p2.json,f58d8ed77597bad6a33e77ed6c8124a870a46d339f196496047b2784bc2d3fd7,仿真文件(1).zip!/仿真文件/Study2_3D_Difficult.zip!/Study2_3D_Difficult/R16_F07_C19_S255728784/RD-ALM/p2_summary.csv
R16,3,120,SCP-ALM,p1,3d_R16_p1,-23112.788305774335,-23108.948816037573,3.8394897367616068,0.00016614731233888957,0.016614731233888957,835.7748794000363,0.0,HISTORICAL_AUDITED_CERT_TARGET_0P05,"source field, unchanged",total_time_sec,1800.0,outer_time_limit,697.5015039000427,0.0009846461940075,823.542307500029,0.00016614731233888957,results/source_summaries/3d/R16/SCP_ALM.csv,1,configs/3d/R16/p1.json,f58d8ed77597bad6a33e77ed6c8124a870a46d339f196496047b2784bc2d3fd7,仿真文件(1).zip!/仿真文件/Study2_3D_Difficult.zip!/Study2_3D_Difficult/R16_F07_C19_S255728784/SCP-ALM/p1_summary.csv
R16,3,120,SCP-LR,p1_norho,3d_R16_p1_norho,-49781.03188804654,-23108.948816037573,26672.08307200897,1.154188504390065,115.4188504390065,1792.8835093999514,0.0,OUTER_TIME_LIMIT_NO_0P1_CHECKPOINT,"source field, unchanged",total_time_sec,1800.0,outer_time_limit,nan,nan,nan,nan,results/source_summaries/3d/R16/SCP_LR.csv,1,configs/3d/R16/p1_norho.json,f58d8ed77597bad6a33e77ed6c8124a870a46d339f196496047b2784bc2d3fd7,仿真文件(1).zip!/仿真文件/Study2_3D_Difficult.zip!/Study2_3D_Difficult/R16_F07_C19_S255728784/SCP-LR/p1_norho_summary.csv
R17,3,120,Gurobi,gurobi,3d_R17_gurobi,-22811.899236536698,-22638.804658282508,,0.00764592392871158,0.764592392871158,1800.0440001487732,0.0,TIME_LIMIT,UB-LB; not an independent source CSV field,runtime,1800.0,baseline_time_limit,nan,nan,nan,nan,results/source_summaries/3d/R17/Gurobi.csv,1,configs/3d/R17/gurobi.json,c58fd67d0407c0d7ed9f16f50bec77649689cae91fe8ac8c22f43650052e85c5,仿真文件(1).zip!/仿真文件/Study2_3D_Difficult.zip!/Study2_3D_Difficult/R17_F06_C39_S1606396927/Gurobi/gurobi_summary.csv
R17,3,120,RD-ALM,p2,3d_R17_p2,-23194.67914581028,-22638.804658282508,555.8744875277735,0.024554056449460297,2.4554056449460298,1799.9047746999422,0.0,OUTER_TIME_LIMIT,"source field, unchanged",p2_certified_total_time_sec,1800.0,outer_time_limit,,,,,results/source_summaries/3d/R17/RD_ALM.csv,1,configs/3d/R17/p2.json,c58fd67d0407c0d7ed9f16f50bec77649689cae91fe8ac8c22f43650052e85c5,仿真文件(1).zip!/仿真文件/Study2_3D_Difficult.zip!/Study2_3D_Difficult/R17_F06_C39_S1606396927/RD-ALM/p2_summary.csv
R17,3,120,SCP-ALM,p1,3d_R17_p1,-22645.051215484476,-22638.804658282508,6.246557201968244,0.0002759225717194796,0.02759225717194796,1353.52949919994,0.0,HISTORICAL_AUDITED_CERT_TARGET_0P05,"source field, unchanged",total_time_sec,1800.0,outer_time_limit,1322.9380745999515,0.0009192503514122743,1353.5203490999993,0.0002759225717194796,results/source_summaries/3d/R17/SCP_ALM.csv,1,configs/3d/R17/p1.json,c58fd67d0407c0d7ed9f16f50bec77649689cae91fe8ac8c22f43650052e85c5,仿真文件(1).zip!/仿真文件/Study2_3D_Difficult.zip!/Study2_3D_Difficult/R17_F06_C39_S1606396927/SCP-ALM/p1_summary.csv
R17,3,120,SCP-LR,p1_norho,3d_R17_p1_norho,-50553.97448629564,-22434.849597206427,28119.124889089217,1.2533681033721122,125.33681033721122,1800.6833597000223,0.0,OUTER_TIME_LIMIT_NO_0P1_CHECKPOINT,"source field, unchanged",total_time_sec,1800.0,outer_time_limit,nan,nan,nan,nan,results/source_summaries/3d/R17/SCP_LR.csv,1,configs/3d/R17/p1_norho.json,c58fd67d0407c0d7ed9f16f50bec77649689cae91fe8ac8c22f43650052e85c5,仿真文件(1).zip!/仿真文件/Study2_3D_Difficult.zip!/Study2_3D_Difficult/R17_F06_C39_S1606396927/SCP-LR/p1_norho_summary.csv
R18,3,120,Gurobi,gurobi,3d_R18_gurobi,-24761.026018617053,-24203.570308559647,,0.023031961935808296,2.3031961935808294,1800.0590000152588,4.4882457927997166e-07,TIME_LIMIT,UB-LB; not an independent source CSV field,runtime,1800.0,baseline_time_limit,nan,nan,nan,nan,results/source_summaries/3d/R18/Gurobi.csv,1,configs/3d/R18/gurobi.json,089f186c53630c4ef5c2215f114559f4e17dd63f14fc45e3e86d848122dc4ff4,仿真文件(1).zip!/仿真文件/Study2_3D_Difficult.zip!/Study2_3D_Difficult/R18_F08_C08_S1693395944/Gurobi/gurobi_summary.csv
R18,3,120,RD-ALM,p2,3d_R18_p2,-25529.134061713834,-24203.57029649309,1325.5637652207442,0.05476728222252435,5.476728222252435,1799.9038801999995,0.0,OUTER_TIME_LIMIT,"source field, unchanged",p2_certified_total_time_sec,1800.0,outer_time_limit,,,,,results/source_summaries/3d/R18/RD_ALM.csv,1,configs/3d/R18/p2.json,089f186c53630c4ef5c2215f114559f4e17dd63f14fc45e3e86d848122dc4ff4,仿真文件(1).zip!/仿真文件/Study2_3D_Difficult.zip!/Study2_3D_Difficult/R18_F08_C08_S1693395944/RD-ALM/p2_summary.csv
R18,3,120,SCP-ALM,p1,3d_R18_p1,-24214.797773149254,-24203.57029649309,11.227476656164072,0.0004638768792631741,0.04638768792631741,1020.8071758999722,0.0,HISTORICAL_AUDITED_CERT_TARGET_0P05,"source field, unchanged",total_time_sec,1800.0,outer_time_limit,1020.7991025999654,0.0004638768792631741,1020.7991025999654,0.0004638768792631741,results/source_summaries/3d/R18/SCP_ALM.csv,1,configs/3d/R18/p1.json,089f186c53630c4ef5c2215f114559f4e17dd63f14fc45e3e86d848122dc4ff4,仿真文件(1).zip!/仿真文件/Study2_3D_Difficult.zip!/Study2_3D_Difficult/R18_F08_C08_S1693395944/SCP-ALM/p1_summary.csv
R18,3,120,SCP-LR,p1_norho,3d_R18_p1_norho,-50413.12664293174,-24203.57029649309,26209.55634643865,1.082879758042813,108.28797580428129,1792.2655227999203,0.0,OUTER_TIME_LIMIT_NO_0P1_CHECKPOINT,"source field, unchanged",total_time_sec,1800.0,outer_time_limit,nan,nan,nan,nan,results/source_summaries/3d/R18/SCP_LR.csv,1,configs/3d/R18/p1_norho.json,089f186c53630c4ef5c2215f114559f4e17dd63f14fc45e3e86d848122dc4ff4,仿真文件(1).zip!/仿真文件/Study2_3D_Difficult.zip!/Study2_3D_Difficult/R18_F08_C08_S1693395944/SCP-LR/p1_norho_summary.csv
R19,3,120,Gurobi,gurobi,3d_R19_gurobi,-22170.505951265917,-21724.131126514712,,0.020547419003855854,2.0547419003855856,1800.0639998912811,0.0,TIME_LIMIT,UB-LB; not an independent source CSV field,runtime,1800.0,baseline_time_limit,nan,nan,nan,nan,results/source_summaries/3d/R19/Gurobi.csv,1,configs/3d/R19/gurobi.json,506a6c97547fc8d789fa79160ec51e767637a8f321ddfb58085b3d542ada7d99,仿真文件(1).zip!/仿真文件/Study2_3D_Difficult.zip!/Study2_3D_Difficult/R19_F03_C28_S1260140335/Gurobi/gurobi_summary.csv
R19,3,120,RD-ALM,p2,3d_R19_p2,-22194.441206185053,-21410.840033315006,783.6011728700469,0.03659833858226828,3.659833858226828,1799.9407553999918,0.0,OUTER_TIME_LIMIT,"source field, unchanged",p2_certified_total_time_sec,1800.0,outer_time_limit,,,,,results/source_summaries/3d/R19/RD_ALM.csv,1,configs/3d/R19/p2.json,506a6c97547fc8d789fa79160ec51e767637a8f321ddfb58085b3d542ada7d99,仿真文件(1).zip!/仿真文件/Study2_3D_Difficult.zip!/Study2_3D_Difficult/R19_F03_C28_S1260140335/RD-ALM/p2_summary.csv
R19,3,120,SCP-ALM,p1,3d_R19_p1,-21725.321035685636,-21724.13112651472,1.1899091709165077,5.477361391288053e-05,0.005477361391288053,771.2794906999916,0.0,HISTORICAL_AUDITED_CERT_TARGET_0P05,"source field, unchanged",total_time_sec,1800.0,outer_time_limit,771.2711539000738,5.477361391288053e-05,771.2711539000738,5.477361391288053e-05,results/source_summaries/3d/R19/SCP_ALM.csv,1,configs/3d/R19/p1.json,506a6c97547fc8d789fa79160ec51e767637a8f321ddfb58085b3d542ada7d99,仿真文件(1).zip!/仿真文件/Study2_3D_Difficult.zip!/Study2_3D_Difficult/R19_F03_C28_S1260140335/SCP-ALM/p1_summary.csv
R19,3,120,SCP-LR,p1_norho,3d_R19_p1_norho,-47036.80371157194,-21410.840033315006,25625.963678256936,1.1968686720550548,119.68686720550548,1797.4737457999727,0.0,OUTER_TIME_LIMIT_NO_0P1_CHECKPOINT,"source field, unchanged",total_time_sec,1800.0,outer_time_limit,nan,nan,nan,nan,results/source_summaries/3d/R19/SCP_LR.csv,1,configs/3d/R19/p1_norho.json,506a6c97547fc8d789fa79160ec51e767637a8f321ddfb58085b3d542ada7d99,仿真文件(1).zip!/仿真文件/Study2_3D_Difficult.zip!/Study2_3D_Difficult/R19_F03_C28_S1260140335/SCP-LR/p1_norho_summary.csv
R20,3,120,Gurobi,gurobi,3d_R20_gurobi,-27834.88243306951,-27266.64412182145,,0.020840053095984044,2.0840053095984046,1800.037999868393,0.0,TIME_LIMIT,UB-LB; not an independent source CSV field,runtime,1800.0,baseline_time_limit,nan,nan,nan,nan,results/source_summaries/3d/R20/Gurobi.csv,1,configs/3d/R20/gurobi.json,48ae9c4c3fb45b4191c110e16cc2de398b58854700e8ffb921716c9926fb544c,仿真文件(1).zip!/仿真文件/Study2_3D_Difficult.zip!/Study2_3D_Difficult/R20_F01_C24_S1155653964/Gurobi/gurobi_summary.csv
R20,3,120,RD-ALM,p2,3d_R20_p2,-28936.032065326424,-27266.644121821442,1669.387943504982,0.061224547327735655,6.122454732773566,1799.9037745000096,0.0,OUTER_TIME_LIMIT,"source field, unchanged",p2_certified_total_time_sec,1800.0,outer_time_limit,,,,,results/source_summaries/3d/R20/RD_ALM.csv,1,configs/3d/R20/p2.json,48ae9c4c3fb45b4191c110e16cc2de398b58854700e8ffb921716c9926fb544c,仿真文件(1).zip!/仿真文件/Study2_3D_Difficult.zip!/Study2_3D_Difficult/R20_F01_C24_S1155653964/RD-ALM/p2_summary.csv
R20,3,120,SCP-ALM,p1,3d_R20_p1,-27449.824011576336,-27266.644121821442,183.17988975489425,0.006718094421025422,0.6718094421025422,1786.8985704000806,0.0,OUTER_TIME_LIMIT_NO_0P1_CHECKPOINT,"source field, unchanged",total_time_sec,1800.0,outer_time_limit,nan,nan,nan,nan,results/source_summaries/3d/R20/SCP_ALM.csv,1,configs/3d/R20/p1.json,48ae9c4c3fb45b4191c110e16cc2de398b58854700e8ffb921716c9926fb544c,仿真文件(1).zip!/仿真文件/Study2_3D_Difficult.zip!/Study2_3D_Difficult/R20_F01_C24_S1155653964/SCP-ALM/p1_summary.csv
R20,3,120,SCP-LR,p1_norho,3d_R20_p1_norho,-60357.74299170577,-27163.02032137557,33194.7226703302,1.2220556579346247,122.20556579346247,1798.6745807001134,0.0,OUTER_TIME_LIMIT_NO_0P1_CHECKPOINT,"source field, unchanged",total_time_sec,1800.0,outer_time_limit,nan,nan,nan,nan,results/source_summaries/3d/R20/SCP_LR.csv,1,configs/3d/R20/p1_norho.json,48ae9c4c3fb45b4191c110e16cc2de398b58854700e8ffb921716c9926fb544c,仿真文件(1).zip!/仿真文件/Study2_3D_Difficult.zip!/Study2_3D_Difficult/R20_F01_C24_S1155653964/SCP-LR/p1_norho_summary.csv
